matched_depth,A07-P,A07-H,R09,Mc15,Mc18
20,-0.030331766,0.166378529,0.118282528,0.35476238,-0.330022004
20,-0.036041673,0.160656275,0.123724999,0.352157359,-0.307213374
