matched_depth,A07-P,A07-H,R09,Mc15,Mc18
28,0.140241916,0.336956244,0.207946496,0.47643582,-0.312759166
