matched_depth,Mc18
18,0.142240258
18,0.240214118
20,-0.245154339
22,-0.181541645
23,-0.305313823
23,0.107311502
24,0.017965793
24,0.121100296
24,0.134146544
24,-0.023123457
