File Key,,Start Depth,End Depth,Depth,Measured Vs,Qc,Fs,u,Ic,Subset_Region,Subset_Geology,Andrus-H Vs,Andrus-P Vs,Rob Vs,Mc15 Vs,Mc18 Vs,A07-H,A07-P,R09,Mc15,Mc18
SCPT,36413,0,2,1,45,1.582836792,0.037063999,0.003795899,2.726251456,2,1,106.9696527,130.223925,241.0124841,66.73846794,163.8468879,-0.865882685,-1.062592979,-1.678186244,-0.394119028,-1.292269892
SCPT,36413,2,3,2.5,129,3.285239137,0.030333482,0.015581282,2.285495108,2,1,140.5027554,171.0468327,194.747874,100.9289921,215.7594878,-0.085414696,-0.28212499,-0.411893364,0.245395184,-0.5143519
SCPT,36413,3,4,3.5,134,4.949160669,0.037161286,0.004369213,2.085292627,2,1,158.4163124,192.8546412,197.2397657,119.6701357,242.1499659,-0.167386657,-0.364096951,-0.386580273,0.113100712,-0.591717428
SCPT,36413,4,5,4.5,135,9.286421185,0.060446858,0.012688281,1.822238512,2,1,185.3105372,225.5954365,216.5737344,146.347679,276.2716683,-0.316758219,-0.513468513,-0.472656286,-0.080710376,-0.716109909
SCPT,36413,5,6,5.5,168,9.662297303,0.058466165,0.024026186,1.790809301,2,1,189.9423765,231.2341975,214.3796905,155.2303596,289.5389863,-0.122756765,-0.319467059,-0.243784718,0.079053775,-0.544325976
SCPT,36413,6,7,6.5,181,8.248486723,0.067421922,0.037311047,1.904154839,2,1,192.6230283,234.4975997,216.6536057,160.8558631,307.357378,-0.062238026,-0.258948321,-0.17980276,0.117988327,-0.529514137
SCPT,36413,7,8,7.5,172,13.24094598,0.119013266,0.040342554,1.786264912,2,1,223.0402992,271.5273207,248.4367157,187.8564418,344.3486529,-0.259857992,-0.456568286,-0.367693671,-0.088183587,-0.694160193
SCPT,36413,8,9,8.5,236,11.78656269,0.108923626,0.039743211,1.833122748,2,1,221.5167414,269.6725548,240.4758589,189.8836182,351.0698018,0.063333636,-0.133376658,-0.018787901,0.217420456,-0.397153264
SCPT,36413,9,10,9.5,223,13.70226267,0.128027974,0.026495672,1.787206654,2,1,232.942581,283.5822726,250.7126304,202.8493474,369.1772873,-0.043620218,-0.240330513,-0.117135613,0.094708199,-0.504105211
SCPT,36413,10,11,10.5,305,21.05534713,0.214071779,0.044623529,1.679356355,2,1,264.0470062,321.4485293,289.3651522,231.5599381,406.1109665,0.144184635,-0.052525659,0.052622384,0.275473025,-0.286314662
SCPT,36413,11,12,11.5,254,16.3758133,0.155001617,0.060145109,1.73464758,2,1,249.0209376,303.1559241,262.8711628,222.9959109,397.7502825,0.019797287,-0.176913007,-0.03432977,0.130180832,-0.44849011
SCPT,36413,12,13,12.5,241,15.2431448,0.142689848,0.090289709,1.753642357,2,1,246.9879162,300.6809415,255.2644139,224.338583,401.6747552,-0.02454248,-0.221252774,-0.057502992,0.071640491,-0.510845761
SCPT,36413,13,14,13.5,281,27.96560703,0.306265701,0.070007832,1.62335852,2,1,295.433624,359.6583249,320.4378138,266.4913175,454.3671078,-0.05008952,-0.246799814,-0.131333559,0.053013006,-0.480550809
SCPT,36413,14,15,14.5,320,23.94063753,0.243653406,0.051655224,1.642345971,2,1,283.3172491,344.9079554,298.548105,260.8265884,448.5905427,0.121753705,-0.07495659,0.06938992,0.204465222,-0.337789544
SCPT,36413,15,16,15.5,282,20.6386026,0.200026457,0.077771084,1.670321264,2,1,273.5521761,333.0200405,280.391781,255.8664346,444.1857509,0.030414695,-0.166295599,0.005719228,0.097251503,-0.454335762
SCPT,36413,16,17,16.5,188,23.64676726,0.242472616,0.082640595,1.648264254,2,1,287.4046588,349.8839324,295.644012,269.7801699,463.1678875,-0.424449221,-0.621159515,-0.452714106,-0.361165479,-0.901647634
SCPT,36413,17,18,17.5,266,28.8823864,0.29303758,0.069661331,1.588634343,2,1,302.9834687,368.8494401,315.8294782,286.7158981,482.5498123,-0.130181936,-0.326892231,-0.171706133,-0.074995515,-0.595587845
SCPT,36413,18,19,18.5,329,19.41482318,0.195572453,0.079371468,1.696960208,2,1,276.9007045,337.0965099,272.4768123,265.9173172,462.9595153,0.172398776,-0.024311518,0.188504233,0.212872328,-0.341581859
SCPT,36413,19,20,19.5,168,14.17916723,0.163211314,0.074267664,1.826365045,2,1,263.2218373,320.4439758,247.4411179,254.0564317,457.2000021,-0.449033185,-0.645743479,-0.387208667,-0.413592435,-1.001156957
SCPT,36413,20,21,20.5,307,23.01638563,0.241168769,0.120492179,1.66311648,2,1,294.4741392,358.4902564,288.9937828,285.3247354,488.8812759,0.041656561,-0.155053733,0.060442573,0.073219794,-0.465271923
SCPT,36413,21,22,21.5,373,22.76989394,0.231950831,0.12953358,1.657073527,2,1,293.9716198,357.8784937,285.1865627,287.7482441,492.269271,0.238095188,0.041384894,0.268434847,0.259492474,-0.277447446
SCPT,36413,22,23,22.5,161,21.74492003,0.232823821,0.153219023,1.68604571,2,1,294.897847,359.0060746,281.1741194,289.5725757,498.0384843,-0.60522465,-0.801934944,-0.557569755,-0.587001594,-1.129272987
SCPT,36413,23,24,23.5,280,29.79185494,0.302391501,0.122472875,1.579813771,2,1,316.4837338,385.2845455,312.4045879,313.4172557,522.1725096,-0.122482243,-0.319192537,-0.109509501,-0.112745785,-0.623208408
SCPT,36413,24,25,24.5,343,22.67594781,0.210424453,0.136134208,1.625145856,2,1,293.0189732,356.71875,276.7617249,295.8121621,502.3944591,0.157493085,-0.039217209,0.21457351,0.148005782,-0.381655139
SCPT,36413,25,26,25.5,256,25.31228393,0.225817648,0.107730673,1.583273303,2,1,300.3647071,365.6613826,285.4033472,305.6820063,512.6023097,-0.159819982,-0.356530276,-0.108725989,-0.177367922,-0.694322875
SCPT,36413,26,27,26.5,310,21.07700383,0.185535472,0.163421412,1.633924549,2,1,288.8474461,351.6403691,264.4466407,296.0608145,503.8788549,0.070673617,-0.126036677,0.158932803,0.04600741,-0.485763574
SCPT,36413,27,28,27.5,207,15.31181201,0.141510592,0.208329042,1.747651971,2,1,271.8254879,330.9179852,234.4446733,279.3218909,489.8652527,-0.272441478,-0.469151773,-0.124500832,-0.299646054,-0.861411566
SCPT,36413,28,29,28.5,283,21.49659415,0.166990829,0.22879461,1.587575721,2,1,286.0716569,348.2611476,259.4290325,300.3331152,506.3367462,-0.010795431,-0.207505725,0.08696371,-0.059445345,-0.581755057
SCPT,14543,0,4,2,172.92,1.704638296,0.021389546,0,2.592940232,2,3,118.3819124,144.1171107,210.6645847,83.81382132,193.8633849,0.378913116,0.182202822,-0.197438163,0.724231134,-0.11432465
SCPT,14543,4,6,5,222.43,1.347486843,0.004507497,0.049640876,2.502260197,2,3,116.2716069,141.5480431,141.4687918,91.83325627,199.2530027,0.648683553,0.451973258,0.452533305,0.884637945,0.110037058
SCPT,14543,6,8,7,323.3,1.332584305,0.005257772,0.263681835,2.497986771,2,3,118.271942,143.9832337,130.6246794,102.0823622,221.5452088,1.005594119,0.808883824,0.906252516,1.152800724,0.377954013
SCPT,14543,8,10,9,283.94,1.705515267,0.012015994,0.713016362,2.481583652,2,3,131.9162906,160.5937451,137.8925572,121.540327,263.4620348,0.766595389,0.569885095,0.722288137,0.848516831,0.074853671
SCPT,14543,10,12,11,265.38,2.399266617,0.035040448,0.076885326,2.508996376,2,3,160.9633033,195.9553257,167.9374248,147.5634384,319.4381802,0.499986352,0.303276058,0.457571323,0.586904587,-0.185401005
SCPT,14543,12,14,13,436.7,2.158457099,0.029106622,0.571503641,2.535119229,2,3,156.7003114,190.7655965,151.8181269,149.9373009,325.0766366,1.024911324,0.82820103,1.056563189,1.069029248,0.295185501
SCPT,14543,14,16,15,403.05,3.631383111,0.075773321,0.713202199,2.452209964,2,3,190.6303049,232.0716755,185.6579516,182.0753892,383.2106976,0.748724648,0.552014354,0.775154613,0.794639796,0.050475662
SCPT,14543,16,18,17,934.36,3.172581224,0.048574407,0.649578627,2.418726415,2,3,181.1640026,220.5474814,163.0912561,178.2038436,372.9740452,1.64045909,1.443748796,1.745551906,1.656933719,0.91835297
SCPT,140250,0,2,1,82.5,1.691443152,0.032758819,0.003410175,2.696277292,7,2,108.7273304,132.3637066,239.8456373,66.6923008,161.3170789,-0.276044899,-0.472755193,-1.067197245,0.212708777,-0.670573569
SCPT,140250,2,3,2.5,139.1,2.758223422,0.019304112,0.0390177,2.28579337,7,2,131.1555907,159.6676756,180.2393616,94.7960663,203.1854222,0.058808766,-0.137901529,-0.259092655,0.383465185,-0.378925873
SCPT,140250,3,4,3.5,202.3,1.964102445,0.012898343,0.01021035,2.406701274,7,2,125.3297997,152.5754084,162.511079,95.95015012,209.5906505,0.478803084,0.282092789,0.219005566,0.745922957,-0.035404601
SCPT,140250,4,5,4.5,392.8,1.240824298,0.011771603,0.057351747,2.651381299,7,2,116.1030813,141.3428816,147.8493066,95.61703865,220.0380413,1.218822148,1.022111854,0.97710702,1.412949544,0.57950013
SCPT,140250,5,6,5.5,367.5,2.007127813,0.027916412,0.98782139,2.561848607,7,2,135.7742164,165.2903504,165.4367015,116.4257797,259.9684584,0.995729986,0.799019692,0.798134665,1.149469333,0.346163009
SCPT,140250,6,7,6.5,318,2.48474414,0.044461408,1.096867362,2.550424156,7,2,150.8122346,183.597503,179.2655902,130.7349404,288.5899669,0.746015799,0.549305505,0.573182932,0.888879465,0.097044502
SCPT,140250,7,8,7.5,277.3,1.901602736,0.020337016,0.954045619,2.524801231,7,2,136.215659,165.8277588,147.7017868,122.6807517,269.7811585,0.710860595,0.514150301,0.629904666,0.815514486,0.027488846
SCPT,140250,8,9,8.5,235.2,1.408802878,0.011837427,0.923592713,2.597467726,7,2,124.401879,151.4457657,125.9488147,116.3165204,258.9788382,0.636918932,0.440208637,0.624560624,0.704121117,-0.096310136
SCPT,140250,9,10,9.5,265.7,1.737873791,0.032910858,0.747643199,2.711737271,7,2,144.6885554,176.1425892,153.4079259,134.60804,304.7216489,0.607784314,0.41107402,0.549267297,0.680000705,-0.137030881
SCPT,140250,10,11,10.5,249.3,2.261267594,0.104126973,0.311361742,2.834377217,7,2,172.6910947,210.232637,192.3991881,158.1784217,363.7345346,0.367152572,0.170442278,0.259084672,0.454933344,-0.37776731
SCPT,140250,11,12,11.5,282.6,3.725110609,0.19437674,0.062049806,2.711026144,7,2,208.8408635,254.2410512,233.0704348,183.592652,405.164955,0.302459927,0.105749633,0.192691767,0.431313015,-0.36026181
SCPT,140250,12,13,12.5,296.9,4.08568683,0.190249854,0.075964392,2.64648633,7,2,214.1304122,260.6805018,229.634963,190.0783699,412.9373922,0.32681015,0.130099855,0.256904451,0.445958922,-0.329900607
SCPT,140250,13,14,13.5,309,5.38943459,0.261998894,0.079492334,2.578145249,7,2,235.4127089,286.5893848,248.9931436,207.5315283,439.8467906,0.272001095,0.075290801,0.215915917,0.398058005,-0.353085186
SCPT,140250,14,15,14.5,390.6,5.317766111,0.31303706,0.073614418,2.645701738,7,2,241.8755696,294.4572152,252.3058256,214.434006,458.3127408,0.4792606,0.282550305,0.437042073,0.599681992,-0.159867773
SCPT,140250,15,16,15.5,325.2,6.738664365,0.303571184,0.053111495,2.498200693,7,2,254.0339243,309.2586904,256.8853769,225.4505786,465.0717265,0.246972559,0.050262265,0.235810397,0.366339407,-0.357751267
SCPT,140250,16,17,16.5,455.8,6.774957311,0.404888973,0.042498155,2.588524712,7,2,264.9628454,322.5634639,266.0632143,235.1361012,490.5336008,0.542464507,0.345754213,0.538320188,0.661889616,-0.073439663
SCPT,140250,17,18,17.5,363.6,4.810151035,0.193393272,0.017701366,2.563267128,7,2,231.0099087,281.2294541,215.0045158,213.9791531,451.1477401,0.453593758,0.256883464,0.525395331,0.530175767,-0.215740507
SCPT,182797,1,1.5,1.25,98,0.806285663,0.013595956,0.061855634,2.939762074,2,1,92.10499702,112.1278225,340.9007794,63.61401762,161.4317756,0.06203828,-0.134672014,-1.246623987,0.43213363,-0.499115133
SCPT,182797,1.5,2,1.75,102,0.635134732,0.010807798,0.138584133,3.034268553,2,1,89.1341947,108.5111935,248.2410018,66.28003777,170.4511749,0.134829774,-0.061880521,-0.889427242,0.431084051,-0.513476078
SCPT,182797,2,2.5,2.25,75,0.331399583,0.006684254,0.105485252,3.319312105,2,1,76.50436152,93.13574446,186.4043952,62.21365153,169.8802376,-0.019859639,-0.216569933,-0.910430368,0.18691366,-0.817605591
SCPT,182797,2.5,3,2.75,85,0.267543834,0.005236165,0.11570378,3.396820132,2,1,72.50854327,88.27127006,156.4160855,62.51854293,172.8995685,0.158946863,-0.037763431,-0.609868415,0.307188057,-0.71005964
SCPT,182797,3,3.5,3.25,96,0.281487926,0.004837537,0.138368639,3.351770876,2,1,74.68371469,90.91930484,145.8068235,65.54632293,178.6014695,0.251086133,0.054375838,-0.417934428,0.381591078,-0.620808705
SCPT,182797,3.5,4,3.75,105,0.785898755,0.01543274,0.060821661,2.96949696,2,1,104.5148164,127.2354287,185.5968178,87.07283196,216.985946,0.004631505,-0.192078789,-0.569616324,0.187215433,-0.725872236
SCPT,182797,4,4.5,4.25,98,0.655361769,0.013757069,0.054805393,3.047451121,2,1,101.2959661,123.3168283,168.9159139,86.99840431,220.358168,-0.03307911,-0.229789405,-0.544433562,0.119077701,-0.81028678
SCPT,182797,4.5,5,4.75,101,0.362405967,0.005787294,0.173195152,3.240334295,2,1,83.98755379,102.2457177,131.7119947,76.6818438,201.6380154,0.184451898,-0.012258396,-0.265497163,0.275455554,-0.69135357
SCPT,182797,5,5.5,5.25,105,0.354598234,0.005560054,0.18552396,3.245844874,2,1,84.28932856,102.6130956,124.7445743,78.33938341,205.705971,0.219705082,0.022994788,-0.172307891,0.292909893,-0.672487474
SCPT,182797,5.5,6,5.75,106,0.367461674,0.005123068,0.205568315,3.209267615,2,1,85.30474068,103.8492495,119.352425,80.21378633,208.3255889,0.217209065,0.02049877,-0.118641577,0.278743695,-0.675663093
SCPT,182797,6,6.5,6.25,111,0.410586327,0.006151137,0.208559321,3.179623695,2,1,89.67019954,109.1637212,122.0389342,84.69423501,218.0677908,0.213391711,0.016681417,-0.094809925,0.270482666,-0.67527578
SCPT,182797,6.5,7,6.75,119,0.52149746,0.008504843,0.208541912,3.104803135,2,1,97.92881302,119.2176854,131.1691249,91.99904512,232.3340174,0.194882676,-0.001827618,-0.097364027,0.257345295,-0.669052573
SCPT,182797,7,7.5,7.25,117,0.528587891,0.008971892,0.22031616,3.106984619,2,1,99.45422358,121.074707,128.4000268,94.44655989,238.2481369,0.162476461,-0.034233833,-0.092976665,0.214139764,-0.711138788
SCPT,182797,7.5,8,7.75,124,0.593062911,0.010288972,0.243892574,3.065522954,2,1,103.7242255,126.2729702,130.496181,98.94097134,246.8671817,0.178545866,-0.018164428,-0.051062396,0.225758142,-0.688568901
SCPT,182797,8,8.5,8.25,122,0.546253647,0.008987164,0.237792997,3.088709424,2,1,101.4952325,123.5594135,121.4965466,98.38050182,246.2824543,0.184009218,-0.012701076,0.004135205,0.215178413,-0.702458021
SCPT,182797,8.5,9,8.75,125,0.545199051,0.007663446,0.288857136,3.05667318,2,1,100.7071439,122.6000012,115.4604659,98.66219929,244.8490968,0.216096998,0.019386704,0.079385553,0.23661185,-0.672328352
SCPT,182797,9,9.5,9.25,126,0.543087734,0.007785636,0.284029416,3.061980917,2,1,101.4866598,123.5489772,112.6910546,100.2742071,248.8207116,0.216354548,0.019644253,0.111631862,0.228373402,-0.680450696
SCPT,182797,9.5,10,9.75,131,0.562654361,0.007520037,0.305771531,3.035039595,2,1,102.5512491,124.8449989,110.236197,101.9785791,251.0881898,0.244834659,0.048124364,0.172572014,0.250434541,-0.650606908
SCPT,182797,10,10.5,10.25,132,0.545172795,0.006914781,0.330187166,3.037261977,2,1,101.4397419,123.4918597,104.5300778,102.2232383,251.4684834,0.263336976,0.066626682,0.233327067,0.25564289,-0.644515745
SCPT,182797,10.5,11,10.75,142,0.616393122,0.007283712,0.34554357,2.975421094,2,1,105.5300701,128.4713896,107.6259837,105.8896001,256.4761658,0.296831121,0.100120827,0.277164955,0.293430014,-0.591208682
SCPT,182797,11,11.5,11.25,144,0.656739904,0.007101167,0.327262603,2.934036441,2,1,108.0278152,131.5121228,107.9612209,107.9924318,258.7104023,0.287424558,0.090714263,0.288041202,0.287752151,-0.585895999
SCPT,182797,11.5,12,11.75,144,0.644315788,0.006224804,0.365111906,2.921068638,2,1,106.7281756,129.9299529,102.4196388,107.820641,257.0956497,0.299528112,0.102817818,0.34073482,0.289344184,-0.579634894
SCPT,182797,12,12.5,12.25,144,0.634832903,0.006031154,0.379700328,2.923868657,2,1,106.4266327,129.5628572,98.89856099,108.5594117,258.7273299,0.302357447,0.105647153,0.375718611,0.282515703,-0.585961427
SCPT,182797,12.5,13,12.75,144,0.63015763,0.005337386,0.40813402,2.906889868,2,1,105.6245042,128.5863529,94.66262582,108.5502651,257.2263437,0.309922908,0.113212614,0.419494036,0.282599961,-0.580143112
SCPT,182797,13,13.5,13.25,145,0.667498616,0.005190858,0.429996489,2.869267521,2,1,107.3302252,130.6628829,94.41899925,110.3754246,258.9142097,0.300823444,0.104113149,0.428991426,0.272846236,-0.579763028
SCPT,182797,13.5,14,13.75,148,0.724247233,0.006319031,0.448983212,2.856660737,2,1,111.1444936,135.30634,97.87231736,114.6930309,268.2823015,0.286381175,0.089670881,0.413548529,0.254953011,-0.594827516
SCPT,182797,14,14.5,14.25,147,0.738880417,0.00629456,0.460884602,2.844516115,2,1,112.0478124,136.4060325,96.67582104,116.1344252,270.6214609,0.27150691,0.074796616,0.419069257,0.235684228,-0.610288434
SCPT,182797,14.5,15,14.75,148,0.714517915,0.005339097,0.48774304,2.835304798,2,1,110.1377833,134.0807797,91.30465263,115.1049365,267.1464421,0.295480116,0.098769822,0.483010528,0.25136807,-0.590584707
SCPT,182797,15,15.5,15.25,151,0.722118288,0.005334933,0.499642545,2.829238722,2,1,110.7456578,134.8208008,89.98171531,116.3463452,269.4030935,0.310043636,0.113333342,0.51767335,0.26070836,-0.57892891
SCPT,182797,15.5,16,15.75,150,0.822353846,0.00664684,0.513329292,2.792488598,2,1,116.254226,141.5268838,95.76905091,121.8154231,279.7554436,0.254855898,0.058145603,0.448695721,0.20812832,-0.623280512
SCPT,182797,16,16.5,16.25,153,0.812096224,0.006501642,0.523003228,2.79616114,2,1,116.1697664,141.4240634,93.66168381,122.4319292,281.1417978,0.275385297,0.078675003,0.49074874,0.222882726,-0.608421239
SCPT,182797,16.5,17,16.75,154,0.819055027,0.005866277,0.569851516,2.773515588,2,1,115.5978757,140.7278486,90.77171803,122.5689999,279.5613193,0.286835023,0.090124729,0.528604841,0.228278467,-0.596269056
SCPT,182797,17,17.5,17.25,158,0.802435994,0.005377822,0.572185946,2.770694568,2,1,114.7976403,139.7536491,87.62402329,122.3253314,278.4421799,0.319424104,0.12271381,0.589539834,0.255910887,-0.566615392
SCPT,182797,17.5,18,17.75,158,0.841277856,0.005719448,0.601065846,2.754087082,2,1,116.7186584,142.0922798,88.55049617,124.7793307,282.8159479,0.302828623,0.106118329,0.579022066,0.236048211,-0.582201292
SCPT,182797,18,18.5,18.25,160,0.849008647,0.005619753,0.61789339,2.746028263,2,1,117.0890293,142.5431661,87.25362788,125.7288682,284.1796805,0.312239236,0.115528941,0.606354675,0.241046066,-0.574432901
SCPT,182797,18.5,19,18.75,165,0.946638169,0.006892682,0.591273097,2.717630269,2,1,122.4269581,149.0415142,92.63289501,130.8776011,294.06278,0.298430882,0.101720588,0.577301158,0.231682931,-0.577847808
SCPT,182797,19,19.5,19.25,165,0.856455442,0.005043963,0.631675894,2.723723429,2,1,117.2889041,142.7864919,83.99472562,126.6268301,284.0403323,0.341305317,0.144595023,0.675191467,0.264701059,-0.543170769
SCPT,182797,19.5,20,19.75,168,0.863013162,0.004570095,0.663366106,2.704108546,2,1,116.8895136,142.3002774,81.89937064,126.5962172,282.189752,0.362734819,0.166024525,0.718472673,0.28296135,-0.518615745
SCPT,182797,20,20.5,20.25,173,0.871883523,0.004391079,0.66990317,2.692667001,2,1,117.2836261,142.7800665,80.7800663,127.3151292,282.6734761,0.388696439,0.191986144,0.761561364,0.306626249,-0.491000842
SCPT,182797,20.5,21,20.75,172,0.901237393,0.004604724,0.706247346,2.681056027,2,1,118.5574463,144.3308043,81.1709864,129.2673019,286.1837442,0.372096854,0.17538656,0.750936604,0.285612108,-0.50913959
SCPT,182797,21,21.5,21.25,178,0.889129531,0.004486468,0.707540306,2.684697329,2,1,118.2854811,143.9997161,79.21428921,129.5925,286.9121679,0.408682517,0.211972222,0.809626848,0.317388638,-0.477392583
SCPT,182797,21.5,22,21.75,184,0.966347558,0.00501363,0.744321238,2.655040093,2,1,121.6436339,148.0879021,82.62001815,133.2295872,292.9842747,0.413840021,0.217129727,0.800683756,0.322861898,-0.46518318
SCPT,182797,22,22.5,22.25,194,0.974532803,0.004502576,0.729931559,2.634247115,2,1,121.7609871,148.2307669,81.48158901,133.0445182,290.6022458,0.465798158,0.269087864,0.867481066,0.377174363,-0.40409732
SCPT,182797,22.5,23,22.75,184,0.995735616,0.004662139,0.722681931,2.627370951,2,1,123.0750205,149.8304598,81.83927679,134.6733133,293.6136161,0.402141665,0.205431371,0.810178473,0.312083813,-0.467328914
SCPT,182797,23,23.5,23.25,226,9.372018365,0.051159118,0.31305384,1.759883664,2,1,218.6630261,266.1984666,196.9645503,228.2788448,409.8398758,0.033003148,-0.163707146,0.137511234,-0.010032886,-0.595231537
SCPT,182797,23.5,24,23.75,199,8.98481521,0.065174871,0.173387363,1.862181602,2,1,228.9663245,278.7416124,206.8206257,232.875636,425.0959966,-0.140270113,-0.336980408,-0.03854705,-0.157199735,-0.759010193
SCPT,182797,24,24.5,24.25,195,3.230442733,0.025173448,0.191069159,2.261772443,2,1,180.1135896,219.2687178,143.2541717,186.8002835,374.7839406,0.079411853,-0.117298441,0.308379082,0.042959515,-0.653350143
SCPT,182797,24.5,25,24.75,198,1.107364926,0.004965124,0.722987982,2.577534185,2,1,128.3357752,156.2348568,82.96752706,140.7245112,302.643313,0.433616958,0.236906663,0.86981774,0.341462873,-0.424287897
SCPT,182797,25,25.5,25.25,193,1.070231578,0.004838852,0.729703618,2.592724217,2,1,127.2916429,154.9637392,80.19384529,140.5150781,303.0852012,0.416209334,0.21949904,0.878243419,0.317375388,-0.451323769
SCPT,182797,25.5,26,25.75,197,1.080939873,0.004835445,0.760865703,2.587132898,2,1,127.5914153,155.3286796,79.39646721,141.4775887,304.5871279,0.434370638,0.237660344,0.908749855,0.331062408,-0.435753452
SCPT,182797,26,26.5,26.25,202,1.24257196,0.005808051,0.763891534,2.5369176,2,1,133.800547,162.8876224,86.68916749,147.3434302,313.7760168,0.411917462,0.215207167,0.845938764,0.315501576,-0.440411712
SCPT,182797,26.5,27,26.75,197,1.151622781,0.004813628,0.790073091,2.551376447,2,1,129.9922045,158.2513794,80.51943117,144.2400882,307.5007684,0.415729245,0.219018951,0.894705192,0.311724539,-0.445273857
SCPT,182797,27,27.5,27.25,198,1.099285713,0.004633685,0.824482108,2.571669044,2,1,128.095169,155.9419448,76.58524022,143.5621139,307.3127691,0.435493535,0.238783241,0.949862659,0.32149924,-0.43959899
SCPT,182797,27.5,28,27.75,202,1.130284345,0.004376437,0.819736079,2.548412927,2,1,129.0169737,157.0641419,77.03788131,144.1546166,306.4531555,0.448323722,0.251613428,0.963970431,0.337381247,-0.41679721
SCPT,182797,28,28.5,28.25,198,1.133891884,0.004338537,0.836915223,2.545354265,2,1,129.1840984,157.2675981,76.11899135,144.8629042,307.5561719,0.427028524,0.23031823,0.955969239,0.312479224,-0.440390713
SCPT,182797,28.5,29,28.75,200,1.166665605,0.004549157,0.85565239,2.53629078,2,1,130.5593364,158.9418008,76.91606048,146.7459669,310.8996072,0.426489558,0.229779264,0.955602663,0.309614391,-0.441152687
SCPT,182797,29,29.5,29.25,200,1.172,0.0045,0.8775,2.532197231,2,1,130.5237112,158.898431,76.40991081,147.0500043,311.1259567,0.426762462,0.230052167,0.962204956,0.307544672,-0.441880469
SCPT,57345,0,0.5,0.25,112,10.03012496,0.090556188,0.005495615,1.821922569,2,1,132.4076816,161.1919602,242.7123691,67.29237195,137.9379092,-0.167386789,-0.364097083,-0.773378205,0.509451985,-0.20830478
SCPT,57345,0.5,1,0.75,107,3.006906517,0.12034704,0.004587604,2.698404039,2,1,135.4649749,164.9138825,310.333913,79.36224225,188.933076,-0.235884285,-0.432594579,-1.064820022,0.298806118,-0.568564023
SCPT,57345,1,1.5,1.25,114,3.235859518,0.04276356,0.024856811,2.359740829,2,1,131.8598088,160.5249846,220.6093568,85.26679864,188.9107091,-0.145540855,-0.342251149,-0.660195073,0.2904133,-0.505076017
SCPT,57345,1.5,2,1.75,84,1.8051232,0.022368573,0.074958603,2.562678415,2,1,118.1245978,143.8038582,190.9741822,81.70152545,188.5341637,-0.340923182,-0.537633477,-0.821321448,0.027744126,-0.808462431
SCPT,57345,2,2.5,2.25,98,0.666482921,0.023261331,0.056024244,3.179601686,2,1,100.4593741,122.2983684,182.3352185,76.20647583,200.5868426,-0.024785929,-0.221496223,-0.620879374,0.251521035,-0.716279805
SCPT,57345,2.5,3,2.75,87,1.612494884,0.022152686,0.021375822,2.636110776,2,1,122.0620272,148.5972505,183.5234374,91.1790295,211.153837,-0.338621216,-0.535331511,-0.746434265,-0.046916812,-0.886678834
SCPT,57345,3,3.5,3.25,102,7.218929541,0.027511299,0.02801692,1.8034717,2,1,159.6510396,194.3577873,189.102833,120.7060436,229.1436012,-0.448017617,-0.644727912,-0.617318144,-0.168385384,-0.809376073
SCPT,57345,3.5,4,3.75,124,6.756353903,0.024241363,0.06949827,1.812646189,2,1,159.1319037,193.7257958,184.1264715,123.135438,233.6397613,-0.249451875,-0.44616217,-0.395341301,0.006996694,-0.633498882
SCPT,57345,4,4.5,4.25,139,2.701204208,0.019519807,0.020340912,2.293451402,2,1,139.4028745,169.7078472,171.2342629,109.7512185,232.9029719,-0.002894185,-0.19960448,-0.208558644,0.236257779,-0.516148004
SCPT,57345,4.5,5,4.75,119,1.621380985,0.01518143,0.015528014,2.551022127,2,1,127.360838,155.0479766,157.9108515,103.0150485,230.9960583,-0.067900808,-0.264611103,-0.28290715,0.144248414,-0.663277154
SCPT,57345,5,5.5,5.25,118,1.163643773,0.01779262,0.005412317,2.777529744,2,1,122.2047332,148.7709796,154.2067504,102.3279231,241.2832543,-0.035013155,-0.231723449,-0.267609613,0.142502036,-0.715286948
SCPT,57345,5.5,6,5.75,110,0.975965631,0.026242253,0.005197589,2.976697497,2,1,122.7778842,149.4687286,158.3459279,105.6848807,259.3711825,-0.109896538,-0.306606832,-0.364301691,0.040018523,-0.857779807
SCPT,57345,6,6.5,6.25,113.5,3.087739865,0.042352243,0.028303522,2.379156404,2,1,159.4952561,194.1681378,189.0331134,132.8574402,284.3343772,-0.340211342,-0.536921637,-0.510119366,-0.157473838,-0.918348093
SCPT,57345,6.5,7,6.75,141,6.810463676,0.032765591,0.07243382,1.859752419,2,1,175.8181734,214.0395154,190.0245543,148.9068783,282.0690219,-0.220690465,-0.417400759,-0.298393406,-0.054561243,-0.693391909
SCPT,57345,7,7.5,7.25,127,2.458359364,0.019763336,0.035229662,2.353727409,2,1,146.9645828,178.9134051,159.6837962,125.7796885,266.9343184,-0.146004538,-0.342714832,-0.229008499,0.009655214,-0.742815543
SCPT,57345,7.5,8,7.75,124,1.082577923,0.020143065,0.046695548,2.84905432,2,1,127.0365316,154.6531689,141.5519412,114.0437225,270.5100826,-0.02419313,-0.220903424,-0.13238516,0.08369966,-0.780027806
SCPT,57345,8,8.5,8.25,123,0.914580179,0.019363873,0.094646726,2.943275232,2,1,122.6476601,149.3101949,133.145703,112.8920558,273.0829191,0.002868663,-0.193841632,-0.079259685,0.085752251,-0.797591127
SCPT,57345,8.5,9,8.75,113.5,1.19124913,0.023214185,0.135314336,2.826847006,2,1,132.14691,160.8744992,141.7373951,121.0161883,284.3528281,-0.152111422,-0.348821716,-0.222173178,-0.064121487,-0.918412983
SCPT,57345,9,9.5,9.25,154.5,5.428727689,0.031586366,0.042788006,1.982755903,2,1,176.9419024,215.4075334,181.5137877,156.860976,303.5519997,-0.135627347,-0.332337642,-0.16113752,-0.015165814,-0.675358833
SCPT,57345,9.5,10,9.75,142,2.575665002,0.023159574,0.055684519,2.35481986,2,1,154.8418333,188.5031014,156.1672253,139.336431,293.838487,-0.086577108,-0.283287402,-0.095100333,0.018935682,-0.727203195
SCPT,57345,10,10.5,10.25,143.5,2.416176326,0.02139296,0.026440041,2.37117563,2,1,153.038004,186.3071353,151.8605619,139.0760151,294.3913938,-0.064351248,-0.261061542,-0.056627709,0.031314381,-0.718575118
SCPT,57345,10.5,11,10.75,177,7.344733241,0.034137785,0.021062023,1.832460507,2,1,189.2094267,230.3419108,188.1568461,171.9432798,319.244002,-0.066704747,-0.263415041,-0.06112617,0.028985079,-0.589805974
SCPT,57345,11,11.5,11.25,169,6.613006657,0.036909775,0.030379481,1.908881758,2,1,189.4637419,230.6515119,187.0595671,172.6358962,325.9822252,-0.114298956,-0.31100925,-0.101528392,-0.021286015,-0.656944141
SCPT,57345,11.5,12,11.75,162,3.991947594,0.027263244,0.024525246,2.140556341,2,1,173.1320821,210.7694912,166.5511597,158.4528273,315.6831037,-0.066458448,-0.263168742,-0.027706193,0.022139406,-0.667142539
SCPT,57345,12,12.5,12.25,184,4.926026174,0.035245657,0.018349369,2.07308916,2,1,183.6674739,223.5951856,177.2390082,168.7881555,330.3764104,0.001808842,-0.194901452,0.037436607,0.086291347,-0.585296884
SCPT,57345,12.5,13,12.75,154.5,3.431302334,0.031019087,0.017751252,2.251199572,2,1,172.5003271,210.0003983,163.3818839,160.3092156,327.3668863,-0.110205037,-0.306915331,-0.05589621,-0.036910451,-0.750887422
SCPT,57345,13,13.5,13.25,151,1.830707244,0.020911858,0.071240652,2.549310062,2,1,151.0850745,183.9296559,137.0120219,143.2534955,312.5973672,-0.000563248,-0.197273543,0.097211164,0.05266408,-0.727636159
SCPT,57345,13.5,14,13.75,133.5,1.0227276,0.021023478,0.207710254,2.897437761,2,1,133.6488974,162.7030055,115.3582532,133.1562017,314.4040723,-0.001114715,-0.197825009,0.146058946,0.00257859,-0.856577535
SCPT,57345,14,14.5,14.25,144.5,3.867883467,0.024157843,0.060880134,2.11965441,2,1,173.0060567,210.616069,157.08329,164.7697192,326.2398516,-0.180047096,-0.37675739,-0.083496667,-0.13126935,-0.814353344
SCPT,57345,14.5,15,14.75,167.5,5.721073242,0.029513031,0.018090816,1.950689504,2,1,188.7810428,229.8204,173.9672271,178.9543466,338.7595037,-0.119604489,-0.316314783,-0.03788358,-0.066147375,-0.704307076
SCPT,57345,15,15.5,15.25,148,1.747469682,0.025175501,0.057400176,2.588214651,2,1,151.8990082,184.9205317,128.8649531,150.269351,331.7195126,-0.026003606,-0.222713901,0.138447293,-0.015217083,-0.807077496
SCPT,57345,15.5,16,15.75,138,0.625933826,0.012801473,0.359542716,3.08051758,2,1,114.659845,139.5858983,76.83819939,123.6467589,303.9733024,0.185283809,-0.011426485,0.585551781,0.109824904,-0.789686191
SCPT,57345,16,16.5,16.25,140,0.503336411,0.009979106,0.421924265,3.156628798,2,1,105.4677167,128.3954812,56.76330646,118.3990413,296.1483742,0.283237519,0.086527225,0.902752319,0.167581798,-0.74921817
SCPT,57345,16.5,17,16.75,126.5,0.801174946,0.033910894,0.379279784,3.169617866,2,1,131.6352843,160.2516504,98.24741766,141.3097913,351.073049,-0.039792793,-0.236503087,0.252753341,-0.110712274,-1.02075201
SCPT,57345,17,17.5,17.25,184.5,2.374010751,0.037519082,0.108870819,2.464911081,2,1,165.6043033,201.6052388,139.0417345,167.9977233,361.2694157,0.108048236,-0.088662058,0.282875327,0.093699036,-0.67197452
SCPT,57345,17.5,18,17.75,381,33.62754173,0.125672195,0.024378748,1.234716284,2,1,256.148251,311.8326534,282.0028399,274.2230071,434.2502015,0.397042993,0.200332699,0.300882234,0.328857705,-0.130821494
SCPT,57345,18,18.5,18.25,450,39.00148388,0.125121647,0.047356603,1.149813719,2,1,255.3589352,310.8717472,291.2755581,282.2105394,437.5450979,0.566577438,0.369867144,0.434977829,0.466594197,0.028067801
SCPT,57345,18.5,19,18.75,457,33.79964516,0.117738688,0.054231555,1.207530142,2,1,253.1870407,308.2277017,279.4303213,277.1365675,436.6170103,0.590554884,0.39384459,0.491930427,0.500172983,0.045626987
SCPT,57345,19,19.5,19.25,455,26.98344087,0.117018159,0.030313997,1.351182473,2,1,257.4936131,313.4704855,269.3857824,270.1260549,438.4535542,0.569302503,0.372592208,0.524152931,0.521408699,0.037043533
SCPT,57345,19.5,20,19.75,400,31.0071,0.091585532,0.004459298,1.192712739,2,1,243.5795441,296.531619,266.5133481,271.9713418,427.9114992,0.496020988,0.299310694,0.406040218,0.385767847,-0.06745185
SCPT,140257,0,3,1.5,215,2.733813612,0.065786697,0.024869948,2.5397319,7,2,130.0493323,158.3209263,236.9589839,84.45315895,195.7532719,0.50272417,0.306013876,-0.097249034,0.934440979,0.093782979
SCPT,140257,3,4,3.5,281,1.725874206,0.036362277,0.723068388,2.717425964,7,2,128.4577912,156.383398,183.1611974,102.6405719,239.5916009,0.782754292,0.586043998,0.427988044,1.007121377,0.159418859
SCPT,140257,4,5,4.5,289,3.257160367,0.090966011,0.690971546,2.5778449,7,2,164.9572632,200.8175378,223.6231909,130.1959453,289.0979331,0.560740259,0.364029964,0.256464236,0.797386101,-0.000338812
SCPT,140257,5,6,5.5,184,1.25766372,0.013384793,0.629928323,2.693556401,7,2,118.1216061,143.8002161,137.4606456,102.4042697,235.4594631,0.443221104,0.246510809,0.291598095,0.586007349,-0.24660301
SCPT,140257,6,7,6.5,148,1.079010896,0.016347672,0.156572169,2.84301836,7,2,121.4079883,147.8010293,139.9204076,106.6991758,251.8326205,0.198055596,0.001345301,0.05613853,0.32719884,-0.531552389
SCPT,140257,7,8,7.5,107,0.533338303,0.02723843,0.024272077,3.354201166,7,2,111.5567291,135.8081919,127.7781083,104.6655716,277.6018005,-0.041704408,-0.238414702,-0.177466396,0.0220586,-0.95335888
SCPT,140257,8,9,8.5,381,3.2079996,0.07348844,0.064731549,2.488648217,7,2,174.2580551,212.140241,194.4356232,152.3773905,330.364935,0.782262099,0.585551805,0.672698253,0.916439099,0.142601468
SCPT,140257,9,10,9.5,692,30.23349305,0.65518043,0.016919262,1.838925655,7,2,326.8911215,397.9544088,389.0683577,260.3259704,459.1510805,0.749958802,0.553248508,0.575830901,0.977651378,0.410206648
SCPT,140257,10,11,10.5,360,19.45473514,0.374482025,0.020578098,1.912323774,7,2,288.1929096,350.8435421,323.165029,239.815486,436.4795744,0.222473951,0.025763656,0.107940913,0.406234212,-0.192637549
SCPT,140257,11,12,11.5,438,9.452276685,0.300825351,0.018560822,2.269410147,7,2,256.2083272,311.9057897,278.9595419,217.6863117,431.7988997,0.536228019,0.339517724,0.45115215,0.699163821,0.014258941
SCPT,140257,12,13,12.5,340,5.856168857,0.13317925,0.283011559,2.323353754,7,2,216.6232607,263.7152739,218.1038163,194.3529784,395.2808549,0.450785899,0.254075604,0.443974447,0.559269636,-0.15065092
SCPT,140257,13,14,13.5,252,2.365539,0.030549925,0.372388292,2.501553906,7,2,163.0250268,198.46525,145.1247114,154.2143497,330.6187512,0.43552536,0.238815066,0.551835636,0.491085572,-0.271536815
SCPT,140257,14,15,14.5,246,2.400161513,0.040636877,0.151031512,2.547703783,7,2,169.5616335,206.4228582,150.4516544,161.4169794,349.4117516,0.372115056,0.175404761,0.491689737,0.421340585,-0.350919495
SCPT,140257,15,16,15.5,354,6.033753077,0.182086792,0.006067995,2.395638391,7,2,233.8825146,284.7265395,225.6542074,212.6751823,434.8176517,0.414477998,0.217767704,0.450293141,0.509530877,-0.205629839
SCPT,140257,16,17,16.5,343,6.657250182,0.163804588,0.001420987,2.300403917,7,2,236.1699716,287.5112697,222.7033906,217.5722032,436.0347976,0.373178683,0.176468389,0.431889648,0.455199683,-0.239991604
SCPT,140257,17,18,17.5,333,5.673536409,0.222973531,0,2.493351467,7,2,240.3542142,292.6051303,224.3548815,221.730765,460.1345918,0.326028762,0.129318468,0.394913399,0.406678614,-0.323376548
SCPT,140257,18,19,18.5,305,4.702407914,0.223249761,0.013002935,2.611611236,7,2,234.3541023,285.3006463,212.2915711,219.2000475,466.0782417,0.263478547,0.066768253,0.362351112,0.330327005,-0.424041744
SCPT,140257,19,20,19.5,296,5.329099498,0.200732644,0.034713987,2.492476637,7,2,237.4388946,289.0560455,210.5960513,224.4862079,466.2770645,0.22044915,0.023738856,0.340417604,0.276545184,-0.454420562
SCPT,140257,20,21,20.5,314,6.502939785,0.281004511,0.045239983,2.484553813,7,2,257.7120887,313.7364559,229.6791491,240.8820471,494.0516234,0.197549959,0.000839665,0.312709655,0.265085603,-0.453247027
SCPT,140257,21,22,21.5,382,7.875639077,0.251837413,0.027898166,2.323499766,7,2,263.1265454,320.3279683,232.3624331,248.6468555,493.6679483,0.372785531,0.176075237,0.497122244,0.42938697,-0.256442513
SCPT,140257,22,23,22.5,314,5.696674858,0.29927731,0.004059709,2.585460622,7,2,256.7430028,312.556699,219.4230787,243.8025477,509.4881449,0.20131739,0.004607096,0.358391254,0.253034319,-0.484013598
SCPT,140257,23,24,23.5,315,3.247237419,0.084454427,0.014935873,2.560219866,7,2,204.7734636,249.289434,155.9746977,204.8958985,435.1888455,0.430668326,0.233958032,0.702878839,0.430070601,-0.323207426
SCPT,148999,0,1,0.5,339,3.360007258,0.024699029,0.001358079,2.243683199,6,1,111.8084863,136.114679,220.8226578,60.77315409,134.0936785,1.109212643,0.912502349,0.428640182,1.71885196,0.927461458
SCPT,148999,1,2,1.5,442.1,7.439580922,0.075535707,0.000919697,2.013877005,6,1,161.9703702,197.1813203,236.1073823,105.8881258,214.098982,1.004122682,0.807412388,0.627249389,1.429152981,0.72509766
SCPT,148999,2,3,2.5,201.2,6.134657407,0.03457143,0.006287552,1.943842561,6,1,155.0469318,188.7527865,197.3803593,111.6313266,220.4754886,0.260571581,0.063861287,0.019166813,0.589097724,-0.091487087
SCPT,148999,3,4,3.5,190.3,7.57606276,0.03376379,0.017671871,1.812475645,6,1,164.896199,200.7431988,194.5257307,126.2283863,239.9051769,0.143285595,-0.053424699,-0.021962671,0.410508918,-0.231641975
SCPT,148999,4,5,4.5,171.6,6.45591391,0.023929644,0.027396799,1.827860868,6,1,160.9345369,195.9203058,182.3512347,128.6018671,244.259287,0.064168508,-0.132541787,-0.060768501,0.288444857,-0.353064126
SCPT,148999,5,6,5.5,173.4,3.108674245,0.014061735,0.037711521,2.149128935,6,1,143.1988059,174.3289811,159.0832042,117.1359124,238.5667812,0.191367149,-0.005343146,0.086173702,0.392266159,-0.319048212
SCPT,148999,6,7,6.5,152.8,2.119398488,0.011179257,0.055561963,2.303041175,6,1,133.3169601,162.2989079,143.7436685,113.9413595,240.8939996,0.136400425,-0.060309869,0.061098243,0.293445951,-0.455227124
SCPT,148999,7,8,7.5,160,2.846887667,0.008071549,0.023184336,2.123109741,6,1,142.1682672,173.0744122,144.3179671,120.4209604,239.9581603,0.118162479,-0.078547815,0.103154845,0.284180207,-0.405290761
SCPT,148999,8,9,8.5,174.1,3.829276655,0.011731868,0.049275635,2.014219039,6,1,154.7079257,188.3400835,154.1587027,134.2310225,260.5986325,0.118090858,-0.078619437,0.121647238,0.260067483,-0.40335157
SCPT,148999,9,10,9.5,176.2,3.98726465,0.011865608,0.05404105,1.992251743,6,1,157.7901838,192.0923976,154.1430804,139.3902831,268.5194653,0.110353514,-0.08635678,0.133738449,0.234341923,-0.421303694
SCPT,148999,10,11,10.5,177.4,6.111117855,0.025411953,0.062271187,1.877560224,6,1,179.1828028,218.135586,176.6501407,162.3612323,305.0361769,-0.00999946,-0.206709754,0.004235899,0.088583388,-0.542023313
SCPT,148999,11,12,11.5,203.5,5.772113802,0.0282006,0.061705163,1.897770939,6,1,178.6991989,217.5468509,175.2080132,166.5932667,316.2635557,0.129962065,-0.066748229,0.14969209,0.200110692,-0.440909898
SCPT,148999,12,13,12.5,207.1,10.23513789,0.045307899,0.10629506,1.692764171,6,1,204.2615868,248.6662796,202.5590877,192.5939038,345.0054765,0.013800308,-0.182909986,0.022170133,0.072617922,-0.510358522
SCPT,148999,13,14,13.5,183.8,8.30659541,0.049097415,0.115121273,1.840808928,6,1,204.9358159,249.4870803,198.3118088,192.2108035,354.9363106,-0.108848627,-0.305558921,-0.075992374,-0.044744495,-0.658090157
SCPT,148999,14,15,14.5,164,4.667768987,0.02577626,0.124040314,2.04208726,6,1,180.8135725,220.1208709,164.6627003,171.0555625,330.9589143,-0.097600087,-0.294310381,-0.004032713,-0.042122003,-0.702127814
SCPT,148999,15,16,15.5,183,5.576126114,0.032441761,0.132070128,1.984740138,6,1,190.6117309,232.0490637,173.5847855,182.2227755,347.2650338,-0.040752384,-0.237462678,0.052819996,0.004256173,-0.640602122
SCPT,148999,16,17,16.5,185.9,6.957131714,0.043365133,0.140965022,1.920074736,6,1,203.463511,247.694709,186.3743597,196.0886757,366.9683864,-0.090277787,-0.286988081,-0.002548443,-0.053358089,-0.680066809
SCPT,148999,17,18,17.5,197.8,3.134302545,0.025132643,0.203314717,2.258440211,6,1,172.0365178,209.4357608,143.6445872,169.836111,344.9338688,0.139549652,-0.057160642,0.319914315,0.1524225,-0.556096295
SCPT,148999,18,19,18.5,188.2,3.38524709,0.023378689,0.207371167,2.201191706,6,1,174.3427268,212.2433196,143.7541152,173.3604216,346.7419742,0.076482171,-0.120228123,0.269400921,0.082132438,-0.611075686
SCPT,148999,19,20,19.5,198.6,1.699479563,0.01139715,0.616797617,2.481578128,6,1,145.7708825,177.4602047,106.662024,150.0768843,318.4302574,0.309256661,0.112546367,0.62162757,0.280145027,-0.472110727
SCPT,148999,20,21,20.5,296.2,4.110247307,0.025339666,0.076711132,2.094963868,6,1,182.9206823,222.686048,151.2809964,184.6655517,360.1300236,0.481982273,0.285271979,0.671895891,0.472488541,-0.195430241
SCPT,148999,21,22,21.5,348.3,13.46013608,0.02597025,0.044017382,1.432378008,6,1,209.2481584,254.7368885,197.5852652,222.4382523,368.8872515,0.509543269,0.312832975,0.566893964,0.448414632,-0.057426868
SCPT,148999,22,23,22.5,259.3,11.87781414,0.026993169,0.046608716,1.504273362,6,1,209.4279447,254.9557588,194.3916466,221.9579782,374.6872768,0.213605952,0.016895658,0.288110772,0.155497616,-0.368106057
SCPT,148999,23,24,23.5,317.2,18.2478886,0.050414632,0.043674365,1.391043785,6,1,232.3157071,282.8191217,226.3619975,251.7053213,412.1895413,0.311435237,0.114724942,0.337397013,0.231273446,-0.261950805
SCPT,140262,0,2,1,239,2.883067959,0.041362419,0,2.374852569,7,2,119.4882902,145.4640054,251.9906776,73.42294246,166.9399468,0.693245176,0.496534881,-0.052928541,1.180227098,0.358829404
SCPT,140262,2,3,2.5,90,4.130715853,0.019831507,0.003317689,2.060034708,7,2,139.8684782,170.2746691,179.6263597,100.697552,204.5089142,-0.440892869,-0.637603164,-0.691069244,-0.112311819,-0.820801895
SCPT,140262,3,4,3.5,82,1.622982119,0.027794673,0.009613926,2.653032403,7,2,127.0520956,154.6721164,180.2743959,99.49235181,231.2620701,-0.437877957,-0.634588251,-0.787760865,-0.193361528,-1.036832323
SCPT,140262,4,5,4.5,601,9.832831957,0.055653957,0.005152107,1.770972439,7,2,184.7041658,224.8572453,214.8134338,146.5492318,273.436191,1.179839493,0.983129199,1.028825033,1.411233509,0.787526645
SCPT,140262,5,6,5.5,218,6.016621308,0.035059502,0.0185025,1.949785613,7,2,170.3168139,207.3422082,191.7787671,138.9689149,269.9677035,0.246834749,0.050124455,0.12815261,0.450244789,-0.213807272
SCPT,140262,6,7,6.5,145,3.012953481,0.028834381,0.015640035,2.287190691,7,2,153.0060595,186.2682464,170.9685993,129.6689508,273.181479,-0.053743783,-0.250454077,-0.164746167,0.111749072,-0.63340259
SCPT,140262,7,8,7.5,153,2.654355126,0.024452462,0,2.33023376,7,2,150.6639411,183.4169717,163.4739818,130.7001881,277.0052639,0.015386121,-0.181324174,-0.066215924,0.157531861,-0.593598588
SCPT,140262,8,9,8.5,172,5.596907025,0.02917763,0.016620171,1.957206199,7,2,175.2461586,213.3431496,181.4079217,152.9080286,294.1918621,-0.018697129,-0.215407424,-0.05325373,0.117657856,-0.53673767
SCPT,140262,9,10,9.5,223,1.237029653,0.012629645,0.388390294,2.684105424,7,2,126.1378343,153.5591026,121.161007,118.382477,268.3722093,0.56979654,0.373086246,0.610051474,0.633251058,-0.185203086
SCPT,140262,10,11,10.5,351,2.883090331,0.033920202,1.596168027,2.39062579,7,2,158.4560886,192.9030644,156.1268411,149.2486614,314.9500333,0.795308712,0.598598418,0.810117463,0.85517244,0.108372222
SCPT,140262,11,12,11.5,288,2.333399644,0.046415553,1.02346418,2.594750105,7,2,160.4614086,195.3443235,158.045892,152.3973044,335.1745724,0.584907011,0.388196717,0.600075034,0.636469525,-0.151691028
SCPT,140262,12,13,12.5,367,3.233776157,0.063294269,0.345954702,2.490295604,7,2,179.9877183,219.1154831,176.2880535,167.7405591,357.2711193,0.712473231,0.515762937,0.733242523,0.782943353,0.026866917
SCPT,140262,13,14,13.5,342,8.028295512,0.16647245,0,2.192959937,7,2,237.4448478,289.063293,241.3257246,211.6704275,415.8893499,0.36487536,0.168165066,0.348663162,0.479780259,-0.195608502
SCPT,140262,14,15,14.5,331,9.607899332,0.254368982,0.024900196,2.214851961,7,2,259.6065853,316.0427995,265.5006345,229.5124361,448.0700094,0.242951024,0.04624073,0.220501145,0.36616116,-0.302831116
SCPT,57279,0,0.5,0.25,95.5,14.5958195,0.083080291,0.000495893,1.589723158,2,1,135.6139586,165.095254,220.5169449,70.52137222,136.7806446,-0.350686063,-0.547396357,-0.836848292,0.303210432,-0.359252261
SCPT,57279,0.5,1,0.75,95.5,2.664075493,0.034894779,0.023520919,2.454070926,2,1,118.613993,144.3996436,229.5729698,70.37466472,160.7019727,-0.216748217,-0.413458511,-0.877094683,0.305292925,-0.520425301
SCPT,57279,1,1.5,1.25,64,1.317350773,0.018490091,0.051081164,2.717965903,2,1,105.4300572,128.3496349,195.2381913,69.88038099,168.2793869,-0.499164685,-0.695874979,-1.115337224,-0.087901854,-0.966742532
SCPT,57279,1.5,2,1.75,75,0.848973267,0.036731779,0.044896939,3.154439573,2,1,106.0816237,129.1428463,214.1049831,76.37169373,199.9715447,-0.346720719,-0.543431014,-1.048978356,-0.018124013,-0.980686966
SCPT,57279,2,2.5,2.25,80,0.449607009,0.056903781,0.01626051,3.647788578,2,1,96.82925577,117.879094,198.0123987,77.55686844,224.6690352,-0.190922543,-0.387632837,-0.906303014,0.031015181,-1.03260173
SCPT,57279,2.5,3,2.75,83,0.168559522,0.023823851,0.0798919,4.017333421,2,1,70.52879302,85.86113933,122.2175987,66.26577485,209.6271788,0.16281957,-0.033890725,-0.386962444,0.22516706,-0.926490006
SCPT,57279,3,3.5,3.25,68,0.396450539,0.043953496,0.021448325,3.650526855,2,1,95.72716545,116.5374188,167.2190883,82.62989156,238.3605271,-0.341994414,-0.538704708,-0.899797153,-0.194863793,-1.254276642
SCPT,57279,3.5,4,3.75,52,0.205765221,0.014364485,0.06536301,3.765935868,2,1,75.55136071,91.97556956,106.0739139,71.31270006,212.7066794,-0.373568981,-0.570279275,-0.712892433,-0.315830714,-1.408670406
SCPT,57279,4,4.5,4.25,72,0.274351189,0.014251879,0.079070219,3.568672167,2,1,81.3413599,99.02426423,101.504154,76.92069262,219.8196611,-0.1219885,-0.318698794,-0.343433604,-0.066108806,-1.116141369
SCPT,57279,4.5,5,4.75,84,3.951171729,0.021454367,0.063261589,2.101927764,2,1,151.8308528,184.8375599,176.5115894,120.5237411,243.2168096,-0.591950292,-0.788660586,-0.742569738,-0.361029956,-1.063136467
SCPT,57279,5,5.5,5.25,105,6.891085836,0.024330926,0.035494218,1.806494505,2,1,166.6622518,202.8931762,183.8563539,135.6784112,254.6319385,-0.46200897,-0.658719265,-0.560194417,-0.256327112,-0.885858774
SCPT,57279,5.5,6,5.75,109,4.990176159,0.038829412,0.027193136,2.079619091,2,1,168.7054708,205.3805732,193.7333201,138.0976318,276.2401013,-0.436806536,-0.63351683,-0.575134692,-0.23661303,-0.929922538
SCPT,57279,6,6.5,6.25,97,3.814929994,0.027752528,0.04400742,2.175250744,2,1,159.7864705,194.5226598,179.4659315,132.2437191,269.55316,-0.499127386,-0.69583768,-0.615274415,-0.309935598,-1.022054646
SCPT,57279,6.5,7,6.75,95,1.570210314,0.032712247,0.065783684,2.742034716,2,1,140.683477,171.2668416,169.6690681,120.530376,278.9638845,-0.392635632,-0.589345926,-0.57997299,-0.238024912,-1.077205436
SCPT,57279,7,7.5,7.25,128,3.179915365,0.044773185,0.047545447,2.388243655,2,1,164.9986516,200.8679237,188.2761076,139.6958535,297.4418121,-0.253907038,-0.450617332,-0.385879279,-0.08743732,-0.843188352
SCPT,57279,7.5,8,7.75,117.5,2.347007092,0.040470626,0.050646691,2.553219618,2,1,156.9115382,191.0227422,177.9432845,135.0869921,297.8942597,-0.289243862,-0.485954156,-0.41502654,-0.139480623,-0.930300257
SCPT,57279,8,8.5,8.25,172,7.274909107,0.029952694,0.050109314,1.808150891,2,1,180.2821232,219.4738891,186.9820362,157.7881699,293.4855312,-0.047028498,-0.243738792,-0.083518072,0.08624104,-0.534333864
SCPT,57279,8.5,9,8.75,172.5,11.52601389,0.056653022,0.026783777,1.676506405,2,1,203.222534,247.4013457,216.0695493,180.6928097,324.7301481,-0.163904369,-0.360614663,-0.225203107,-0.046401169,-0.632597287
SCPT,57279,9,9.5,9.25,177,32.12813173,0.113133857,0.060766431,1.231471789,2,1,231.4436828,281.7575269,266.7137505,225.2680575,363.0608052,-0.268186841,-0.464897135,-0.410026255,-0.241141327,-0.718420595
SCPT,57279,9.5,10,9.75,213,39.30039802,0.082556366,0.089181553,1.049947954,2,1,218.1108654,265.526271,262.2902316,229.2489909,353.6952564,-0.023711325,-0.220421619,-0.208159479,-0.073516544,-0.507143519
SCPT,57279,10,10.5,10.25,243.5,52.84638877,0.159288684,0.089413838,1.032970744,2,1,243.0749337,295.9173106,303.3942436,256.1915424,391.0111108,0.001747177,-0.194963117,-0.219916151,-0.050808435,-0.473619034
SCPT,57279,10.5,11,10.75,259,60.81925734,0.151603087,0.122402654,0.924382046,2,1,233.5656044,284.3407357,304.0185968,263.8316015,393.6297191,0.103365063,-0.093345231,-0.160260811,-0.018482965,-0.418582607
SCPT,57279,11,11.5,11.25,269,76.95603355,0.275746332,0.107690091,0.968405682,2,1,268.9486183,327.4157092,354.5370408,290.470593,431.1407257,0.000191028,-0.196519266,-0.276101448,-0.076790963,-0.471723167
SCPT,57279,11.5,12,11.75,253,69.07457251,0.167838879,0.085285345,0.876634116,2,1,236.6234687,288.0633532,319.1097439,277.782158,408.3424034,0.066919351,-0.129790944,-0.23214558,-0.093447713,-0.478716558
SCPT,57279,12,12.5,12.25,227,37.77531817,0.153958334,0.138447951,1.215548384,2,1,252.4255665,307.3006897,292.365293,255.7909128,406.2511302,-0.106166402,-0.302876696,-0.253054006,-0.119410346,-0.582021498
SCPT,57279,12.5,13,12.75,192.5,23.10634475,0.114236496,0.089908244,1.435395078,2,1,243.1151781,295.9663037,260.5412119,235.0835776,393.3388323,-0.233439161,-0.430149455,-0.302664898,-0.199844946,-0.714575255
SCPT,57279,13,13.5,13.25,202,16.37848115,0.09076037,0.053284211,1.582775235,2,1,233.1130397,283.7897874,239.1546053,221.8484051,384.5059236,-0.143255787,-0.339966082,-0.168842529,-0.093726591,-0.643691497
SCPT,57279,13.5,14,13.75,193,8.470871687,0.091864375,0.035439318,1.970115214,2,1,220.3715464,268.2784043,216.7576212,204.0489391,386.8478071,-0.13262478,-0.329335075,-0.116089587,-0.055669674,-0.695341163
SCPT,57279,14,14.5,14.25,235,17.92011877,0.111348632,0.071735258,1.582452,2,1,243.6773335,296.6506669,249.9229147,233.2616482,402.4722154,-0.036259432,-0.232969727,-0.061567015,0.007424737,-0.53804055
SCPT,57279,14.5,15,14.75,220,13.31758939,0.096054225,0.049988899,1.716878866,2,1,234.4643592,285.4348721,232.9741139,222.9053542,397.4040145,-0.063676044,-0.260386338,-0.057299802,-0.013119714,-0.591325886
SCPT,57279,15,15.5,15.25,193,19.69361618,0.112417279,0.101372048,1.528581753,2,1,247.1247906,300.8475712,253.578909,241.1483248,410.2384276,-0.247203245,-0.44391354,-0.272984864,-0.222722011,-0.754048332
SCPT,57279,15.5,16,15.75,229,23.71461308,0.151688322,0.123489801,1.500527738,2,1,262.5437395,319.6184655,274.0728979,256.2131449,430.6220227,-0.136695691,-0.333405985,-0.179672118,-0.112287692,-0.631508724
SCPT,57279,16,16.5,16.25,219,25.71146147,0.16743813,0.107470074,1.480423292,2,1,268.8067181,327.2429611,282.1793028,263.6295831,439.9159335,-0.204920871,-0.401631166,-0.253470965,-0.185473294,-0.697511919
SCPT,57279,16.5,17,16.75,243,25.45663405,0.190588785,0.054115611,1.526487469,2,1,276.425969,336.5185709,287.8746123,268.3494926,450.7973858,-0.128881598,-0.325591893,-0.169463568,-0.099228765,-0.61795654
SCPT,57279,17,17.5,17.25,220,24.50262808,0.162490056,0.069251944,1.500973672,2,1,269.0902215,327.5880957,278.1746549,265.5315951,444.7208528,-0.201419173,-0.398129467,-0.234621625,-0.18810629,-0.703819242
SCPT,57279,17.5,18,17.75,225,24.54372223,0.183958898,0.053149793,1.537944653,2,1,276.3109281,336.3785212,283.807981,270.4868684,455.2402486,-0.205426381,-0.402136675,-0.232197484,-0.184123149,-0.704724896
SCPT,57279,18,18.5,18.25,278,27.61248134,0.203772369,0.094794403,1.497151528,2,1,283.3973961,345.0055257,294.4571333,279.6128941,464.9954165,-0.019229025,-0.21593932,-0.057512321,-0.005785012,-0.514406435
SCPT,57279,18.5,19,18.75,310,32.98948637,0.238435197,0.063926133,1.438780342,2,1,294.2339533,358.1978562,312.0600961,292.827603,478.4772939,0.052197087,-0.144513207,-0.006623487,0.056988247,-0.43403646
SCPT,57279,19,19.5,19.25,264,7.411352302,0.108443124,0.081423936,2.019668731,2,1,222.2300931,270.5409828,200.7472804,222.8488725,430.0055431,0.172235803,-0.024474491,0.273902297,0.169455263,-0.487848996
SCPT,57279,19.5,20,19.75,255,1.824062812,0.050495413,0.393200791,2.755909086,2,1,167.1240774,203.4553986,124.1203471,172.1395832,387.8234772,0.42252703,0.225816736,0.720011909,0.392957867,-0.419286735
SCPT,154771,0,5.2,2.6,193,18.76301704,0.093325503,0,1.505015378,3,1,190.5584465,231.9841957,238.0369839,141.7338575,251.8715123,0.012731236,-0.183979059,-0.209735867,0.308739133,-0.266228897
SCPT,154771,5.2,11.21,8.205,224,17.30821277,0.08542273,0,1.528101655,3,1,216.8647497,264.0092605,237.3839413,193.4899674,336.0842037,0.032372166,-0.164338128,-0.058032784,0.146420389,-0.405715683
SCPT,154771,11.21,16.31,13.76,186,1.153232496,0.007478811,0.476286742,2.624487885,3,1,124.9358006,152.0957572,98.21152219,124.1937047,274.8217723,0.397946664,0.20123637,0.638623131,0.403904192,-0.390376113
SCPT,154771,16.31,19.7,18.005,209,1.621396893,0.014186442,0.470290908,2.546152597,3,1,144.5100744,175.925308,109.3244798,148.4004773,320.8326669,0.368985028,0.172274733,0.648013913,0.342419705,-0.428585448
SCPT,154771,19.7,26.7,23.2,299,7.159874182,0.191997596,0.082131816,2.315199648,3,1,254.6632976,310.024884,220.0424261,244.64133,484.9707804,0.160501302,-0.036208992,0.3066232,0.200650395,-0.483645069
SCPT,154771,26.7,29.2,27.95,235,4.771975659,0.124400373,0.041817192,2.430266294,3,1,232.0420651,282.4859923,176.5278432,234.6557543,479.4767436,0.012666844,-0.184043451,0.286106898,0.001465949,-0.713109878
SCPT,154771,29.2,32.2,30.7,287,5.493733188,0.087696523,0.057690661,2.228710024,3,1,228.2757694,277.9009367,171.5241243,236.3967634,465.4315028,0.228927803,0.032217508,0.514758293,0.193970621,-0.483482723
SCPT,154775,0,1.7,0.85,292.86,11.43345866,0.072533519,0,1.754119322,3,1,163.1021114,198.5590921,229.0981236,103.3686395,198.1803465,0.585318224,0.38860793,0.24554428,1.041393056,0.390517222
SCPT,154775,1.7,4.21,2.955,193.19,12.08640931,0.06124881,0,1.657738004,3,1,178.37336,217.1501773,224.9614288,134.1890725,247.2949409,0.079795279,-0.116915015,-0.1522548,0.364424366,-0.246907556
SCPT,154775,4.21,11.21,7.71,252.65,26.2526129,0.125658438,0.023167063,1.384282106,3,1,231.5649013,281.9050972,264.2130505,207.9516123,348.0928872,0.087144946,-0.109565348,-0.044750655,0.194699712,-0.32046423
SCPT,154775,11.21,18.71,14.96,241.36,14.20838333,0.072113284,0.032920214,1.599851229,3,1,225.7164779,274.7852774,223.9407263,219.9589116,383.4557314,0.067009906,-0.129700388,0.074908193,0.092848831,-0.462934586
SCPT,154775,18.71,24.71,21.71,214.89,1.63038627,0.01615487,0.680671298,2.565740777,3,1,148.8405331,181.1971707,99.66170084,158.0817809,342.0057356,0.367250784,0.17054049,0.76834481,0.30701377,-0.464701238
SCPT,154775,24.71,34.21,29.46,236.92,1.690461358,0.020568825,0.986908441,2.594924973,3,1,155.3792708,189.1573731,93.41122763,172.9720514,374.4400705,0.421853495,0.225143201,0.930710983,0.314592502,-0.457709233
SCPT,205818,0,0.5,0.25,30,0.846654005,0.052362589,0,3.190558999,6,2,80.83803595,98.41152203,354.2400831,42.29915662,119.1177053,-0.991250215,-1.187960509,-2.468777502,-0.343569766,-1.378914743
SCPT,205818,0.5,1,0.75,118,0.223630621,0.005659609,0.010068623,3.507835415,6,2,62.10987278,75.61201904,157.4219829,42.51949491,124.9960447,0.641779666,0.445069372,-0.288245365,1.02072195,-0.05759747
SCPT,205818,1,1.5,1.25,82,0.277864928,0.015153598,0.015249343,3.600074145,6,2,72.93725301,88.79317758,167.5057644,55.06051553,162.438569,0.117119724,-0.079590571,-0.714298518,0.398286385,-0.683580646
SCPT,205818,1.5,2,1.75,86,0.347236849,0.009924243,0.033078152,3.376688606,6,2,78.12231177,95.10542303,154.6200103,60.33174301,167.8202036,0.096071598,-0.100638696,-0.586623264,0.354488913,-0.668545893
SCPT,205818,2,2.5,2.25,81,0.321057987,0.005806897,0.099375203,3.315843183,6,2,75.6703257,92.1203965,133.4226415,61.21121513,166.7618979,0.06806307,-0.128647224,-0.499072691,0.280118728,-0.722117879
SCPT,205818,2.5,3,2.75,97,0.299605284,0.003939741,0.099365171,3.279271855,6,2,74.62085078,90.84277487,120.3843002,62.06300645,166.7618553,0.262291009,0.065580715,-0.215978148,0.446560876,-0.5418558
SCPT,205818,3,3.5,3.25,124,0.464221669,0.008716634,0.175906989,3.180545229,6,2,87.79130295,106.8763688,139.8373102,73.97069886,193.5249588,0.345319125,0.148608831,-0.120198112,0.516612512,-0.445124925
SCPT,205818,3.5,4,3.75,186,1.088487656,0.027384507,0.192853768,2.924207078,6,2,116.9373457,142.3585078,180.2516788,95.70279042,234.3453993,0.464108389,0.267398095,0.031392584,0.664499218,-0.231049419
SCPT,205818,4,4.5,4.25,244,4.699681721,0.032282668,0.030169336,2.085663175,6,2,159.145749,193.7426509,194.9408121,124.0117041,249.8147949,0.427347783,0.230637488,0.22447224,0.676792276,-0.023551598
SCPT,205818,4.5,5,4.75,129,4.182624321,0.067964669,0.33660351,2.334415359,6,2,168.8635773,205.5730506,218.0625659,133.7984525,282.818678,-0.26927875,-0.465989044,-0.524969617,-0.036522178,-0.784993574
SCPT,205818,5,5.5,5.25,189,2.194898192,0.04519752,0.047423226,2.621618451,6,2,148.787889,181.1330822,196.4513042,121.2033729,273.7851807,0.239225287,0.042514993,-0.03866757,0.444277113,-0.370596772
SCPT,205818,5.5,6,5.75,157,2.865450656,0.081836221,0.031478794,2.621679917,6,2,167.145029,203.4809049,221.4215063,135.6993444,303.2405597,-0.062616067,-0.259326361,-0.343822348,0.14580407,-0.658280612
SCPT,205818,6,6.5,6.25,308,15.78968874,0.36877003,0.033923827,2.02941436,6,2,262.7426263,319.8605886,331.0539737,201.2087294,381.4471085,0.158924837,-0.037785457,-0.072181642,0.425756959,-0.213872417
SCPT,205818,6.5,7,6.75,232,18.40202012,0.319506829,0.018469436,1.890257298,6,2,264.1018419,321.5152858,319.843634,207.6582484,382.2002291,-0.129597422,-0.326307716,-0.321094861,0.11084368,-0.49920726
SCPT,205818,7,7.5,7.25,276,7.796306986,0.144869467,0.273848936,2.179523942,6,2,213.6130488,260.0506682,250.8637052,175.2915486,348.9237195,0.25623467,0.059524376,0.095491081,0.453950286,-0.234452464
SCPT,205818,7.5,8,7.75,293,4.133160566,0.051318438,2.3664461,2.274199676,6,2,167.9928763,204.5130668,182.7017494,149.5271745,308.6242797,0.556251034,0.359540739,0.472317571,0.672694464,-0.051952005
SCPT,205818,8,8.5,8.25,379,5.651557474,0.084900299,3.373584451,2.214191875,6,2,186.5355028,227.086699,203.4103246,165.9530529,335.5289931,0.708914621,0.512204326,0.622310963,0.825831271,0.121827835
SCPT,205818,8.5,9,8.75,262,5.584204641,0.092128689,3.301423441,2.244193567,6,2,189.4394199,230.6219025,205.1121358,169.5457331,344.1689712,0.324275214,0.12756492,0.24478767,0.435221802,-0.272788228
SCPT,205818,9,9.5,9.25,278,4.265482262,0.077623808,2.544026462,2.362262665,6,2,179.5402194,218.5707018,191.5494191,163.2959972,340.6758614,0.437221868,0.240511573,0.372475275,0.532056626,-0.203310358
SCPT,205818,9.5,10,9.75,307,4.48371724,0.098078915,2.368060656,2.398054213,6,2,188.0374508,228.9151575,201.4248889,170.1706186,356.035135,0.490206598,0.293496304,0.421431195,0.590046175,-0.148181672
SCPT,205818,10,10.5,10.25,311,3.831035983,0.041893355,2.520041387,2.267948525,6,2,167.0797703,203.4014595,165.8415575,157.1891946,322.4463195,0.621321548,0.424611253,0.628760053,0.682342771,-0.036143759
SCPT,205818,10.5,11,10.75,315,4.584471579,0.11744817,2.723249193,2.43476457,6,2,193.5731704,235.6542944,203.2207975,178.0579648,373.6541075,0.486917056,0.290206762,0.438279579,0.570463497,-0.170757884
SCPT,205818,11,11.5,11.25,266,4.253300131,0.088203964,2.682889276,2.398431223,6,2,185.8149451,226.2094984,188.2891473,174.1968761,363.9639246,0.358745049,0.162034755,0.34551751,0.423310177,-0.313558446
SCPT,205818,11.5,12,11.75,277,4.42731274,0.104381404,2.743551883,2.42150834,6,2,191.6414623,233.3026497,193.7646082,179.8329063,376.2473956,0.368391264,0.17168097,0.357373444,0.431989385,-0.306229388
SCPT,205818,12,12.5,12.25,354,4.398998073,0.081034228,2.768183509,2.356189872,6,2,187.266626,227.9767621,183.770123,177.9810299,367.9072045,0.636763504,0.44005321,0.655611268,0.687619942,-0.038533832
SCPT,205818,12.5,13,12.75,226,3.789832003,0.049487981,2.474559867,2.316383893,6,2,174.3318991,212.2301381,163.8085031,169.085623,348.1878046,0.259574051,0.062863756,0.321836918,0.290129768,-0.432207003
SCPT,205818,13,13.5,13.25,253,5.019604286,0.13587436,2.371024474,2.421766927,6,2,206.6564873,251.5818106,205.4764535,193.5234078,401.7599984,0.202331556,0.005621261,0.208058043,0.267991013,-0.462465403
SCPT,205818,13.5,14,13.75,320,5.66868144,0.12672963,3.031348905,2.326791079,6,2,209.3385492,254.8469294,204.1484062,197.8334089,402.2483045,0.424368202,0.227657908,0.449473785,0.480895689,-0.228748575
SCPT,205818,14,14.5,14.25,294,5.540617973,0.107633805,3.269989493,2.29463156,6,2,204.733859,249.2412196,195.310445,196.4700223,397.3058401,0.361868881,0.165158586,0.408989449,0.403069906,-0.301126595
SCPT,205818,14.5,15,14.75,281,4.357805004,0.063125238,2.928788445,2.293033634,6,2,185.5410728,225.8760886,168.8854325,183.3190704,373.2637877,0.415078395,0.218368101,0.509134099,0.427126481,-0.283930706
SCPT,205818,15,15.5,15.25,275,4.135166414,0.069541177,2.828441759,2.351024915,6,2,186.4850172,227.0252383,168.4770061,185.1153874,381.0444367,0.388420199,0.191709904,0.48997182,0.395791752,-0.326144902
SCPT,205818,15.5,16,15.75,280,4.457973372,0.081345375,2.96475285,2.347491152,6,2,192.9316864,234.8733574,174.3736818,191.2890805,392.2961262,0.372453433,0.175743139,0.47358901,0.381003809,-0.337227375
SCPT,205818,16,16.5,16.25,289,4.233701369,0.060412837,2.806491651,2.300250813,6,2,186.2928618,226.79131,164.1575445,186.8580193,380.2645659,0.439106727,0.242396433,0.565600085,0.436077615,-0.274440548
SCPT,205818,16.5,17,16.75,252,4.018986637,0.039414821,2.93314741,2.225835612,6,2,176.7079348,215.1227032,150.673953,180.5186152,362.3578172,0.354930804,0.158220509,0.514310837,0.333595184,-0.363203081
SCPT,205818,17,17.5,17.25,290,4.350132859,0.061991834,2.909066254,2.292606116,6,2,189.0389667,230.1343943,163.9428162,191.1389068,387.428851,0.427927756,0.231217462,0.570363238,0.416880498,-0.289651299
SCPT,205818,17.5,18,17.75,274,3.226620566,0.029820538,2.301926648,2.288850861,6,2,167.6100499,204.0470173,136.6995197,173.6742622,354.0422229,0.491487957,0.294777662,0.695342876,0.455946618,-0.256288073
SCPT,205818,18,18.5,18.25,244,2.385196323,0.034347516,1.272636024,2.507028092,6,2,164.7818837,200.6040323,131.6301008,169.5461445,362.339685,0.392545543,0.195835249,0.617172503,0.364043097,-0.395413903
SCPT,205818,18.5,19,18.75,257,4.633110304,0.121664518,0.687033336,2.431192691,6,2,213.0679842,259.3871112,188.1846476,208.7674911,432.1401283,0.187464795,-0.009245499,0.311652436,0.207854935,-0.519673822
SCPT,205818,19,19.5,19.25,273,5.072699167,0.069551101,3.493236548,2.228788634,6,2,198.1030778,241.1689643,167.8824895,203.4004187,404.7957438,0.320684305,0.123974011,0.486207528,0.294295253,-0.393910809
SCPT,205818,19.5,20,19.75,313,5.135010861,0.067975777,3.571727768,2.213600495,6,2,198.3062617,241.4163185,166.4193923,204.8262489,406.2555919,0.456390579,0.259680285,0.631692129,0.424041137,-0.260779308
SCPT,205818,20,20.5,20.25,265,4.913698901,0.070415236,3.445281894,2.249833874,6,2,198.3285828,241.4434921,164.6250738,205.5512298,410.577917,0.289804662,0.093094367,0.476059218,0.25403453,-0.437835895
SCPT,205818,20.5,21,20.75,274,6.599448046,0.119249599,4.246323392,2.215141359,6,2,221.5443139,269.7061212,189.9931117,225.5801911,443.3701369,0.212505474,0.01579518,0.366140289,0.194452396,-0.481276838
SCPT,205818,21,21.5,21.25,330,6.29219965,0.102365752,4.099982396,2.200525377,6,2,216.5823066,263.6654168,182.6341933,222.6851332,437.1296672,0.42112201,0.224411716,0.591607446,0.39333384,-0.281137218
SCPT,205818,21.5,22,21.75,274,6.386022225,0.21953055,3.467281869,2.420906217,6,2,240.5383563,292.8293033,207.6468397,239.2908579,485.6099575,0.130248544,-0.06646175,0.277289356,0.135448316,-0.572277639
SCPT,205818,22,22.5,22.25,323,6.035695951,0.212314685,2.708102203,2.444827377,6,2,240.0115872,292.1880192,204.7268549,238.1974526,486.090046,0.296965121,0.100254827,0.455975648,0.304552361,-0.408741563
SCPT,205818,22.5,23,22.75,289,5.767449706,0.165049559,3.065417485,2.394359196,6,2,230.3586541,280.4366224,191.7422482,233.1846124,472.9279593,0.226789228,0.030078934,0.410274675,0.21459622,-0.492516383
SCPT,205818,23,23.5,23.25,314,5.49206842,0.149936643,2.94893549,2.396337245,6,2,226.6226861,275.8884874,185.6525051,231.10184,469.4666078,0.326106527,0.129396233,0.525516312,0.306534507,-0.402204187
SCPT,205818,23.5,24,23.75,311,4.598741487,0.055727318,3.06706659,2.230573221,6,2,196.1392585,238.7782278,151.598584,208.734268,414.4699144,0.460968003,0.264257708,0.71855678,0.398730914,-0.287207477
SCPT,205818,24,24.5,24.25,361,4.279414216,0.046328064,3.07186981,2.226167332,6,2,189.895948,231.1776759,143.5066744,204.6208854,406.5573964,0.642401678,0.445691384,0.922496413,0.567719031,-0.118847157
SCPT,205818,24.5,25,24.75,289,5.323696311,0.082081736,3.53759115,2.241818803,6,2,209.8860985,255.5135112,163.7612679,222.6828921,440.9186242,0.319861693,0.123151399,0.568017005,0.260677937,-0.422433645
SCPT,205818,25,25.5,25.25,293,5.577326751,0.101467894,3.627662757,2.273269392,6,2,217.3098326,264.5511006,170.1655541,229.4326136,455.6972105,0.298848474,0.10213818,0.543400798,0.244563245,-0.441655968
SCPT,205818,25.5,26,25.75,332,5.063103522,0.03977746,3.884050904,2.089494832,6,2,192.0873218,233.8454352,144.5677783,210.4834217,405.1820266,0.547184899,0.350474605,0.831386518,0.455728076,-0.199201446
SCPT,205818,26,26.5,26.25,281,4.241342118,0.059944234,2.565346026,2.293661123,6,2,197.5565959,240.5036819,145.4818205,213.4260662,428.8925477,0.352329565,0.15561927,0.658303536,0.275064191,-0.422851747
SCPT,205818,26.5,27,26.75,357,5.994031348,0.08358381,3.540626529,2.176416811,6,2,217.2918027,264.5291511,167.5495163,231.8140517,451.130384,0.496494619,0.299784325,0.756456854,0.431800233,-0.234020616
SCPT,205818,27,27.5,27.25,377,5.470252114,0.064034013,3.823665946,2.159054332,6,2,206.8063858,251.7642958,155.300862,224.932996,437.5227,0.600462166,0.403751872,0.886880907,0.516442625,-0.148883403
SCPT,205818,27.5,28,27.75,305,5.101704202,0.065638683,3.233378693,2.2086314,6,2,206.5560721,251.459566,153.1375112,224.273815,440.7290546,0.389739866,0.193029571,0.688975493,0.307444083,-0.368118521
SCPT,205818,28,28.5,28.25,326,6.108096351,0.08778848,3.768873074,2.17887061,6,2,220.1229098,267.9757163,166.709512,236.9600545,460.3928544,0.39271131,0.196001016,0.670644533,0.319005801,-0.345182775
SCPT,205818,28.5,29,28.75,331,5.431853953,0.060591661,3.62150444,2.151234173,6,2,207.2268004,252.2761048,152.6843487,227.0337473,440.2973143,0.468304528,0.271594234,0.773745665,0.377019702,-0.285331838
SCPT,57355,0,0.5,0.25,67,2.014640123,0.050474037,0.02034797,2.701108269,2,1,100.6891818,122.5781344,347.7636317,50.87595824,126.3352432,-0.407345745,-0.604056039,-1.64683041,0.275302141,-0.634246415
SCPT,57355,0.5,1,0.75,73,2.464081853,0.087992291,0.031199332,2.730711234,2,1,126.7435692,154.296519,293.951809,75.14079116,181.1295688,-0.551706464,-0.748416758,-1.392956398,-0.028904128,-0.908753184
SCPT,57355,1,1.5,1.25,78,2.318228466,0.02118518,0.052769597,2.412674363,2,1,118.0990396,143.7727439,197.7216267,76.66647292,172.0003737,-0.414814764,-0.611525059,-0.930151289,0.017244334,-0.790787823
SCPT,57355,1.5,2,1.75,97,1.578120682,0.016880958,0.053290745,2.57731381,2,1,112.5184112,136.9789354,183.7314235,78.28514329,181.5794895,-0.148405885,-0.345116179,-0.638764058,0.214353134,-0.626982538
SCPT,57355,2,2.5,2.25,110.5,4.269463395,0.022358113,0.036947997,2.045733474,2,1,139.084022,169.3196789,185.2154174,99.2458739,202.3183339,-0.230062704,-0.426772998,-0.516504045,0.107415175,-0.604826847
SCPT,57355,2.5,3,2.75,127,4.842088216,0.025617394,0.033810515,2.018861301,2,1,148.0458873,180.2297759,187.0274627,108.11798,216.9386063,-0.153335189,-0.350045483,-0.387068379,0.160964048,-0.535427307
SCPT,57355,3,3.5,3.25,124,1.412329279,0.018355984,0.012898844,2.645396133,2,1,118.6268981,144.4153542,168.1034455,92.28132833,214.7925523,0.044298308,-0.152411986,-0.304297971,0.295439738,-0.549391124
SCPT,57355,3.5,4,3.75,111.5,1.849421874,0.019020514,0.042258812,2.475023886,2,1,126.2540193,153.7005452,167.0017081,100.1416791,224.2277835,-0.124271312,-0.320981607,-0.403979449,0.107438616,-0.698637835
SCPT,57355,4,4.5,4.25,81.5,5.032135837,0.029128891,0.030075411,2.02283991,2,1,158.9589487,193.5152419,187.6396285,124.0928734,246.4760742,-0.668042964,-0.864753259,-0.833920233,-0.420427244,-1.106661907
SCPT,57355,4.5,5,4.75,120,3.759996488,0.015881129,0.067512016,2.075789113,2,1,147.2145747,179.2177431,168.0813779,116.7154674,233.8038926,-0.204399471,-0.401109766,-0.336956511,0.027752672,-0.666990955
SCPT,57355,5,5.5,5.25,150,2.970749336,0.022950831,0.046839658,2.28657501,2,1,148.312607,180.554478,173.7060331,119.6148592,251.1377085,0.011313039,-0.185397255,-0.146729111,0.22635822,-0.515366134
SCPT,57355,5.5,6,5.75,133.5,0.805383679,0.015401538,0,2.965174776,2,1,113.5029077,138.1774529,141.8470782,98.35341061,241.6670917,0.162273022,-0.034437272,-0.060648086,0.305534255,-0.593459647
SCPT,57355,6,6.5,6.25,119,0.94587665,0.031172425,0.030749422,3.040574004,2,1,124.5602167,151.6385246,159.7278845,109.2320296,270.8466363,-0.045665774,-0.242376068,-0.294348152,0.085649161,-0.82242925
SCPT,57355,6.5,7,6.75,112.5,0.997088506,0.027533982,0.070374907,2.97511736,2,1,125.4785054,152.7564413,153.4566283,111.2972429,271.8686604,-0.10918125,-0.305891545,-0.310464753,0.010748735,-0.882365862
SCPT,57355,7,7.5,7.25,134,2.067150959,0.026046783,0.048879533,2.485446251,2,1,143.6342993,174.859147,163.1699817,125.5227273,276.3335336,-0.069430681,-0.266140975,-0.19695269,0.065352964,-0.723768791
SCPT,57355,7.5,8,7.75,143.5,8.216491327,0.045142831,0.010326115,1.826464464,2,1,189.3131606,230.4681955,201.4174963,163.2723167,304.9701684,-0.277067543,-0.473777837,-0.339044814,-0.129084426,-0.753878928
SCPT,57355,8,8.5,8.25,139,12.10518772,0.045642069,0.03628759,1.599218381,2,1,196.9936135,239.8183121,208.384132,175.8337798,311.1744906,-0.348697376,-0.545407671,-0.404909232,-0.235065183,-0.805879885
SCPT,57355,8.5,9,8.75,151,11.7642618,0.049871434,0.050087953,1.635013076,2,1,200.2537989,243.7872334,210.7118838,179.3182854,319.440594,-0.28230572,-0.479016014,-0.333211884,-0.171882521,-0.749291485
SCPT,57355,9,9.5,9.25,203,14.93406784,0.071333242,0.037321525,1.577298295,2,1,214.3570487,260.9564072,228.0266927,194.1622532,339.9994781,-0.054437098,-0.251147392,-0.116256716,0.044511813,-0.515738103
SCPT,57355,9.5,10,9.75,196,10.09619526,0.069841673,0.037449408,1.799462336,2,1,208.378104,253.6776918,218.1280491,185.9020608,342.6247988,-0.061239578,-0.257949872,-0.106967612,0.052894679,-0.558521308
SCPT,57355,10,10.5,10.25,218,7.303611606,0.056388853,0.021597952,1.930444235,2,1,196.7869567,239.5667299,202.8856887,176.7533685,336.6666108,0.102373357,-0.094336937,0.071852352,0.2097397,-0.434598093
SCPT,57355,10.5,11,10.75,172.5,16.49766847,0.091679509,0.042284414,1.581075219,2,1,227.5965545,277.0740664,240.3799441,209.7024843,365.1726589,-0.277177327,-0.473887622,-0.331823536,-0.195292548,-0.749973043
SCPT,57355,11,11.5,11.25,186,16.94450345,0.093995332,0.049204243,1.571811451,2,1,230.0703176,280.0856041,242.1817628,213.6332723,370.6749318,-0.212638317,-0.409348612,-0.263941857,-0.138514191,-0.68957881
SCPT,57355,11.5,12,11.75,177,12.2371825,0.081285607,0.050228365,1.713788058,2,1,220.0658241,267.9062206,226.7057733,203.8607899,366.88344,-0.217776969,-0.414487264,-0.247503291,-0.141287626,-0.728894463
SCPT,57355,12,12.5,12.25,164,2.970579166,0.04214307,0.104015056,2.415214749,2,1,172.3805081,209.8545316,166.2781297,159.2773678,336.8792427,-0.049837862,-0.246548156,-0.013795439,0.029219294,-0.719858108
SCPT,57355,12.5,13,12.75,162,7.604582801,0.048539753,0.017259748,1.887817043,2,1,201.2727432,245.0276874,196.0943988,186.5813114,349.0384092,-0.217064584,-0.413774879,-0.190999835,-0.141270795,-0.767585636
SCPT,57355,13,13.5,13.25,204,9.454671713,0.074724987,0.024490199,1.86809811,2,1,218.3448861,265.8111656,215.4845267,201.690886,373.3887596,-0.067955865,-0.264666159,-0.054769111,0.011383736,-0.604500134
SCPT,57355,13.5,14,13.75,173,7.005054867,0.060344303,0.005890006,1.975442733,2,1,205.0401689,249.6141186,198.1374229,191.7359528,365.7658096,-0.169914311,-0.366624605,-0.13566925,-0.102827585,-0.74870167
SCPT,57355,14,14.5,14.25,172,16.45622582,0.140500747,0.023038462,1.701319228,2,1,251.7393498,306.4652954,257.1328758,234.9071783,414.5636438,-0.380899749,-0.577610044,-0.402098501,-0.311695973,-0.879732029
SCPT,57355,14.5,15,14.75,210,16.97892413,0.147069856,0.096421498,1.696322469,2,1,255.2179809,310.7001506,259.8921868,239.1475149,420.7884114,-0.195010476,-0.391720771,-0.213159348,-0.129973048,-0.695022591
SCPT,57355,15,15.5,15.25,259,18.9397622,0.167167299,0.100296982,1.667769161,2,1,263.474941,320.752102,269.6648176,247.8253501,431.8294683,-0.017130201,-0.213840495,-0.04035171,0.044103797,-0.511202699
SCPT,57355,15.5,16,15.75,249,16.20164305,0.145579349,0.075870681,1.722377349,2,1,256.1381992,311.8204165,256.7243595,241.7095749,427.1211197,-0.028264243,-0.224974537,-0.030550082,0.029715995,-0.539614729
SCPT,57355,16,16.5,16.25,292,36.81546513,0.079874146,0.042255306,1.067277651,2,1,229.8924141,279.8690258,268.654154,261.07426,400.6223006,0.239142368,0.042432073,0.083328923,0.111948914,-0.316265287
SCPT,57355,16.5,17,16.75,289,27.61904824,0.065316397,0.061507104,1.19727739,2,1,228.7267982,278.4500152,249.9565912,248.4266919,392.4493734,0.233898418,0.037188124,0.14513942,0.151278888,-0.305980856
SCPT,57355,17,17.5,17.25,218,31.51341379,0.091730165,0.107739294,1.18290764,2,1,239.1827745,291.1790299,267.3294083,262.5686145,413.6331019,-0.092732944,-0.289443238,-0.203986574,-0.186017374,-0.640484291
SCPT,57355,17.5,18,17.75,191,10.74390766,0.082872646,0.133722538,1.815296942,2,1,231.7104869,282.0823318,216.9875232,224.770046,407.9110276,-0.193215263,-0.389925557,-0.127566427,-0.162804434,-0.758775653
SCPT,57355,18,18.5,18.25,215,9.130834502,0.078090045,0.127460875,1.894784251,2,1,226.7196334,276.0065103,208.0105371,220.1800172,407.137231,-0.053076131,-0.249786425,0.033049291,-0.023807444,-0.638512277
SCPT,57355,18.5,19,18.75,196,10.44356241,0.081616178,0.105354274,1.769758753,2,1,225.307272,274.2871138,213.4343753,227.0052124,412.7029753,-0.139350465,-0.336060759,-0.085214751,-0.14685832,-0.744613487
SCPT,57355,19,19.5,19.25,184,1.036766315,0.023794388,0.480830684,2.92074615,2,1,137.9336475,167.9192231,92.81274801,148.0228881,347.951153,0.288163003,0.091452709,0.684351756,0.217568847,-0.637126347
SCPT,57355,19.5,20,19.75,194,3.664257205,0.040901959,0.258085322,2.247687361,2,1,184.6190257,224.7535965,150.6327281,187.029385,379.2974138,0.049563778,-0.147146516,0.253013549,0.036592416,-0.670462471
SCPT,156296,0,3,1.5,151.3,0.484504295,0.001817588,0.001236045,2.784479053,7,2,71.59679607,87.16131695,145.3010753,48.63058182,120.6670431,0.748214296,0.551504001,0.04045665,1.135012032,0.226229578
SCPT,156296,3,3.5,3.25,210.9,6.992593679,0.027626888,0.004134958,1.819671327,7,2,158.8793558,193.4183462,190.3810108,120.1954365,229.2144928,0.283238942,0.086528648,0.102356703,0.562265032,-0.083274127
SCPT,156296,3.5,4,3.75,198.7,11.7287507,0.066568936,0.008952632,1.70635242,7,2,187.0940497,227.7666692,222.3764539,144.973972,267.5175262,0.06018472,-0.136525575,-0.112575535,0.315241927,-0.297388933
SCPT,156296,4,4.5,4.25,173.5,12.34418588,0.066557964,0.013413499,1.675285131,7,2,190.6822838,232.1349542,221.9506798,151.2348255,276.2565052,-0.094431008,-0.291141302,-0.246277595,0.137343835,-0.465152201
SCPT,156296,4.5,5,4.75,198.1,11.38473889,0.04975658,0.014642871,1.655503445,7,2,185.2369967,225.505909,209.8106595,150.5141689,273.4564245,0.067135885,-0.129574409,-0.057433549,0.274714729,-0.32237033
SCPT,156296,5,5.5,5.25,245.6,2.949487854,0.026801638,0.022172575,2.27724049,7,2,147.006926,178.9649533,180.0748776,121.0394838,256.239468,0.513224495,0.316514201,0.310331445,0.707587391,-0.042408233
SCPT,156296,5.5,6,5.75,180.6,5.099162697,0.027067698,0.009700393,1.971555134,7,2,161.9940942,197.2102016,185.1745844,134.4406164,263.6233813,0.108724762,-0.087985532,-0.025014439,0.295162053,-0.378236858
SCPT,156296,6,6.5,6.25,234.1,9.164028195,0.024361066,0.008962089,1.639892284,7,2,174.4082968,212.323144,186.1715479,148.4168164,266.7485402,0.294349291,0.097638996,0.229079825,0.455723732,-0.130558043
SCPT,156296,6.5,7,6.75,240.9,8.959039743,0.022421816,0.029238645,1.637716818,7,2,174.2784762,212.1651015,183.8164577,150.1028536,269.0416274,0.323727452,0.127017157,0.270444162,0.47306116,-0.110484207
SCPT,156296,7,7.5,7.25,247.7,9.826061932,0.027199505,0.038062384,1.618768477,7,2,180.432621,219.6571038,189.7890818,157.6784682,281.1177987,0.316860919,0.120150625,0.266304977,0.451660388,-0.126555457
SCPT,156296,7.5,8,7.75,251.9,9.488342183,0.030616773,0.042670736,1.663641791,7,2,183.9604237,223.9518201,192.6758872,161.4049628,290.2672711,0.314311538,0.117601243,0.268022747,0.44511568,-0.14176994
SCPT,156296,8,8.5,8.25,232.5,10.05482606,0.030191823,0.049725612,1.625168596,7,2,185.6783013,226.0431494,192.912015,165.4245044,294.4934851,0.224874612,0.028164317,0.186656021,0.340375301,-0.236366656
SCPT,156296,8.5,9,8.75,207.4,6.91237574,0.027386315,0.056253659,1.823450097,7,2,179.1162484,218.0545633,183.4898655,158.0386042,294.3335684,0.146614268,-0.050096026,0.122489859,0.271809962,-0.350064415
SCPT,156296,9,9.5,9.25,184,3.774379139,0.050500836,0.079692826,2.273126913,7,2,173.0343244,210.6504819,187.7184797,154.774517,321.7798518,0.061445776,-0.135264518,-0.020007634,0.172966429,-0.558931864
SCPT,156296,9.5,10,9.75,152.8,1.848420638,0.032946951,0.05749446,2.631690508,7,2,149.6634038,182.1989264,157.9931109,136.7797971,306.8622247,0.020741079,-0.175969216,-0.033421553,0.110757565,-0.697268991
SCPT,156296,10,10.5,10.25,174.3,8.332768225,0.082959595,0.027292377,1.970192864,7,2,211.0323553,256.9089543,221.7838818,186.0068009,354.3408696,-0.191233512,-0.387943806,-0.24092545,-0.065005285,-0.709481406
SCPT,156296,10.5,11,10.75,269.1,12.3108651,0.096147853,0.049761302,1.768112223,7,2,224.4807934,273.2809658,235.9498504,201.8420583,366.6436879,0.181292907,-0.015417387,0.131463774,0.287597556,-0.309307441
SCPT,156296,11,11.5,11.25,225,10.41768389,0.038520005,0.042787434,1.652326211,7,2,198.7129767,241.9114499,199.8785466,184.9660119,328.9010928,0.124238947,-0.072471347,0.118390487,0.195928314,-0.379656674
SCPT,156296,11.5,12,11.75,212.1,10.6622698,0.063963589,0.033171731,1.751688652,7,2,212.6264146,258.8495482,215.7129812,195.9202017,355.266982,-0.002478842,-0.199189137,-0.016890872,0.07935042,-0.515811707
SCPT,156296,12,12.5,12.25,195.5,8.782429054,0.064873839,0.074835585,1.875049604,7,2,210.5652805,256.3403414,210.3059387,192.9722947,359.1803935,-0.074235347,-0.270945641,-0.073002942,0.013013752,-0.608264372
SCPT,156296,12.5,13,12.75,170.3,1.972268708,0.034412869,0.296477665,2.606042106,7,2,155.0473909,188.7533454,146.1586679,149.3035507,330.4585881,0.09383077,-0.102879524,0.15286879,0.131580101,-0.662919763
SCPT,156296,13,13.5,13.25,243.7,8.960403446,0.060562687,0.03307044,1.835395141,7,2,210.17579,255.8661792,207.5398589,196.6770631,363.1823943,0.147993685,-0.04871661,0.160614548,0.214374851,-0.398967211
SCPT,156296,13.5,14,13.75,204.4,13.4974726,0.064066694,0.080302171,1.615496727,7,2,221.0113267,269.0572673,221.2949161,211.7767691,370.4165769,-0.078135094,-0.274845388,-0.079417416,-0.035453886,-0.594549397
SCPT,156296,14,14.5,14.25,260.7,12.1129627,0.040064553,0.088710327,1.577171721,7,2,208.0715184,253.3044571,204.4620242,202.5370905,351.3719095,0.225488462,0.028778168,0.242988063,0.252447288,-0.298474913
SCPT,156296,14.5,15,14.75,250.5,11.49591891,0.038452904,0.093777975,1.593520911,7,2,206.6156503,251.532096,200.9161549,202.2654731,352.4302445,0.192598615,-0.004111679,0.220571239,0.213877863,-0.341393794
SCPT,156296,15,15.5,15.25,196.1,3.327910569,0.032171125,0.189557641,2.287915251,7,2,175.3855365,213.512827,156.1540782,168.2653342,344.1000322,0.111638117,-0.085072177,0.227781532,0.153082629,-0.562307673
SCPT,156296,15.5,16,15.75,182.1,5.911340252,0.050615689,0.088125622,2.0521007,7,2,201.5254972,245.3353879,186.153035,191.4954742,369.5429188,-0.101359924,-0.298070218,-0.022013118,-0.050308188,-0.707710901
SCPT,156296,16,16.5,16.25,193.4,8.871743195,0.078742576,0.113178648,1.918531634,7,2,223.5068553,272.0953021,211.8199659,212.4489875,395.6910285,-0.144681503,-0.341391797,-0.090976113,-0.093941318,-0.715873093
SCPT,156296,16.5,17,16.75,207.3,6.59598801,0.10312123,0.236593935,2.159706669,7,2,220.8436058,268.8530853,206.82361,209.9430724,412.0631034,-0.063287765,-0.25999806,0.002300715,-0.012669391,-0.687009482
SCPT,156296,17,17.5,17.25,175.2,12.30776275,0.114760887,0.0948538,1.821348427,7,2,244.4832159,297.6317411,235.7722235,233.6251768,422.9026142,-0.333218482,-0.529928776,-0.296938006,-0.287789844,-0.881213747
SCPT,156296,17.5,18,17.75,206.4,12.66166451,0.089346279,0.050570719,1.734811328,7,2,237.395821,289.0036081,227.2831448,231.5906175,412.420042,-0.139912845,-0.336623139,-0.096380541,-0.1151552,-0.692226316
SCPT,156296,18,18.5,18.25,229.1,12.53096009,0.065939946,0.00869812,1.663424935,7,2,228.4044001,278.0575305,216.9096034,227.2364684,399.2178981,0.003040847,-0.193669447,0.054677897,0.008167403,-0.555348789
SCPT,156296,18.5,19,18.75,216.8,13.74413139,0.045955303,0.107932917,1.529188457,7,2,219.9918253,267.8161352,210.5066685,225.1681404,383.7893397,-0.014615119,-0.211325413,0.029457938,-0.037872144,-0.571118538
SCPT,156296,19,19.5,19.25,223.9,8.939907701,0.046705587,0.152607344,1.777316707,7,2,213.3716142,259.7567477,194.4033935,213.4877743,385.9387295,0.04816421,-0.148546084,0.141264175,0.047619956,-0.544479101
SCPT,156296,19.5,20,19.75,179.1,13.51353555,0.074303016,0.058299405,1.637240418,7,2,234.0715962,284.9567258,221.9595825,237.1621489,413.883563,-0.267682726,-0.464393021,-0.214550995,-0.280799771,-0.837640376
SCPT,156296,20,20.5,20.25,169,13.71464767,0.102378331,0.139301731,1.720678299,7,2,247.0854654,300.799697,232.852864,245.7780742,434.2806074,-0.379835575,-0.57654587,-0.320508054,-0.374530276,-0.943792171
SCPT,156296,20.5,21,20.75,187.1,5.95780641,0.045230412,0.206484267,2.011138791,7,2,204.6843507,249.1809486,174.3282811,205.069424,390.5272314,-0.089825806,-0.286536101,0.070703039,-0.091705342,-0.735854468
SCPT,156296,21,21.5,21.25,222.9,2.499749148,0.019745901,1.066981463,2.356743406,7,2,163.0140663,198.4519068,122.4135219,170.053536,350.4965529,0.312886747,0.116176453,0.599318403,0.270609935,-0.452627631
SCPT,156296,21.5,22,21.75,314.3,1.382016888,0.003808442,0.689345343,2.521594428,7,2,136.6858879,166.4002114,89.76806332,136.7401252,282.7533591,0.83266244,0.635952145,1.253118674,0.832265716,0.105772949
SCPT,156296,22,22.5,22.25,366.9,2.621216506,0.008068863,0.973143791,2.216267739,7,2,158.5736556,193.0461895,116.1950724,161.0286203,315.8018349,0.838870142,0.642159847,1.149818894,0.823507217,0.149974419
SCPT,156296,22.5,23,22.75,246,3.291750992,0.024077456,1.413917559,2.238424987,7,2,175.0382183,213.0900049,133.3371899,183.310063,366.660283,0.340327195,0.143616901,0.612450354,0.294152483,-0.399104224
SCPT,156296,23,23.5,23.25,319.7,2.384094295,0.009666911,0.956253621,2.27830562,7,2,157.1655592,191.3319851,110.8760317,163.2084335,326.6592633,0.710083289,0.513372995,1.05897031,0.672354939,-0.021534563
SCPT,156296,23.5,24,23.75,222.6,1.51043223,0.002269701,0.947710217,2.337729231,7,2,132.3206977,161.0860668,82.21952443,136.3752233,271.2300968,0.520147935,0.32343764,0.995983641,0.489966357,-0.197591088
SCPT,156296,24,24.5,24.25,318.8,3.355733034,0.030934296,0.440720747,2.307078962,7,2,185.193977,225.4535373,138.8514324,191.0450011,385.028271,0.543160147,0.346449852,0.831159417,0.512054939,-0.188752816
SCPT,156296,24.5,25,24.75,344.1,2.498181197,0.020237947,0.730517686,2.375607738,7,2,167.7179164,204.178333,118.5047077,177.7667572,365.4534523,0.718648814,0.521938519,1.065979625,0.660459975,-0.060206605
SCPT,156296,25,25.5,25.25,301.2,4.009940558,0.071522656,0.492836576,2.365154702,7,2,204.6897131,249.1874768,158.7605544,212.5041304,434.3376333,0.386279258,0.189568964,0.640377376,0.348813071,-0.366047693
SCPT,156296,25.5,26,25.75,407.3,16.14528476,0.183241392,0.019856124,1.797875773,7,2,282.8572115,344.3479096,257.7968412,282.3284488,498.3960547,0.364607797,0.167897503,0.457378177,0.366478909,-0.201845037
SCPT,57346,0,0.5,0.25,55,2.068672951,0.103004808,0.012640079,2.885656488,2,1,108.0179711,131.5001387,438.1762586,54.18515435,138.6379759,-0.674964427,-0.871674721,-2.075288061,0.014926219,-0.92453286
SCPT,57346,0.5,1,0.75,65,2.136078169,0.152396745,0.045173332,2.980014507,2,1,129.7867948,158.0013154,348.3216252,77.04427478,194.3297584,-0.691505794,-0.888216088,-1.678738993,-0.169992984,-1.095169232
SCPT,57346,1,1.5,1.25,80,2.690183799,0.047738406,0.053596423,2.457241411,2,1,127.3300428,155.0104868,229.6144432,83.79091924,191.3710629,-0.464755843,-0.661466137,-1.054374934,-0.046298005,-0.872187647
SCPT,57346,1.5,2,1.75,113,14.22763785,0.072519074,0.073292223,1.611019883,2,1,174.2915106,212.1809694,225.1132241,121.2667844,223.0647293,-0.433341427,-0.630051721,-0.689215675,-0.070605129,-0.680074177
SCPT,57346,2,2.5,2.25,134,15.36891432,0.082898521,0.068163996,1.595450862,2,1,183.7869706,223.7406599,231.7564498,133.0612477,242.1788155,-0.315937518,-0.512647813,-0.547847235,0.007030269,-0.59183656
SCPT,57346,2.5,3,2.75,134,12.89076568,0.028549274,0.073055968,1.483195502,2,1,164.5067529,200.2690905,193.6601371,125.614374,221.616188,-0.20511182,-0.401822115,-0.368264952,0.06462311,-0.503107203
SCPT,57346,3,3.5,3.25,131,13.66796051,0.053910683,0.067208943,1.56395251,2,1,180.4042982,219.6226239,213.9880527,139.9264632,251.2699362,-0.32000311,-0.516713404,-0.490722862,-0.065919699,-0.651330481
SCPT,57346,3.5,4,3.75,140,12.72038548,0.034034166,0.051368141,1.506524051,2,1,172.5134488,210.0163724,199.061111,138.7341042,245.3221335,-0.208832775,-0.405543069,-0.351969445,0.009083241,-0.560929755
SCPT,57346,4,4.5,4.25,140,22.86728638,0.030754921,0.037964692,1.164183393,2,1,174.5864015,212.5399671,203.3037614,155.0170379,251.0191045,-0.220777334,-0.417487628,-0.3730588,-0.10189261,-0.583886627
SCPT,57346,4.5,5,4.75,134,12.86298391,0.017981296,0.026829938,1.410670503,2,1,168.0342287,204.5634088,185.33206,140.774379,239.7820291,-0.226327901,-0.423038195,-0.324309335,-0.04931866,-0.581890499
SCPT,57346,5,5.5,5.25,148,13.02329514,0.06272417,0.03562157,1.639898965,2,1,196.0632873,238.6857411,223.1300711,160.8618523,289.3506081,-0.281225228,-0.477935522,-0.410542606,-0.083333663,-0.670426856
SCPT,57346,5.5,6,5.75,152,14.6110567,0.083636208,0.04295658,1.628499143,2,1,206.1921494,251.0165297,236.2073961,171.8027382,307.6519478,-0.304927977,-0.501638271,-0.440829695,-0.122466427,-0.705088584
SCPT,57346,6,6.5,6.25,151,24.78311141,0.041381691,0.0142161,1.167037759,2,1,189.4714868,230.6609405,218.8325182,178.9783084,287.8816073,-0.226958711,-0.423669005,-0.371026843,-0.169984779,-0.645269473
SCPT,57346,6.5,7,6.75,128,18.12862401,0.047015148,0.028864132,1.364031946,2,1,194.9394647,237.3176092,216.9558458,176.668002,297.7750859,-0.420658809,-0.617369103,-0.527663593,-0.322242013,-0.844308192
SCPT,57346,7,7.5,7.25,130,14.79932998,0.122194749,0.018782028,1.7266253,2,1,225.0333289,273.9536178,251.935458,189.4704115,342.790223,-0.548714069,-0.745424364,-0.661638485,-0.376698422,-0.969584215
SCPT,57346,7.5,8,7.75,157,14.89549448,0.062165169,0.033893462,1.55184184,2,1,206.35291,251.2122382,225.3663893,182.6632432,319.325698,-0.273342053,-0.470052347,-0.361481669,-0.151398451,-0.709965773
SCPT,57346,8,8.5,8.25,160,12.15332858,0.109782633,0.062346758,1.817062004,2,1,221.5530701,269.716781,241.5106849,189.2289139,348.7936934,-0.32548834,-0.522198634,-0.411739901,-0.167783651,-0.779306796
SCPT,57346,8.5,9,8.75,186,12.20109059,0.091428821,0.072950666,1.763418599,2,1,217.4838603,264.7629603,233.416012,189.5626906,345.7222575,-0.156377968,-0.353088263,-0.227075647,-0.018973117,-0.619889055
SCPT,57346,9,9.5,9.25,173,16.66333475,0.038384676,0.059226802,1.378175739,2,1,197.852523,240.863941,212.3003407,187.3608039,313.9373146,-0.134230325,-0.330940619,-0.204710379,-0.079744596,-0.595901737
SCPT,57346,9.5,10,9.75,183,16.64801026,0.032218496,0.026868066,1.348135087,2,1,195.1456234,237.568585,207.931286,187.3582786,310.9889005,-0.064259914,-0.260970208,-0.127721517,-0.023536559,-0.530271069
SCPT,57346,10,10.5,10.25,155,15.13872115,0.027422421,0.069842881,1.377978616,2,1,192.8958261,234.8297014,202.2902998,184.911899,308.2060491,-0.218725165,-0.415435459,-0.266278677,-0.176454373,-0.687343433
SCPT,57346,10.5,11,10.75,173,16.27909582,0.037039072,0.083515736,1.385254529,2,1,200.6415003,244.2592177,211.1535699,194.1331378,324.553134,-0.14822814,-0.344938435,-0.199294093,-0.115252607,-0.629157669
SCPT,57346,11,11.5,11.25,176.5,19.04503086,0.080501173,0.094958399,1.463169393,2,1,225.6669611,274.7249962,241.1613035,214.4821047,363.5961344,-0.245739413,-0.442449707,-0.312145142,-0.19490543,-0.722722854
SCPT,57346,11.5,12,11.75,203.5,20.58267741,0.188796213,0.106939051,1.654038416,2,1,261.6327844,318.5094766,280.7059857,235.6286818,410.9382168,-0.251275929,-0.447986224,-0.321641802,-0.146591179,-0.702776874
SCPT,57346,12,12.5,12.25,222,21.63105309,0.208725861,0.113401711,1.654806311,2,1,268.3137921,326.6428773,287.6025321,242.0965988,420.9061916,-0.18947978,-0.386190074,-0.258902048,-0.086659433,-0.639732604
SCPT,57346,12.5,13,12.75,223.5,23.29286315,0.223965142,0.113120871,1.631551526,2,1,274.0972857,333.6836521,294.1536998,248.8812943,429.3401311,-0.204071687,-0.400781981,-0.274691005,-0.107564639,-0.652838037
SCPT,57346,13,13.5,13.25,213.5,24.57846356,0.203507594,0.115802121,1.568225267,2,1,271.3424883,330.3299857,290.8336937,251.5055609,428.3477419,-0.239744985,-0.436455279,-0.309114772,-0.163828268,-0.696298514
SCPT,57346,13.5,14,13.75,213.5,25.11794941,0.209794056,0.116190423,1.56456893,2,1,274.3590002,334.0022611,293.15449,255.5512674,434.1675308,-0.250800636,-0.44751093,-0.317062907,-0.179786212,-0.709793643
SCPT,57346,14,14.5,14.25,206.5,22.215875,0.204617404,0.110641959,1.632399458,2,1,272.8842584,332.2069233,286.1015485,253.0551461,436.2947533,-0.278747331,-0.475457625,-0.3260464,-0.203307021,-0.748017642
SCPT,57346,14.5,15,14.75,211,23.47072231,0.198219674,0.121320798,1.588363124,2,1,273.1661508,332.5500966,286.6105456,256.846312,438.4855976,-0.258222088,-0.454932382,-0.306266177,-0.196619765,-0.731468833
SCPT,57346,15,15.5,15.25,223.5,25.33420374,0.230629423,0.119645098,1.590001593,2,1,282.9760316,344.4925602,297.7691177,265.4226639,451.2491305,-0.235950786,-0.43266108,-0.286906999,-0.1719121,-0.702608169
SCPT,57346,15.5,16,15.75,257.5,23.47359642,0.210568115,0.102936182,1.608023892,2,1,278.5365179,339.0879348,288.9985335,262.8966927,449.34578,-0.078529454,-0.275239748,-0.115401894,-0.020741432,-0.556772983
SCPT,57346,16,16.5,16.25,264.5,19.88762258,0.175661154,0.114575558,1.651837835,2,1,268.3613904,326.7008231,271.7773681,255.0703603,441.8257719,-0.014493293,-0.211203587,-0.02714198,0.036301822,-0.513074372
SCPT,57346,16.5,17,16.75,228,17.15896986,0.164962944,0.128626584,1.724074451,2,1,264.202637,321.6379929,261.5279329,250.5112093,441.1245961,-0.147370744,-0.344081039,-0.137195467,-0.094158038,-0.659981738
SCPT,57346,17,17.5,17.25,219,18.27803614,0.168675023,0.151854755,1.692152357,2,1,267.2581838,325.357789,264.8361283,255.3489192,445.9177063,-0.199143442,-0.395853736,-0.190039521,-0.153559191,-0.71106269
SCPT,57346,17.5,18,17.75,215,18.38070193,0.189858936,0.160813964,1.725522122,2,1,273.6222988,333.1054073,269.6823965,260.1362384,456.1353218,-0.241110656,-0.43782095,-0.226606929,-0.190567459,-0.752151496
SCPT,57346,18,18.5,18.25,217,19.5295123,0.200435822,0.162902397,1.704608225,2,1,278.1198848,338.5807293,274.5382677,265.6455024,462.8108313,-0.248154907,-0.444865202,-0.235193306,-0.202265368,-0.757421045
SCPT,57346,18.5,19,18.75,233.5,19.53679934,0.108577542,0.151424036,1.524373283,2,1,252.0632269,306.8595806,249.6373923,254.3861748,430.2944285,-0.076497879,-0.273208174,-0.066827357,-0.085671409,-0.611287615
SCPT,57346,19,19.5,19.25,230.5,17.90766755,0.165305194,0.166786177,1.697891306,2,1,269.5471493,328.1443556,260.5577268,262.0467866,457.2042768,-0.156492463,-0.353202758,-0.122573574,-0.1282722,-0.684879424
SCPT,57346,19.5,20,19.75,227,16.61633422,0.125681381,0.109746225,1.664496035,2,1,257.8667846,313.9247813,246.0249161,255.2217415,443.8301844,-0.127493095,-0.32420339,-0.080482798,-0.117182724,-0.670492004
SCPT,14556,0,4,2,145.73,1.846073889,0.036347329,0.029817792,2.656790062,2,3,120.6709442,146.9037581,219.5128447,81.82274489,193.3099843,0.188688223,-0.008022071,-0.409655154,0.577200335,-0.282539442
SCPT,14556,4,6,5,144.01,0.769064967,0.017257786,0.017806502,3.013823494,2,3,111.3716839,135.5829196,147.229016,94.69351717,236.264773,0.25700963,0.060299336,-0.022106565,0.4192372,-0.495070354
SCPT,14556,6,8,7,274.08,1.40885985,0.02283936,0.060657271,2.708152177,2,3,132.6399416,161.4747115,153.2225592,116.2454221,268.2661813,0.725781783,0.529071489,0.581528535,0.85771637,0.021440333
SCPT,14556,8,10,9,263.18,2.713115365,0.05092005,0.036848487,2.523715633,2,3,167.3862614,203.7745791,183.0388586,146.4887718,318.9603942,0.452534125,0.255823831,0.363139736,0.585889426,-0.19222873
SCPT,14556,10,12,11,200,2.380424845,0.035206297,0.047804265,2.51482862,2,3,161.6990754,196.8510483,161.6618892,147.453781,319.6156795,0.212580318,0.015870024,0.212810316,0.304802589,-0.468801906
SCPT,14556,12,14,13,352.99,1.624743711,0.031509258,0.183238325,2.716115713,2,3,150.5820788,183.3173134,139.6746719,144.8788883,327.7562123,0.851931418,0.655221124,0.927123782,0.890541588,0.074169651
SCPT,14556,14,16,15,265.76,2.04069453,0.030531413,0.130409858,2.56760779,2,3,160.4152899,195.288179,141.608506,155.3971465,339.0513083,0.504827631,0.308117337,0.629527396,0.53660957,-0.243557802
SCPT,14556,16,18,17,369.31,4.599207686,0.083963477,0.036223332,2.337865446,2,3,207.7090308,252.8631679,190.4349573,196.7286751,401.5788101,0.57549819,0.378787896,0.662325695,0.629810904,-0.083767404
SCPT,14556,18,20,19,293.2,7.837715044,0.139223336,0.063654032,2.15101329,2,3,241.244393,293.6888263,222.8840976,228.4984749,442.8690389,0.195044471,-0.001665823,0.274203076,0.249325434,-0.412419133
SCPT,57364,0,0.5,0.25,72,2.903875516,0.049556451,0.001950349,2.474118733,2,1,107.2788135,130.6002947,312.3627096,53.54459837,126.3757299,-0.39876506,-0.595475355,-1.467498924,0.296151198,-0.562593334
SCPT,57364,0.5,1,0.75,72,5.036592016,0.067217502,0,2.220281903,2,1,139.0258121,169.2488147,247.2951731,81.44740522,175.8254852,-0.657993495,-0.854703789,-1.233916537,-0.123291358,-0.892825823
SCPT,57364,1,1.5,1.25,82,3.021745456,0.054094975,0.002750279,2.475775572,2,1,134.0144879,163.1480722,233.9171495,86.09372051,194.6737355,-0.491228666,-0.68793896,-1.048247744,-0.048717229,-0.864605759
SCPT,57364,1.5,2,1.75,98,2.142060628,0.028624397,0.021573635,2.526628394,2,1,124.4247065,151.4735557,200.7322796,85.47165068,194.9228761,-0.238733287,-0.435443581,-0.717004599,0.136782729,-0.687636495
SCPT,57364,2,2.5,2.25,116,1.146318387,0.019648753,0.027832706,2.812451228,2,1,110.724571,134.7951299,183.0949489,81.24980945,197.0227234,0.046544416,-0.150165878,-0.456414674,0.356061715,-0.529728878
SCPT,57364,2.5,3,2.75,82,0.97079417,0.009847359,0.010400795,2.766923692,2,1,104.6820328,127.4389965,156.6723177,79.23857665,189.3190739,-0.24420825,-0.440918544,-0.647437228,0.034255988,-0.836714566
SCPT,57364,3,3.5,3.25,79,1.464000729,0.012574461,0.009081333,2.57744684,2,1,117.7612266,143.3614933,162.0852956,89.89283452,204.5395129,-0.399211219,-0.595921513,-0.71867486,-0.129170381,-0.951313322
SCPT,57364,3.5,4,3.75,90,0.846726463,0.007644651,0.005044023,2.804330634,2,1,104.1851774,126.834129,143.6537614,82.96595915,198.0232858,-0.146360197,-0.343070492,-0.467596299,0.081379277,-0.788574958
SCPT,57364,4,4.5,4.25,119.5,0.779881371,0.015510018,0.026079249,2.984888333,2,1,107.8793784,131.3314171,151.634134,90.038561,223.9753879,0.102302635,-0.094407659,-0.238154234,0.283078337,-0.628219799
SCPT,57364,4.5,5,4.75,113.5,3.381809732,0.015262148,0.013397801,2.132414588,2,1,144.4261799,175.8231755,166.3540213,114.5686642,232.4162626,-0.240965674,-0.437675969,-0.382315339,-0.009371494,-0.716727162
SCPT,57364,5,5.5,5.25,128.5,1.410400283,0.025756951,0.070066873,2.735003295,2,1,129.138603,157.2122124,166.8011683,108.4815052,253.5305725,-0.004957365,-0.20166766,-0.26087359,0.169349204,-0.679555513
SCPT,57364,5.5,6,5.75,123,2.029528,0.016681969,0.048174825,2.418470121,2,1,135.9755264,165.5354234,159.7939895,113.1015642,245.8649583,-0.100290561,-0.297000855,-0.261701064,0.083898142,-0.69259808
SCPT,57364,6,6.5,6.25,124,1.751033453,0.012525881,0.02761317,2.442061578,2,1,130.6306363,159.0286007,147.6093167,110.6622159,241.672675,-0.052092205,-0.248802499,-0.174287466,0.113799104,-0.667302662
SCPT,57364,6.5,7,6.75,145,1.124749351,0.027115249,0.049550704,2.887636516,2,1,128.2871441,156.1756537,155.9441827,113.100983,271.5695824,0.122462678,-0.074247616,-0.072764397,0.248452668,-0.627484653
SCPT,57364,7,7.5,7.25,147.5,0.764434195,0.025141012,0.090238023,3.117880309,2,1,117.9713608,143.6173088,140.8197837,108.4510911,273.0475475,0.223386286,0.026675992,0.046347233,0.307528878,-0.615817771
SCPT,57364,7.5,8,7.75,155,1.864316514,0.02083997,0.020955223,2.529011378,2,1,141.1128847,171.7895987,155.3352472,123.6773386,272.8039185,0.093864946,-0.102845348,-0.00216055,0.225749051,-0.565328173
SCPT,57364,8,8.5,8.25,165,2.276269176,0.029606803,0.013590487,2.495190545,2,1,152.6218857,185.8005565,167.6999982,133.3499283,290.5339289,0.077981947,-0.118728348,-0.016231184,0.212968761,-0.56577489
SCPT,57364,8.5,9,8.75,145,3.188818492,0.021359818,0.026727679,2.214862674,2,1,157.4842706,191.7199816,163.3631019,138.4907756,283.3490278,-0.082591841,-0.279302136,-0.1192416,0.045930021,-0.669945709
SCPT,57364,9,9.5,9.25,165,4.510093645,0.033133838,0.016498338,2.111163759,2,1,174.2532736,212.13442,179.9407606,153.3363766,305.0265741,-0.054564362,-0.251274656,-0.086682215,0.073311426,-0.614453427
SCPT,57364,9.5,10,9.75,181,7.506843091,0.044145748,0.00899284,1.871219448,2,1,192.1643662,233.9392285,197.5038115,171.4808425,322.082451,-0.059854049,-0.256564343,-0.087260852,0.054025477,-0.57631054
SCPT,57364,10,10.5,10.25,147.5,5.222147268,0.032334883,0.01697164,2.024345599,2,1,180.0085249,219.1408129,180.4549896,160.8208022,312.4094027,-0.199176035,-0.395886329,-0.201653206,-0.08646254,-0.75048634
SCPT,57364,10.5,11,10.75,154,4.14167176,0.028206568,0.004756757,2.125525712,2,1,172.7125349,210.2587381,170.6677829,155.8398401,310.1034247,-0.114675962,-0.311386256,-0.102766274,-0.011876211,-0.699953268
SCPT,57364,11,11.5,11.25,179,3.727995396,0.029505978,0.011952361,2.199998032,2,1,171.8537343,209.2132418,168.3016221,156.0327997,315.2911677,0.040742073,-0.155968222,0.061628067,0.137319566,-0.566110748
SCPT,57364,11.5,12,11.75,185,8.369553879,0.036742927,0.023607437,1.757484281,2,1,193.8338017,235.9715846,192.810453,180.6986869,329.9727505,-0.046645274,-0.243355569,-0.041351772,0.023524894,-0.578654252
SCPT,57364,12,12.5,12.25,221,20.05422731,0.057768649,0.09257153,1.353407252,2,1,216.7929886,263.9218991,229.5583004,215.2537782,355.9730645,0.019219773,-0.177490521,-0.037994328,0.026345006,-0.476692365
SCPT,57364,12.5,13,12.75,212,21.07016106,0.05784133,0.088990067,1.326400333,2,1,218.1267136,265.5455644,231.7766556,219.240677,359.7880186,-0.028489874,-0.225200168,-0.089187942,-0.033583834,-0.528928746
SCPT,57364,13,13.5,13.25,240,11.20392076,0.060552737,0.07580669,1.700988829,2,1,214.2183546,260.7875622,214.4703509,203.1056042,363.77565,0.11364308,-0.083067214,0.112467419,0.166912862,-0.415898408
SCPT,57364,13.5,14,13.75,165,6.027386643,0.054207746,0.069678306,2.032604995,2,1,197.7939047,240.7925797,191.9174653,185.9675452,360.3008408,-0.18128013,-0.377990424,-0.151119937,-0.119626696,-0.780993878
SCPT,57364,14,14.5,14.25,156,1.338003506,0.045846365,0.486401282,2.928438569,2,1,148.6793169,181.0009075,134.5003116,149.1370536,351.801404,0.048064256,-0.148646038,0.148289492,0.044990301,-0.813210816
SCPT,57364,14.5,15,14.75,130,1.094003903,0.033778115,0.493781445,2.973702412,2,1,138.8713407,169.0607626,118.5132246,142.6099409,340.5616184,-0.066013448,-0.262723742,0.092509896,-0.092578767,-0.963061623
SCPT,57364,15,15.5,15.25,138,3.915023249,0.029496783,0.139574374,2.149869431,2,1,176.9102656,215.369019,159.3541757,171.0122727,340.6488835,-0.248388945,-0.445099239,-0.14387556,-0.214481639,-0.903598594
SCPT,57364,15.5,16.2,15.85,185,2.268242227,0.030641141,0.156290393,2.500093478,2,1,164.489405,200.2479713,143.1511806,160.0438276,343.8099929,0.117509664,-0.07920063,0.256454546,0.144908125,-0.619733334
SCPT,14538,0,4,2,230.5,5.384747998,0.078962537,0.009962496,2.228537533,2,1,156.5833143,190.6231653,246.076172,101.8095987,215.5251634,0.386662634,0.18995234,-0.065390268,0.817146473,0.067173192
SCPT,14538,4,6,5,247.07,2.320953797,0.04519485,0.050593116,2.587191966,2,1,149.6763915,182.2147375,189.988157,120.2541765,269.9617798,0.501196124,0.30448583,0.262709959,0.720064057,-0.088608696
SCPT,14538,6,8,7,323.81,2.210151161,0.033350273,0.149988701,2.543622804,2,1,148.2072676,180.4262388,166.317496,127.9917997,282.7398607,0.781545174,0.584834879,0.666258336,0.928190727,0.135629669
SCPT,14538,8,10,9,437.6,3.249558855,0.064045432,0.221383171,2.478990031,2,1,174.1016704,211.9498596,186.6126307,153.2337281,329.0519803,0.92166581,0.724955516,0.852270276,1.04934086,0.285089518
SCPT,14538,10,12,11,432.81,3.769109759,0.071757785,0.161495482,2.421286279,2,1,186.6697421,227.2501208,189.3990435,167.1335716,351.8093103,0.840957862,0.644247568,0.826442702,0.95150551,0.207209536
SCPT,14538,12,14,13,443.07,7.109036179,0.206283666,0.229190366,2.337850039,2,1,237.1301479,288.6801801,243.3182095,209.432001,423.0366461,0.625118633,0.428408339,0.59935768,0.749328662,0.046268962
SCPT,14538,14,16,15,464.87,6.26822643,0.22997728,0.061917078,2.446406079,2,1,240.8498172,293.2084731,237.3052803,215.9780905,444.5021655,0.657584222,0.460873928,0.672410382,0.766580827,0.04480287
SCPT,14538,16,18,17,399.8,4.920675981,0.101638897,1.611240104,2.347574948,2,1,208.127101,253.3721229,185.3937608,201.8270393,411.883084,0.652815467,0.456105172,0.768482422,0.683553333,-0.02977511
SCPT,14538,18,20,19,504.2,5.176199283,0.105081583,0.075562159,2.327493477,2,1,218.755212,266.3106929,189.8867573,210.2791505,425.6551511,0.835019663,0.638309369,0.976545134,0.874537079,0.169343501
SCPT,14539,0,4,2,391.89,12.81046263,0.199812419,0,1.965321122,2,3,196.6562659,239.407628,301.5917071,124.5821892,244.7369361,0.689523827,0.492813532,0.261907049,1.146015536,0.470797285
SCPT,14539,4,6,5,319.83,7.749521633,0.123481999,0,2.125359052,2,3,201.0037832,244.7002578,244.7849899,155.5000375,310.4015605,0.464465875,0.267755581,0.267409372,0.721143632,0.029922789
SCPT,14539,6,8,7,424.35,5.556811594,0.082723453,0.081788989,2.220372598,2,3,189.7729767,231.0279716,211.8257437,157.6108845,320.3604026,0.804730088,0.608019794,0.694794613,0.990429347,0.281111966
SCPT,14539,8,10,9,315.78,4.229078815,0.055710761,0.064282836,2.274403588,2,3,180.8286338,220.1392063,187.2990327,157.3278011,323.7724174,0.557495961,0.360785666,0.522339324,0.696714235,-0.024995085
SCPT,14539,10,12,11,409.65,3.231202484,0.045451159,0.832519947,2.389065797,2,3,170.3155439,207.3406621,164.2073888,157.388448,331.1542462,0.87765028,0.680939985,0.914172942,0.956586196,0.212718869
SCPT,14539,12,14,13,428.49,5.020986843,0.133203584,0.095669728,2.410961565,2,3,212.8060501,259.0682349,209.4694941,192.1012384,398.6273285,0.699886213,0.503175919,0.715689285,0.802244884,0.072240434
SCPT,14539,14,16,15,406.81,5.330788007,0.107226453,0.258247039,2.309571216,2,3,211.6602229,257.6733148,197.4561339,198.0496314,402.0439003,0.653363979,0.456653685,0.722829793,0.719828583,0.011784959
SCPT,14539,16,18,17,423.88,5.978947512,0.189856174,0.111907083,2.413517716,2,3,236.3480598,287.7280728,218.1837931,218.6175496,447.3808779,0.584144848,0.387434554,0.664112601,0.662126542,-0.053959911
SCPT,14539,18,20,19,352.91,9.951462416,0.24773547,0.049884121,2.175898822,2,3,267.7546336,325.9621626,248.5933125,248.0782318,478.1658776,0.276142052,0.079431758,0.350394789,0.35246892,-0.30374463
SCPT,14539,20,22,21,487.72,12.81193123,0.484655307,0.037803693,2.250761348,2,3,308.7624658,375.8847409,286.0801975,279.6913409,536.1544903,0.457169209,0.260458914,0.533469288,0.55605483,-0.094680877
SCPT,14539,22,24,23,554.38,10.06775096,0.412750777,0.148442006,2.349108512,2,3,293.7506451,357.6094809,256.4080845,273.4084534,536.3590073,0.635119111,0.438408817,0.771080117,0.706883529,0.033046646
SCPT,192473,0,1.5,0.75,250,2.014892138,0.085471134,0,2.852156164,8,2,117.5333138,143.0840342,314.4945243,67.56901947,168.3174942,0.754739103,0.558028809,-0.229505747,1.308311332,0.395608876
SCPT,192473,1.5,2,1.75,224,1.290969596,0.04688238,0.12314865,2.954937627,8,2,116.5776252,141.9205872,222.1819953,82.91547243,207.3600001,0.65308869,0.456378396,0.008149207,0.993824367,0.077189638
SCPT,192473,2,2.5,2.25,163,1.34458201,0.042466636,0.269120734,2.904745173,8,2,119.266004,145.1933962,207.0114778,88.74015014,218.289648,0.312393875,0.11568358,-0.239024039,0.608037763,-0.29207264
SCPT,192473,2.5,3,2.75,134,0.697993638,0.028788637,0.252121786,3.203453322,8,2,101.8661471,124.0109617,171.2911397,82.68292434,217.3214997,0.274180132,0.077469837,-0.24552488,0.482826696,-0.483538022
SCPT,192473,3,3.5,3.25,120,0.684787623,0.018759869,0.248150436,3.110877019,8,2,100.4410982,122.2761195,154.3137449,83.36820178,214.4178103,0.177920275,-0.018790019,-0.251496092,0.36422478,-0.580434753
SCPT,192473,3.5,4,3.75,172,1.313825432,0.037110729,0.305556449,2.884887143,8,2,124.6591566,151.7589733,184.6096037,100.8432858,244.1295834,0.321911211,0.125200917,-0.070748869,0.53392679,-0.350204687
SCPT,192473,4,4.5,4.25,268,4.665842237,0.109742811,0.048624822,2.389746262,8,2,179.0289474,217.9482838,242.0376615,137.1252712,292.8719627,0.40343947,0.206729176,0.101893641,0.670092084,-0.088748546
SCPT,192473,4.5,5,4.75,287,2.324859958,0.05633634,0.036221221,2.646156479,8,2,151.5463153,184.4911665,201.5819634,121.0485368,274.806125,0.638590926,0.441880631,0.353286151,0.86329062,0.043416367
SCPT,192473,5,5.5,5.25,264,2.586250275,0.069176184,0.073298993,2.636222018,8,2,159.3402277,193.9794076,207.6403799,128.5634386,289.7121386,0.50490739,0.308197096,0.240141463,0.719526635,-0.092938701
SCPT,192473,5.5,6,5.75,182,1.827968806,0.046231987,0.139065687,2.742606734,8,2,144.9525767,176.4640064,183.0874273,121.3057037,280.6094158,0.227600055,0.030889761,-0.005957096,0.405692851,-0.432957036
SCPT,192473,6,6.5,6.25,166,1.506072916,0.025584201,0.393046889,2.712447447,8,2,132.4097787,161.1945132,155.9212046,114.9507466,264.9967419,0.226086291,0.029375996,0.062637008,0.367484042,-0.467729743
SCPT,192473,6.5,7,6.75,147,2.361582754,0.164320775,0.108334263,2.93622805,8,2,174.251526,212.1322925,232.9790002,146.21113,345.2631627,-0.17006722,-0.366777514,-0.460515735,0.005380914,-0.85387433
SCPT,192473,7,7.5,7.25,212,1.193394087,0.048627214,0,3.012868365,8,2,138.3270697,168.3981718,167.8668472,122.1900269,298.5836651,0.426965323,0.230255029,0.233415186,0.551008844,-0.342463904
SCPT,192473,7.5,8,7.75,272,2.881806489,0.082398668,0.175666661,2.611656868,8,2,172.3419615,209.8076053,200.8540336,147.6508303,327.3446136,0.456321415,0.259611121,0.303223623,0.610951835,-0.185211414
SCPT,192473,8,8.5,8.25,212,3.772730405,0.103693711,0.831501805,2.519210675,8,2,184.7536277,224.9174598,210.2129426,159.191344,343.3372132,0.137563079,-0.059147215,0.008465245,0.286479375,-0.482126818
SCPT,192473,8.5,9,8.75,194,2.399153228,0.041439553,0.661016261,2.550939954,8,2,156.6950058,190.7591375,166.2567949,140.4926027,308.2827693,0.213556881,0.016846587,0.154324608,0.322703321,-0.463159285
SCPT,192473,9,9.5,9.25,230,2.078945445,0.027673824,0.799143683,2.537635639,8,2,147.0623742,179.0324556,149.0996747,135.1610924,296.347513,0.447222498,0.250512203,0.433464269,0.531611965,-0.253453487
SCPT,192473,9.5,10,9.75,242,2.169319497,0.031115782,0.827719509,2.539009687,8,2,150.6277805,183.3729502,151.2882972,139.3464413,305.0297427,0.474125962,0.277415668,0.469750457,0.55197451,-0.231471563
SCPT,192473,10,10.5,10.25,290,6.130139069,0.090464004,0.043621515,2.180692425,8,2,203.9806456,248.3242642,213.2356788,179.2958853,357.6277002,0.351855808,0.155145514,0.307482896,0.480843491,-0.209611579
SCPT,192473,10.5,11,10.75,300,11.19395897,0.164609778,0.002240452,1.986163445,8,2,240.5050739,292.7887856,255.9432094,208.2370393,393.0048574,0.221041288,0.024330994,0.158826893,0.365105432,-0.270039497
SCPT,192473,11,11.5,11.25,305,12.91346835,0.212417285,0.001618111,1.977308348,8,2,254.8673911,310.2733457,272.5059464,219.8746887,411.3852458,0.179568402,-0.017141893,0.112651341,0.327253989,-0.299218337
SCPT,192473,11.5,12,11.75,307,13.75743906,0.237812934,0.001897092,1.97426153,8,2,262.3654052,319.4013629,279.6524519,226.7024493,422.2861592,0.157109539,-0.039600755,0.093300159,0.303209386,-0.318835439
SCPT,192473,12,12.5,12.25,309,15.50201717,0.279801353,0.001028114,1.953839732,8,2,273.8486618,333.3809795,292.1771593,236.4916025,436.2645435,0.120765652,-0.075944642,0.055980949,0.267428577,-0.344907534
SCPT,192473,12.5,13,12.75,314,17.06059863,0.345908404,0.001086735,1.965778905,8,2,287.4170638,349.8990342,307.6720928,246.7646106,453.3446597,0.088458641,-0.108251653,0.020358404,0.240958097,-0.367259689
SCPT,192473,13,13.5,13.25,309,16.57021505,0.384127775,0,2.01899921,8,2,292.5244514,356.1167235,311.5614712,250.5425084,463.9580706,0.054793019,-0.141917275,-0.008255381,0.209712677,-0.406452906
SCPT,192473,13.5,14,13.75,316,16.30815367,0.413380089,0,2.053998658,8,2,296.6395512,361.1264102,313.9695197,254.098812,472.7608784,0.063224444,-0.13348585,0.006446304,0.218018999,-0.402847505
SCPT,192473,14,14.5,14.25,298,11.20316849,0.290942246,0,2.16510904,8,2,269.5437482,328.1402152,275.2014036,236.1419904,454.4951917,0.100362778,-0.096347516,0.07959028,0.232660208,-0.422093848
SCPT,192473,14.5,15,14.75,298,9.393525569,0.297702906,0,2.279051415,8,2,264.5984181,322.1198133,267.0426035,232.888235,459.250476,0.118880213,-0.077830081,0.109685277,0.246534826,-0.432502274
SCPT,192473,15,15.5,15.25,294,10.8417088,0.226116719,0.016310603,2.10396792,8,2,261.422307,318.2532433,258.6035314,234.5444314,447.3475702,0.117442633,-0.079267661,0.128283645,0.225934725,-0.419756087
SCPT,192473,15.5,16,15.75,308,10.53069617,0.254184114,0.012508959,2.157948648,8,2,265.5273938,323.2507403,261.4250743,237.9676345,457.8282686,0.148381769,-0.048328525,0.163952063,0.257965108,-0.396394372
SCPT,192473,16,16.5,16.25,296,9.231873664,0.296950968,0.015570041,2.290545067,8,2,267.2044022,325.2923158,261.1206814,238.5969435,470.428355,0.102345537,-0.094364757,0.125376773,0.215583755,-0.463284219
SCPT,192473,16.5,17,16.75,282,8.593553548,0.283013538,0.024075813,2.319039776,8,2,263.7065347,321.0340422,253.9150414,237.1976296,470.8463904,0.067070197,-0.129640097,0.104907343,0.173013397,-0.512624835
SCPT,192473,17,17.5,17.25,282,6.582454555,0.223986735,0.016090466,2.407111432,8,2,246.3601293,299.9166792,230.060193,225.7133656,459.2493245,0.135112665,-0.061597629,0.203566088,0.22264117,-0.487686182
SCPT,192473,17.5,18,17.75,278,6.187407659,0.229763787,0.035447319,2.453615997,8,2,245.4356921,298.7912773,226.579798,225.9719895,463.9028951,0.124586147,-0.072124147,0.204523922,0.207210062,-0.512054139
SCPT,192473,18,18.5,18.25,302,5.29094355,0.27900105,0.050893651,2.611766145,8,2,245.0089959,298.2718211,224.8336853,226.2659406,478.5625768,0.20913209,0.012421795,0.295066065,0.288715982,-0.460359962
SCPT,192473,18.5,19,18.75,298,5.319522712,0.314887172,0.059483216,2.647791909,8,2,249.4246298,303.6473754,227.8984758,230.4523448,489.505336,0.177936702,-0.018773592,0.268193238,0.257049392,-0.496301876
SCPT,192473,19,19.5,19.25,298,5.419434274,0.31889713,0.022654592,2.6398544,8,2,251.511801,306.1882795,227.5713939,233.0121399,493.6549382,0.169603576,-0.027106719,0.269629478,0.246002932,-0.504743281
SCPT,192473,19.5,20,19.75,294,5.852524616,0.287210008,0,2.558510426,8,2,252.9354018,307.9213587,225.8547825,235.2395011,490.4328881,0.15044564,-0.046264654,0.26368753,0.222975619,-0.511708679
SCPT,192473,20,20.5,20.25,306,4.977499641,0.297211649,0.042521142,2.669152636,8,2,247.4867257,301.2881879,217.4265006,232.0785489,495.1524603,0.212228155,0.01551786,0.341724237,0.276509215,-0.481280614
SCPT,192473,20.5,21,20.75,297,6.360959491,0.302623735,0.050765506,2.522548798,8,2,259.7420891,316.2077607,228.9025323,242.4198317,500.2949702,0.134042965,-0.062667329,0.260435849,0.203061074,-0.521465726
SCPT,192473,21,21.5,21.25,328,6.300313913,0.343205434,0.061316317,2.572983719,8,2,264.2918021,321.7465417,231.4875211,246.2521189,511.5832958,0.215959805,0.01924951,0.348487641,0.286657724,-0.44449681
SCPT,192473,21.5,22,21.75,288,5.390236777,0.183727313,0.036909284,2.469316028,8,2,239.9914997,292.1635649,200.7681686,230.0947935,473.904699,0.182356975,-0.014353319,0.360809628,0.22446911,-0.498045764
SCPT,192473,22,22.5,22.25,342,4.0603758,0.093424269,0,2.443739215,8,2,213.0785498,259.3999736,168.570772,210.1622571,435.6072441,0.473149861,0.276439567,0.707455064,0.486930852,-0.241930284
SCPT,192473,22.5,23,22.75,324,8.547542733,0.387982085,0.020331718,2.426949322,8,2,284.8995367,346.8342186,248.5490357,264.9187759,530.0477372,0.1286069,-0.068103394,0.265103363,0.201320243,-0.492223557
SCPT,192473,23,23.5,23.25,305,6.783935495,0.389837953,0.038604877,2.569981976,8,2,274.7970983,334.535598,233.8138306,257.9038529,532.3908092,0.104278776,-0.092431519,0.265786574,0.167724924,-0.557066047
SCPT,192473,23.5,24,23.75,345,4.425730291,0.139636005,0.01367844,2.507900711,8,2,227.5646683,277.0352484,178.8154025,224.0302682,466.9072055,0.416109963,0.219399669,0.657190414,0.431763248,-0.302586118
SCPT,192473,24,24.5,24.25,308,3.881843823,0.07350284,0.032200518,2.406304874,8,2,208.4276261,253.7379796,156.6505162,209.6477832,431.3882387,0.390507919,0.193797625,0.676082471,0.384670883,-0.336908687
SCPT,192473,24.5,25,24.75,319,3.349446632,0.056230532,0.039131246,2.423754682,8,2,198.3839162,241.5108545,144.5436577,201.8707947,418.3247905,0.474986979,0.278276684,0.791609512,0.45756324,-0.271067039
SCPT,192473,25,25.5,25.25,428,10.18193225,0.310378829,0,2.25763266,8,2,289.3584673,352.2624819,244.0330279,274.5358792,529.3391408,0.391456905,0.194746611,0.561819619,0.444041236,-0.212506129
SCPT,192473,25.5,26,25.75,312,18.50194411,0.520668768,0,2.056820657,8,2,337.4520052,410.8111367,303.1435867,314.0262171,571.4984793,-0.078420106,-0.2751304,0.028796611,-0.006473288,-0.605258635
SCPT,156298,0,2.5,1.25,190.3,0.939974082,0.002275059,0.00090819,2.523643997,7,2,83.61640823,101.7938883,165.8949696,52.5542879,120.7753084,0.822362003,0.625651709,0.137246899,1.286755084,0.454669911
SCPT,156298,2.5,3,2.75,154.8,5.224241866,0.015707165,0,1.884292704,7,2,143.2322561,174.3697031,174.8554748,105.0648237,203.8757337,0.07766648,-0.119043814,-0.121825813,0.387556433,-0.275376698
SCPT,156298,3,3.5,3.25,167.7,6.196960973,0.024914463,0.002097712,1.870387792,7,2,155.3848019,189.1641067,186.925877,117.214551,226.1302635,0.076272035,-0.120438259,-0.10853549,0.358170644,-0.298934552
SCPT,156298,3.5,4,3.75,205.6,10.02990562,0.04724071,0.007241856,1.720715157,7,2,177.2894806,215.8306721,208.204993,137.8682032,255.7284397,0.148148653,-0.048561641,-0.012590604,0.399634354,-0.218183565
SCPT,156298,4,4.5,4.25,198.3,9.457568742,0.03842102,0.010851349,1.708500073,7,2,174.7895689,212.7873013,199.99322,139.1463517,256.858267,0.126198249,-0.070512046,-0.008502431,0.354254766,-0.258743407
SCPT,156298,4.5,5,4.75,203.5,9.353147466,0.032611297,0.0141485,1.68343105,7,2,174.0765369,211.9192623,194.5053042,141.3547543,258.6041486,0.156170935,-0.040539359,0.045206571,0.364393286,-0.239632504
SCPT,156298,5,5.5,5.25,236.8,8.060453906,0.026730889,0.01777339,1.730768358,7,2,170.441915,207.4945052,187.8033111,139.9375942,258.1887858,0.328821339,0.132111045,0.231820705,0.526019336,-0.086475142
SCPT,156298,5.5,6,5.75,226.3,7.780990502,0.022764037,0.016754736,1.719440422,7,2,168.9741306,205.7076373,182.7143736,140.9055822,258.6766351,0.292115923,0.095405629,0.213937419,0.473771517,-0.133717216
SCPT,156298,6,6.5,6.25,212.2,6.539381143,0.021083247,0.023268636,1.806923694,7,2,166.7649232,203.0181674,178.6251168,139.7540489,261.2371753,0.240944051,0.044233757,0.172239936,0.417645142,-0.207899486
SCPT,156298,6.5,7,6.75,233.6,8.989935722,0.024731907,0.019036737,1.654400747,7,2,176.1855845,214.4867985,186.2828149,151.4670026,272.6024822,0.282072354,0.08536206,0.226344222,0.433242454,-0.154404374
SCPT,156298,7,7.5,7.25,222.4,11.74226292,0.032934865,0.022239584,1.552655835,7,2,186.4257243,226.9530557,197.659033,164.4286876,288.6788408,0.176444664,-0.02026563,0.117934071,0.302000596,-0.26083723
SCPT,156298,7.5,8,7.75,224.5,7.864764208,0.025134113,0.038640804,1.729466228,7,2,176.988496,215.464256,184.1981275,154.6049524,282.6157698,0.237790971,0.041080677,0.197863749,0.373002538,-0.230212564
SCPT,156298,8,8.5,8.25,213.9,10.22913873,0.02360443,0.033173209,1.570064901,7,2,181.196535,220.5870861,187.4265641,162.5357337,285.3433647,0.165926345,-0.030783949,0.132121505,0.274610739,-0.288184627
SCPT,156298,8.5,9,8.75,176,7.007965045,0.040820633,0.047858,1.873790177,7,2,184.6328369,224.7704101,194.8971529,163.7374087,310.1305929,-0.047885192,-0.244595487,-0.101988003,0.072220017,-0.566509481
SCPT,156298,9,9.5,9.25,158.1,4.104351585,0.059606476,0.016851038,2.296426989,7,2,181.2575246,220.6613343,195.9084855,158.8719107,329.0837318,-0.136691064,-0.333401358,-0.214419895,-0.00487054,-0.733084478
SCPT,156298,9.5,10,9.75,142.4,2.875519782,0.038773453,0.023959271,2.387015839,7,2,163.993363,199.6440941,169.6170521,147.7921656,314.5356555,-0.141185959,-0.337896253,-0.174903262,-0.037167001,-0.792457443
SCPT,156298,10,10.5,10.25,245.3,8.324493468,0.067403758,0.042535886,1.910640434,7,2,205.0540362,249.6310006,212.8230738,182.8518721,344.9861003,0.179208416,-0.017501879,0.14202077,0.293805568,-0.341022176
SCPT,156298,10.5,11,10.75,243.2,14.64938256,0.055128142,0.022072966,1.527871473,7,2,210.5288065,256.2959384,219.35369,197.674423,341.5873714,0.144261658,-0.052448636,0.1031987,0.207262801,-0.339719342
SCPT,156298,11,11.5,11.25,227,8.902601747,0.031049772,0.046557576,1.699113275,7,2,191.5403061,233.1795031,190.1207779,177.6640633,319.5113813,0.169851755,-0.026858539,0.177290474,0.245055535,-0.341842878
SCPT,156298,11.5,12,11.75,247.1,7.038390059,0.021670166,0.069345374,1.769128664,7,2,182.0267572,221.5977914,175.8557726,168.7298728,307.7545275,0.305639419,0.108929125,0.340128928,0.381494063,-0.219509363
SCPT,156298,12,12.5,12.25,225.5,9.288470094,0.056857881,0.078181617,1.819548021,7,2,209.4715527,255.0088468,208.9586045,192.461061,353.2939041,0.073732215,-0.122978079,0.076183991,0.158426306,-0.448980141
SCPT,156298,12.5,13,12.75,201.1,7.587247528,0.064439036,0.071486193,1.954455157,7,2,207.4249662,252.5173501,205.0857427,191.0000284,362.2002954,-0.030967369,-0.227677663,-0.019625852,0.05152872,-0.588395064
SCPT,156298,13,13.5,13.25,165.3,1.697540142,0.034797616,0.63461899,2.713287305,7,2,150.5971278,183.3356338,139.0040435,147.8527409,333.8688996,0.093153762,-0.103556533,0.173258982,0.11154522,-0.702986395
SCPT,156298,13.5,14,13.75,165.4,4.92941786,0.04560824,0.073938013,2.102759218,7,2,187.6537933,228.4480962,178.683431,178.1240238,351.8411336,-0.126231958,-0.322942252,-0.077248916,-0.074113288,-0.754812966
SCPT,156298,14,14.5,14.25,182.4,12.61121401,0.051743883,0.0718366,1.604638378,7,2,214.8156019,261.5146458,212.3888722,208.1284561,363.4264749,-0.163577917,-0.360288211,-0.15221682,-0.131953389,-0.689374929
SCPT,156298,14.5,15,14.75,214.6,8.351403867,0.06141804,0.112836036,1.86318777,7,2,209.8337003,255.4497221,204.1116701,200.8621759,373.7303591,0.022460517,-0.174249778,0.050108584,0.066156849,-0.554758742
SCPT,156298,15,15.5,15.25,206.1,10.51687377,0.076269592,0.021534437,1.80757466,7,2,224.818485,273.6920686,217.9301275,213.3773353,388.3199991,-0.086931855,-0.283642149,-0.055813008,-0.034700638,-0.633468252
SCPT,156298,15.5,16,15.75,187.9,9.679581478,0.070107848,0.089704917,1.834249937,7,2,221.267875,269.369587,211.5163834,211.2607097,387.0010391,-0.163464165,-0.36017446,-0.118392552,-0.117183055,-0.722517472
SCPT,156298,16,16.5,16.25,184.4,14.01187918,0.098900343,0.095934475,1.696842758,7,2,239.4923766,291.5559367,236.0667951,231.2742065,409.0356075,-0.261414275,-0.458124569,-0.247007484,-0.226496737,-0.796694901
SCPT,156298,16.5,17,16.75,178.6,13.13865665,0.069689794,0.105497755,1.637470576,7,2,226.8436169,276.1574466,221.2299126,224.462526,393.6594673,-0.239112199,-0.435822493,-0.214053821,-0.228560103,-0.790337571
SCPT,156298,17,17.5,17.25,192.6,2.68419403,0.039387135,0.172989907,2.445752458,7,2,173.2032145,210.8560872,147.6402138,171.713559,363.9425644,0.106149944,-0.09056035,0.265837173,0.114787766,-0.636380566
SCPT,156298,17.5,18,17.75,206.5,13.08748344,0.033980791,0.11389215,1.497384263,7,2,210.255542,255.9632685,202.0405858,214.7883119,363.855045,-0.018023245,-0.214733539,0.021831815,-0.039352535,-0.566455148
SCPT,156298,18,18.5,18.25,226.2,12.91558669,0.050752735,0.120380456,1.583885922,7,2,220.9026587,268.9249758,210.4680428,223.3565539,386.0004427,0.023697418,-0.173012877,0.072085738,0.012650173,-0.534418953
SCPT,156298,18.5,19,18.75,216.2,12.70013635,0.05228303,0.119553509,1.606741926,7,2,223.0705046,271.5640925,211.4273552,225.0510036,390.1044511,-0.03128398,-0.227994275,0.02232244,-0.040123154,-0.590210622
SCPT,156298,19,19.5,19.25,196.4,7.364536395,0.070192,0.160832284,1.98879202,7,2,218.6849854,266.2251996,196.104475,214.7815588,406.3983287,-0.107478875,-0.30418917,0.001505843,-0.08946811,-0.727180388
SCPT,156298,19.5,20,19.75,253,3.667720396,0.025445746,0.065317064,2.196705155,7,2,182.4471584,222.1095842,149.8537363,179.8545269,356.6496543,0.326928901,0.130218606,0.523729762,0.341241149,-0.343364451
SCPT,156298,20,20.5,20.25,252.9,1.807821642,0.023109744,0.50552657,2.592014262,7,2,157.2069913,191.3824242,115.9199171,162.2655473,352.5971682,0.475430801,0.278720506,0.780094571,0.44375998,-0.332332085
SCPT,156298,20.5,21,20.75,304.1,1.470561996,0.01300043,0.883733943,2.583204967,7,2,141.2919627,172.0076068,96.94282917,151.1896386,328.7127572,0.766528188,0.569817893,1.14323518,0.698821661,-0.077827696
SCPT,156298,21,21.5,21.25,281.2,1.65817348,0.023788896,0.742419052,2.639048385,7,2,153.5553049,186.936893,109.7602961,162.8120736,358.0411599,0.605005365,0.408295071,0.940767298,0.546469547,-0.241581792
SCPT,156298,21.5,22,21.75,231.9,2.229800622,0.039232067,1.095243663,2.579849287,7,2,168.9507659,205.6791933,127.0338601,178.258961,385.198916,0.316698898,0.119988603,0.601852578,0.263068914,-0.507453622
SCPT,156298,22,22.5,22.25,307.3,2.654063393,0.018642238,1.412151897,2.307757063,7,2,163.3759203,198.8924247,120.5829599,172.9289062,352.1548145,0.631770664,0.43506037,0.935486489,0.574943906,-0.136246424
SCPT,156298,22.5,23,22.75,269.9,2.597492627,0.019370552,0.916900785,2.330095508,7,2,165.6637867,201.6776534,121.3179469,174.0142586,355.8524865,0.488091167,0.291380872,0.799636761,0.438914278,-0.276464761
SCPT,156298,23,23.5,23.25,285.2,3.725084531,0.053048811,0.580601764,2.346858439,7,2,195.4021232,237.8808457,153.5652341,200.4807898,408.9751234,0.378131083,0.181420789,0.619065234,0.352472258,-0.360463643
SCPT,156298,23.5,24,23.75,301.6,4.037142202,0.05574448,0.344485237,2.30653842,7,2,200.2184602,243.7442124,158.0483846,204.8610996,414.0872084,0.409692565,0.212982271,0.646200419,0.386769449,-0.316974964
SCPT,156298,24,24.5,24.25,346.3,3.9165,0.0986,0.1366,2.466024955,7,2,212.6751316,258.9088559,170.6761099,213.158337,443.33832,0.487539654,0.290829359,0.707537785,0.485270196,-0.247027729
SCPT,195941,0,1.5,0.75,174,1.1479227,0.030413495,0,2.909966039,8,2,95.82794671,116.660109,245.8294658,57.18949584,146.5491285,0.596500937,0.399790643,-0.345582768,1.112685057,0.171694579
SCPT,195941,1.5,2,1.75,128,0.871857938,0.032066721,0.025959446,3.096598297,8,2,105.2423833,128.1211623,208.6734446,75.92706019,196.7973932,0.195764162,-0.000946132,-0.4887403,0.522257119,-0.430144475
SCPT,195941,2,2.5,2.25,102,0.402095898,0.012938372,0.009298986,3.342808492,8,2,85.38690105,103.9492708,153.4303157,67.57485066,185.3752565,0.177780108,-0.018930187,-0.408273681,0.411736931,-0.597409371
SCPT,195941,2.5,3,2.75,63,0.109288219,0.003578645,0.017343539,3.845531037,8,2,58.81844042,71.6050579,84.01530477,53.2474816,163.4663291,0.068679308,-0.128030986,-0.287864255,0.168184217,-0.953472305
SCPT,195941,3,3.5,3.25,59,0.145798973,0.003565205,0.029017357,3.676331551,8,2,64.39559308,78.39463506,90.14518431,58.13075536,170.8207543,-0.087507756,-0.284218051,-0.423884086,0.014842568,-1.063077343
SCPT,195941,3.5,4,3.75,59,0.241474367,0.003868836,0.042475845,3.398721223,8,2,74.5856783,90.79995619,104.140171,65.49553606,179.6912718,-0.234411065,-0.431121359,-0.568200346,-0.104444545,-1.113702778
SCPT,195941,4,4.5,4.25,56,0.19296833,0.00312655,0.082499356,3.489040464,8,2,69.4426926,84.53893013,86.24991986,64.51203939,180.1150144,-0.215150155,-0.411860449,-0.431897436,-0.141500173,-1.168243925
SCPT,195941,4.5,5,4.75,70,0.431298791,0.005025794,0.205422742,3.11242327,8,2,86.84227589,105.7210315,112.8552612,77.71252231,198.2286935,-0.21559831,-0.412308605,-0.477610881,-0.104521165,-1.04092614
SCPT,195941,5,5.5,5.25,76,1.199196419,0.038142286,0.043442903,2.919356673,8,2,129.9158849,158.1584686,179.4553271,109.5452338,266.6154015,-0.536153861,-0.732864156,-0.859192963,-0.365604218,-1.255073836
SCPT,195941,5.5,6,5.75,42,0.517074239,0.032983419,0.015183924,3.419160353,8,2,108.2207988,131.7470594,153.821222,98.34168459,266.0601718,-0.946503955,-1.143214249,-1.298121414,-0.850778374,-1.846052875
SCPT,195941,6,6.5,6.25,50,0.443680973,0.031475841,0.063818901,3.500654858,8,2,103.7568153,126.3126447,139.6860961,98.07326275,269.7823362,-0.730026841,-0.926737135,-1.027374729,-0.673691773,-1.685592466
SCPT,195941,6.5,7,6.75,58,0.287323574,0.017415608,0.109068256,3.617163255,8,2,89.28047552,108.6892746,100.6852202,89.60661476,253.8998766,-0.431339814,-0.628050109,-0.551556008,-0.434986132,-1.476496992
SCPT,195941,7,7.5,7.25,59,0.385304076,0.020220275,0.130772474,3.475898081,8,2,97.81030031,119.0734091,114.1927411,96.53925361,264.1744352,-0.505492448,-0.702202742,-0.660350288,-0.492412255,-1.499072181
SCPT,195941,7.5,8,7.75,88,0.948995332,0.03012848,0.112015983,2.987756948,8,2,124.0908511,151.067123,146.2546364,115.7454482,284.860904,-0.343677153,-0.540387447,-0.508012373,-0.274056553,-1.174664191
SCPT,195941,8,8.5,8.25,54,0.732971964,0.046474817,0.109274743,3.28737048,8,2,123.6666654,150.5507231,150.2651146,117.6319282,305.5946568,-0.828605717,-1.025316011,-1.023417118,-0.77857645,-1.733275526
SCPT,195941,8.5,9,8.75,67,0.489505224,0.018311766,0.157688984,3.312167387,8,2,105.3771527,128.2852293,110.4291346,104.4266442,273.988287,-0.452853225,-0.64956352,-0.49968138,-0.443792236,-1.408392738
SCPT,195941,9,9.5,9.25,58,0.460303375,0.023138734,0.186236759,3.401862296,8,2,105.6612865,128.6311314,109.6023399,107.1788498,286.319502,-0.599795557,-0.796505851,-0.636415713,-0.614055922,-1.596665317
SCPT,195941,9.5,10,9.75,58,0.42283815,0.015606754,0.190190422,3.358512523,8,2,101.2334862,123.2407659,95.88808255,103.9828984,275.5054686,-0.556986583,-0.753696878,-0.502738694,-0.583783436,-1.558164468
SCPT,195941,10,10.5,10.25,58,0.470341202,0.017369949,0.214958335,3.322443504,8,2,105.129214,127.983391,99.55547932,108.0234041,283.1468158,-0.594747193,-0.791457487,-0.540272059,-0.621904898,-1.585522536
SCPT,195941,10.5,11,10.75,59,0.607371288,0.044409461,0.183812532,3.400073721,8,2,121.0831329,147.4055531,127.4616569,122.7711684,324.3886004,-0.718939915,-0.915650209,-0.770278146,-0.732784759,-1.704404737
SCPT,195941,11,11.5,11.25,60,0.492197636,0.01746991,0.258143421,3.29591365,8,2,106.7904254,130.0057352,95.06432551,111.6365789,290.209706,-0.57652371,-0.773234005,-0.460209211,-0.620904202,-1.576259224
SCPT,195941,11.5,12,11.75,87,0.54428816,0.013649714,0.287905155,3.177575699,8,2,108.1555309,131.6676028,94.0329647,112.3191657,284.3690018,-0.217662173,-0.414372468,-0.07773729,-0.255436393,-1.184364578
SCPT,195941,12,12.5,12.25,82,0.505800435,0.01192222,0.327039379,3.191762477,8,2,104.9530347,127.7689118,85.23330137,111.1787877,282.2191269,-0.246793714,-0.443504009,-0.038672971,-0.304420358,-1.235964568
SCPT,195941,12.5,13,12.75,78,0.523912375,0.010885217,0.341967817,3.151949506,8,2,105.6391182,128.604144,83.39290996,112.143125,281.811127,-0.303319914,-0.500030208,-0.066854467,-0.36306713,-1.284528257
SCPT,195941,13,13.5,13.25,88,0.479273658,0.009122089,0.339078862,3.167031034,8,2,102.4444812,124.7150206,74.7412378,110.2753753,277.9216896,-0.15198419,-0.348694485,0.163304829,-0.225643835,-1.150002568
SCPT,195941,13.5,14,13.75,82,0.511842623,0.009681096,0.340204524,3.140591722,8,2,105.2288752,128.1047177,77.2722239,113.0333807,282.8538499,-0.249418495,-0.446128789,0.059384685,-0.320963933,-1.238211086
SCPT,195941,14,14.5,14.25,95,0.523140173,0.008646755,0.35421644,3.104694836,8,2,105.3798623,128.288528,75.19780485,113.4519557,281.3053384,-0.103694666,-0.300404961,0.233754852,-0.177502558,-1.085563801
SCPT,195941,14.5,15,14.75,92,0.574206128,0.00967148,0.375156532,3.07283474,8,2,108.999492,132.6950338,79.24945611,117.1757964,288.1310544,-0.169554645,-0.366264939,0.149188027,-0.241886763,-1.14162685
SCPT,195941,15,15.5,15.25,92,0.613288895,0.011315981,0.396502585,3.066552313,8,2,112.2026227,136.5944972,82.30214063,120.9599694,296.7090695,-0.198517791,-0.395228085,0.11139146,-0.273671083,-1.170963518
SCPT,195941,15.5,16,15.75,94,0.651102771,0.012147896,0.414990308,3.046133865,8,2,114.7385708,139.6817384,84.21143628,123.832853,302.0461295,-0.199361461,-0.396071755,0.109964047,-0.275637914,-1.16728497
SCPT,195941,16,16.5,16.25,91,0.681313815,0.0133079,0.418332476,3.038866239,8,2,117.2599497,142.7512432,86.01736825,126.6873903,308.1784997,-0.253533756,-0.450244051,0.056310274,-0.330863051,-1.219819653
SCPT,195941,16.5,17,16.75,95,0.722303232,0.014758735,0.425559728,3.02673647,8,2,120.2779799,146.4253668,88.6095442,129.9499631,314.8925192,-0.235928671,-0.432638965,0.069637317,-0.313272586,-1.19835448
SCPT,195941,17,17.5,17.25,95,0.737395005,0.014478793,0.444873326,3.010270291,8,2,120.9468082,147.2395926,87.46789141,131.1990182,316.5043941,-0.241473956,-0.43818425,0.082605121,-0.322838502,-1.203460233
SCPT,195941,17.5,18,17.75,94,0.822102857,0.018441265,0.480932985,2.999513362,8,2,126.4885931,153.9861134,93.86875173,137.0569224,329.2505863,-0.296857349,-0.493567643,0.001397234,-0.377101549,-1.253524339
SCPT,195941,18,18.5,18.25,99,0.831697018,0.018875598,0.48626184,2.997775576,8,2,127.4590406,155.1675277,93.23201025,138.6180774,332.6064491,-0.252675213,-0.449385507,0.06002873,-0.336602657,-1.211840106
SCPT,195941,18.5,19,18.75,98,0.873236493,0.022128277,0.509395008,3.005352605,8,2,130.6882787,159.0987741,95.99308352,142.5155477,342.0057369,-0.287847457,-0.484557751,0.020691337,-0.374483622,-1.249860033
SCPT,195941,19,19.5,19.25,90,0.866601584,0.023860522,0.537129037,3.027739527,8,2,131.1796271,159.6969374,94.61481934,144.3044152,347.6609437,-0.376757913,-0.573468207,-0.050004446,-0.472115392,-1.351418035
SCPT,195941,19.5,20,19.75,92,0.88885325,0.026236569,0.5679957,3.035222847,8,2,132.9882741,161.8987684,95.22902064,147.0222524,354.3354146,-0.368472382,-0.565182677,-0.034496157,-0.468795375,-1.348455386
SCPT,156301,0,3,1.5,198.5,1.566287741,0.004464274,0,2.308467412,7,2,98.41422151,119.8086175,191.0988575,65.81419986,144.3534702,0.701603779,0.504893485,0.037998227,1.103953482,0.318524154
SCPT,156301,3,4,3.5,163.8,8.858196831,0.033374248,0.001496834,1.716234338,7,2,166.9151617,203.2010664,194.7165404,128.9782825,239.820847,-0.018839498,-0.215549792,-0.172898691,0.239002134,-0.381246002
SCPT,156301,4,5,4.5,140.7,2.675511556,0.038595627,0.015538096,2.451526853,7,2,148.5579364,180.8531399,206.9393488,117.8666388,258.2310436,-0.054345062,-0.251055356,-0.385795785,0.177076158,-0.607224738
SCPT,156301,5,6,5.5,197.1,8.680957449,0.084822728,0.042483807,1.902916887,7,2,192.5957295,234.4643664,235.8956649,157.6493765,303.6489936,0.023117888,-0.173592406,-0.179678395,0.223337783,-0.432161194
SCPT,156301,6,7,6.5,214.6,8.900524035,0.034243705,0.0280073,1.706740855,7,2,179.7382273,218.8117549,194.9777388,153.7356364,281.60444,0.177274331,-0.019435963,0.095890438,0.333541349,-0.271727561
SCPT,156301,7,8,7.5,161,5.000888928,0.066273036,0.01539272,2.219992563,7,2,185.1288776,225.3742858,212.9290936,155.5353448,316.822146,-0.139647853,-0.336358148,-0.279554851,0.034531361,-0.676936198
SCPT,156301,8,9,8.5,167.1,5.114849242,0.061987735,0.0277428,2.189610172,7,2,187.4122152,228.1540011,206.6343528,160.6792958,324.2533336,-0.114718115,-0.311428409,-0.212358384,0.039182009,-0.662932669
SCPT,156301,9,10,9.5,164.1,2.677033427,0.035111896,0.045511899,2.426248667,7,2,160.4064368,195.2774013,169.1330565,144.0204197,308.2810091,0.022765174,-0.17394512,-0.030209723,0.130520905,-0.630535736
SCPT,156301,10,11,10.5,217.7,7.213541019,0.042577227,0.052816927,1.881116537,7,2,191.5198638,233.1546168,194.8529387,173.5633057,326.6047287,0.128126438,-0.068583857,0.110872855,0.226575561,-0.405632691
SCPT,156301,11,12,11.5,293.7,12.86934523,0.04338703,0.065704249,1.553528227,7,2,204.7273716,249.2333219,208.0761357,193.7897401,336.4722042,0.360879639,0.164169345,0.344654788,0.415785081,-0.135956705
SCPT,156301,12,13,12.5,260.9,10.78986748,0.07637341,0.082068715,1.761209676,7,2,216.1853292,263.1821399,222.1593842,202.6586426,369.3817962,0.188001147,-0.008709147,0.160742121,0.252614192,-0.347693595
SCPT,156301,13,14,13.5,288.8,6.723959593,0.099407134,0.052210774,2.13178869,7,2,215.055727,261.806972,214.6593335,197.6908999,388.4166032,0.294837217,0.098126923,0.296682131,0.379029708,-0.296344076
SCPT,156301,14,15,14.5,182.8,5.502116147,0.049123685,0.107658298,2.075085576,7,2,195.1632812,237.5900815,183.8282953,184.7853915,360.339464,-0.065443889,-0.262154183,-0.005609485,-0.010802447,-0.678653884
SCPT,156301,15,16,15.5,185.8,8.4520126,0.073587722,0.050155029,1.924871019,7,2,218.7015108,266.2453175,209.4148852,207.0790683,387.4706599,-0.163037009,-0.359747303,-0.119646555,-0.108429866,-0.734969303
SCPT,156301,16,17,16.5,175,10.1698491,0.07888283,0.076668996,1.835639259,7,2,227.1029956,276.473212,216.7847683,217.6520287,397.7665236,-0.260617666,-0.45732796,-0.214119036,-0.218111615,-0.821079235
SCPT,156301,17,18,17.5,195.5,6.680966651,0.049842695,0.114261443,1.946789081,7,2,203.429231,247.6529769,187.3376941,200.4674022,379.1625566,-0.039757806,-0.2364681,0.042647541,-0.025091271,-0.662404643
SCPT,156301,18,19,18.5,242.8,11.24764835,0.020633272,0.070179967,1.504263406,7,2,199.9178368,243.3782361,187.5993825,203.9571378,344.201325,0.194331593,-0.002378701,0.257929314,0.174328196,-0.348988674
SCPT,156301,19,20,19.5,261.3,14.20758872,0.034336151,0.130588491,1.45078761,7,2,213.4751949,259.8828459,205.3006386,223.2875643,373.338549,0.20214853,0.005438236,0.241193738,0.157208706,-0.356816473
SCPT,156301,20,21,20.5,209.5,18.22310954,0.038362941,0.071140405,1.348015399,7,2,221.7342741,269.9373771,220.307718,236.8469269,384.2905844,-0.056755962,-0.253466256,-0.050301548,-0.122690315,-0.606675257
SCPT,156301,21,22,21.5,259,19.52996345,0.194130975,0.03611522,1.695378544,7,2,282.6765477,344.1279711,274.2850057,277.3305495,480.4633924,-0.087475241,-0.284185535,-0.057339671,-0.068382052,-0.617922977
SCPT,156301,22,23,22.5,208.1,5.134951879,0.056523856,0.101208499,2.171227046,7,2,208.1134908,253.355554,170.4606847,209.154448,409.9217784,-6.48E-05,-0.196775121,0.199514052,-0.005054231,-0.677947624
SCPT,156301,23,24,23.5,267.7,1.904263904,0.01229825,0.828190875,2.463078402,7,2,154.0682451,187.5613418,103.7452451,161.6974927,337.4281032,0.552471296,0.355761002,0.947928623,0.50413969,-0.231485509
SCPT,156301,24,25,24.5,298.6,2.265931141,0.009500656,1.073424342,2.293245939,7,2,155.0649288,188.7746959,106.3057097,164.1748729,330.1778539,0.655260961,0.458550666,1.032785888,0.598172727,-0.100526575
SCPT,156301,25,26,25.5,255.9,2.415248891,0.012046651,1.219598731,2.303887242,7,2,160.1839165,195.0065071,109.6615577,170.8782059,344.1548717,0.46846411,0.271753816,0.847387869,0.403835687,-0.296305021
SCPT,156301,26,27,26.5,431.4,5.795247865,0.11199559,1.340568522,2.269185624,7,2,229.6105257,279.5258574,184.8227602,235.7431386,467.387719,0.630651227,0.433940933,0.847638421,0.604292917,-0.080123413
SCPT,156301,27,28,27.5,284.9,7.111388527,0.286856522,0.140407458,2.427964717,7,2,270.3783188,329.1562141,226.0342841,265.2242737,533.9563457,0.052316083,-0.144394212,0.231451554,0.071562457,-0.628175845
SCPT,156301,28,29,28.5,477.8,11.4949002,0.221037061,0.056682929,2.061051415,7,2,283.6473548,345.3098232,241.8595601,280.9065431,522.7067055,0.521460477,0.324750183,0.680835007,0.531170208,-0.089828279
SCPT,205817,0,0.5,0.25,1140,0.376230785,0.039376691,0.010955053,3.628417157,6,2,66.81202498,81.33637824,329.2268383,38.02350403,117.6719526,2.836900462,2.640190168,1.24203655,3.400579046,2.270882852
SCPT,205817,0.5,0.6,0.55,32,0.532448428,0.033255496,0.014720009,3.404126235,6,2,81.8203604,99.60739527,251.7972909,51.44903989,147.0762666,-0.938790214,-1.135500509,-2.06288846,-0.474855898,-1.52521537
SCPT,205817,0.6,1,0.8,51,0.337281004,0.015631072,0.014402842,3.498653615,6,2,73.48681607,89.46221087,191.8707761,50.08759011,145.7483282,-0.365280384,-0.561990678,-1.324996471,0.018052358,-1.050055722
SCPT,205817,1,1.5,1.25,109,0.352435084,0.010402921,0.021792434,3.311508477,6,2,75.20343286,91.55200522,156.6393054,55.22664936,154.958825,0.371151003,0.174440708,-0.362597862,0.679902267,-0.351811554
SCPT,205817,1.5,2,1.75,118,0.538285669,0.01318583,0.01209923,3.176543797,6,2,88.78589179,108.0871726,174.6608665,65.79677956,174.7014124,0.284456863,0.087746569,-0.392161564,0.58411373,-0.392393677
SCPT,205817,2,2.5,2.25,133,0.632641323,0.016925052,0.129874827,3.137797891,6,2,94.86379982,115.486365,173.6116536,73.75819762,192.6073433,0.337906951,0.141196657,-0.266471801,0.589556985,-0.370304497
SCPT,205817,2.5,3,2.75,188,1.878118943,0.05798916,0.065347485,2.767832801,6,2,135.2171314,164.61216,223.38834,101.0554587,239.7839372,0.329560096,0.132849801,-0.172469729,0.620772501,-0.243296293
SCPT,205817,3,3.5,3.25,193,1.949566726,0.040416425,0.009948964,2.653964914,6,2,135.4149572,164.8529914,203.8966749,103.299377,238.7569023,0.354346368,0.157636074,-0.054923181,0.625058844,-0.2127557
SCPT,205817,3.5,4,3.75,258,4.914818739,0.090074473,0.945247044,2.313807803,6,2,172.1308595,209.5506115,233.0449913,131.2556877,276.6455436,0.404704587,0.207994292,0.101728054,0.67581235,-0.069777476
SCPT,205817,4,4.5,4.25,184,4.468416656,0.100528623,1.488903925,2.404678462,6,2,172.5105027,210.0127859,231.6260556,135.2858992,289.4593797,0.064477638,-0.132232657,-0.230188484,0.307545446,-0.453079217
SCPT,205817,4.5,5,4.75,134,3.059406495,0.070376181,0.269046079,2.538896441,6,2,161.4237662,196.5158893,214.3280846,128.2776621,283.4468307,-0.186193196,-0.38290349,-0.469668146,0.04364265,-0.74918476
SCPT,205817,5,5.5,5.25,154,1.252254514,0.016090037,0.206009065,2.733071154,6,2,121.9990536,148.5205869,151.9680596,102.6097176,238.3932271,0.232939315,0.036229021,0.013282238,0.406019961,-0.436968922
SCPT,205817,5.5,6,5.75,129,0.993465278,0.008991558,0.356224509,2.743784496,6,2,111.3996362,135.6169484,130.2646756,96.98973503,225.7868324,0.146688342,-0.050021952,-0.009755942,0.285207256,-0.55977893
SCPT,205817,6,6.5,6.25,197,1.460137623,0.043532279,0.231003597,2.861251531,6,2,138.4301583,168.523671,176.8018147,119.6008761,283.8900225,0.352837803,0.156127508,0.108174315,0.499043562,-0.36538319
SCPT,205817,6.5,7,6.75,187,3.514653201,0.094699249,0.185902283,2.548616817,6,2,179.2105441,218.1693581,221.3792252,147.9042118,322.3391819,0.042547278,-0.154163016,-0.168768565,0.23454377,-0.544495734
SCPT,205817,7,7.5,7.25,378,14.10825237,0.483190845,0.200498414,2.190206118,6,2,273.3784448,332.8085414,345.4614503,210.9958374,409.8689845,0.324037116,0.127326822,0.090013135,0.58305579,-0.080943363
SCPT,205817,7.5,8,7.75,343,14.99524586,0.453513163,2.595591754,2.130740158,6,2,271.0435459,329.9660558,330.9884909,215.7034359,413.6116835,0.235450953,0.038740659,0.035646843,0.463825965,-0.187197124
SCPT,205817,8,8.5,8.25,337,9.275908652,0.181380665,1.725153122,2.131353357,6,2,226.7567393,276.0516827,257.3011889,189.8173693,371.6901713,0.39620512,0.199494826,0.26983559,0.574020534,-0.097977704
SCPT,205817,8.5,9,8.75,296,7.524242826,0.138076399,2.676404313,2.177138627,6,2,211.6067567,257.6082256,233.0894593,183.0291301,363.5584284,0.335629823,0.138919529,0.238937129,0.480714133,-0.205580568
SCPT,205817,9,9.5,9.25,338,6.695552673,0.161362855,2.807807433,2.295730722,6,2,212.3628127,258.5286416,234.8796826,185.1618404,375.9287488,0.464749703,0.268039409,0.363972501,0.60181564,-0.106353732
SCPT,205817,9.5,10,9.75,315,4.909331515,0.125369455,2.166344816,2.412683532,6,2,197.342699,240.2432857,213.0708982,175.9563842,367.8276659,0.467630833,0.270920538,0.390947673,0.582336491,-0.155041891
SCPT,205817,10,10.5,10.25,312,4.648724147,0.1039469,2.017842201,2.391326177,6,2,193.0164,234.976487,202.6369092,174.2924304,363.4007215,0.480228028,0.283517734,0.431587435,0.582268665,-0.152502954
SCPT,205817,10.5,11,10.75,302,4.684143717,0.112888676,2.539005433,2.410551766,6,2,194.3732097,236.6282553,201.916441,178.0242812,371.7948931,0.440646945,0.243936651,0.402573064,0.528507065,-0.207915322
SCPT,205817,11,11.5,11.25,296,4.393569207,0.138673858,2.502464256,2.510113689,6,2,197.2618865,240.1449053,205.1476678,181.71031,386.1076979,0.405827235,0.209116941,0.366629404,0.487945739,-0.265756886
SCPT,205817,11.5,12,11.75,298,4.832646048,0.126679091,2.583785822,2.425552673,6,2,200.232265,243.7610182,203.7138885,185.0658994,386.0874356,0.397615469,0.200905175,0.380376985,0.476381512,-0.258970374
SCPT,205817,12,12.5,12.25,299,4.940857057,0.122618735,1.826332711,2.40129676,6,2,203.5138374,247.7559759,204.450522,187.3134807,388.5948988,0.384709574,0.18799928,0.380117573,0.467659993,-0.262093836
SCPT,205817,12.5,13,12.75,265,4.031079616,0.084937263,1.842249089,2.423372218,6,2,189.3805608,230.5502479,183.5923486,178.4176289,373.6884667,0.335971286,0.139260992,0.367012023,0.395602794,-0.343692647
SCPT,205817,13,13.5,13.25,322,4.887187175,0.102412365,2.527316608,2.355770359,6,2,199.0780019,242.3558284,192.2874441,188.3087173,387.1851664,0.480854828,0.284144534,0.515560189,0.536468816,-0.184351499
SCPT,205817,13.5,14,13.75,326,5.480262994,0.118256115,2.364689653,2.326142282,6,2,208.2011755,253.4623006,201.2098972,195.7451869,398.5460348,0.448392579,0.251682285,0.482548754,0.510083635,-0.20092563
SCPT,205817,14,14.5,14.25,287,4.581199014,0.084160064,2.449521246,2.341395717,6,2,194.3551739,236.6062987,181.1647723,187.2996529,384.2592414,0.389794937,0.193084643,0.460075254,0.426772459,-0.291835217
SCPT,205817,14.5,15,14.75,316,4.84791032,0.134676541,2.575237524,2.443125243,6,2,207.5380428,252.6550086,196.8841805,198.2381901,412.2303295,0.420427552,0.223717258,0.473126574,0.466272925,-0.265840032
SCPT,205817,15,15.5,15.25,287,5.147236623,0.146067833,2.684465664,2.427390653,6,2,212.3951183,258.5679701,200.112774,203.182428,420.3198075,0.30103391,0.104323616,0.360601138,0.34537798,-0.381533652
SCPT,205817,15.5,16,15.75,289,4.47179029,0.08384642,2.560446249,2.354062693,6,2,195.2834346,237.7363551,175.6841239,191.855961,393.8525672,0.391974674,0.19526438,0.497739056,0.409681801,-0.309549956
SCPT,205817,16,16.5,16.25,322,4.019933874,0.049265696,2.353215571,2.282551516,6,2,182.4639557,222.130033,157.9585153,182.3555686,370.1718167,0.567998895,0.371288601,0.712219108,0.568593091,-0.139415722
SCPT,205817,16.5,17,16.75,241,4.440800261,0.072545107,2.631586269,2.322002209,6,2,193.4628323,235.5199698,169.493528,192.6434991,392.5560719,0.219711521,0.023001226,0.351982191,0.223955608,-0.487882452
SCPT,205817,17,17.5,17.25,265,4.159168881,0.045883045,2.692869185,2.242076491,6,2,182.3305169,221.9675858,154.4910418,185.2230587,372.4422962,0.373908759,0.177198465,0.539593713,0.358169004,-0.34035229
SCPT,205817,17.5,18,17.75,257,3.282736346,0.043875337,1.866406611,2.371967068,6,2,176.3546414,214.6926069,145.8041132,179.776642,372.3163597,0.37657911,0.179868815,0.566812054,0.357360882,-0.370667837
SCPT,205817,18,18.5,18.25,247,4.368362846,0.121199402,0.539986881,2.472931941,6,2,212.3632396,258.5291613,187.2229357,205.3910728,428.7945435,0.151090134,-0.04562016,0.27708826,0.184472503,-0.551589548
SCPT,205817,18.5,19,18.75,249,4.911659372,0.074481053,1.950333358,2.264624934,6,2,202.3259404,246.3098405,172.9325909,202.127439,405.6083348,0.207572933,0.010862639,0.364551026,0.208554512,-0.487935105
SCPT,205817,19,19.5,19.25,251,5.024423483,0.059527642,3.338218297,2.191816177,6,2,194.8115951,237.1619419,162.7718349,200.5137905,396.6606451,0.253420026,0.056709732,0.433103505,0.224569914,-0.457628178
SCPT,205817,19.5,20,19.75,293,5.050692827,0.072178068,3.26465199,2.240476587,6,2,199.9821675,243.4565517,167.2772445,205.3583808,409.385807,0.381944409,0.185234115,0.560520027,0.355415957,-0.334485396
SCPT,205817,20,20.5,20.25,242,5.126493403,0.077652524,3.261256172,2.251275437,6,2,202.9757829,247.1009531,168.560115,208.4961161,415.9636654,0.17585105,-0.020859244,0.361645274,0.149017313,-0.541660188
SCPT,205817,20.5,21,20.75,287,6.698872125,0.114773805,3.995162542,2.194593671,6,2,221.891268,270.1285002,189.2415725,225.349777,441.2194561,0.257294738,0.060584443,0.416457856,0.241828456,-0.430060169
SCPT,205817,21,21.5,21.25,294,7.201297225,0.109750651,4.253736721,2.138111549,6,2,223.7358628,272.3740938,190.0986122,228.371425,441.5468575,0.273113595,0.076403301,0.436036818,0.252606407,-0.40670438
SCPT,205817,21.5,22,21.75,292,5.723638249,0.129431778,3.429854061,2.326067845,6,2,221.1231462,269.1933953,183.6918143,225.4410678,453.0087869,0.278034033,0.081323739,0.463494371,0.258695018,-0.43915772
SCPT,205817,22,22.5,22.25,315,5.82152291,0.190050087,3.098550508,2.432664505,6,2,233.8670766,284.7077455,195.9308222,234.7925718,479.0116338,0.297819733,0.101109439,0.47481099,0.293870188,-0.419152246
SCPT,205817,22.5,23,22.75,241,5.406380449,0.113971387,2.864283772,2.324394084,6,2,218.6009511,266.122897,177.2827909,224.0313684,450.4854922,0.097549007,-0.099161287,0.307050787,0.073010854,-0.625528939
SCPT,205817,23,23.5,23.25,331,5.853954217,0.190196769,2.634813906,2.428793645,6,2,236.8054182,288.2848569,195.5832764,237.8853213,484.4379774,0.334879592,0.138169298,0.52613212,0.330329661,-0.380871034
SCPT,205817,23.5,24,23.75,328,5.031075117,0.095777422,2.699048748,2.319304519,6,2,213.0659119,259.3845884,167.925316,221.1740028,444.9970402,0.431412045,0.234701751,0.669494276,0.394063874,-0.305054022
SCPT,205817,24,24.5,24.25,249,4.319127771,0.048800591,2.772613289,2.233185872,6,2,192.4100659,234.2383411,144.9852907,205.7793853,409.3427234,0.257824042,0.061113748,0.540820603,0.190648247,-0.497099863
SCPT,205817,24.5,25,24.75,332,5.774705627,0.136574743,3.400992367,2.337562584,6,2,226.6828728,275.9617582,179.6156017,235.0313097,471.3742868,0.381582964,0.18487267,0.614315948,0.345416231,-0.350517474
SCPT,205817,25,25.5,25.25,279,5.833199583,0.120984518,3.425577561,2.294936363,6,2,224.3769173,273.154508,175.9866956,234.3158547,466.3937022,0.217884478,0.021174183,0.460803383,0.17454177,-0.51381835
SCPT,205817,25.5,26,25.75,218,5.893917635,0.105184948,3.17570724,2.248759707,6,2,222.6152791,271.009905,173.4966494,233.2235135,460.2985743,-0.020950013,-0.217660307,0.228336775,-0.067502216,-0.747380291
SCPT,205817,26,26.5,26.25,265,5.218374356,0.053447459,3.560403877,2.141873119,6,2,200.8692658,244.5364975,150.6350266,217.8095752,423.1926253,0.277075548,0.080365254,0.564869957,0.196108653,-0.468097628
SCPT,205817,26.5,27,26.75,246,5.177562875,0.048281583,3.487412205,2.121277667,6,2,199.1166486,242.4028766,147.9470646,216.8702602,419.6113236,0.211440709,0.014730415,0.508476998,0.126032241,-0.533997327
SCPT,205817,27,27.5,27.25,275,5.0069,0.0449,3.5533,2.120360745,6,2,196.0664849,238.6896338,144.1976502,214.8234358,415.7797939,0.338317287,0.141606993,0.645586168,0.246954636,-0.413384681
SCPT,156300,0,2.5,1.25,177.4,0.510364751,0.001175385,0.001073395,2.791427898,7,2,70.55126179,85.88849261,170.099951,43.48620653,105.7533569,0.922067507,0.725357212,0.042020859,1.405963273,0.517297509
SCPT,156300,2.5,3,2.75,211.7,3.624124801,0.011041033,0.00076805,2.035866086,7,2,133.0345068,161.9550517,174.2130287,96.80124057,194.2177024,0.464561634,0.26785134,0.194891325,0.782510368,0.086190471
SCPT,156300,3,3.5,3.25,200.8,5.052993432,0.018429198,0.000303472,1.929569346,7,2,147.485362,179.5473972,183.1129319,111.0069989,217.1100686,0.308580458,0.111870163,0.092206311,0.592716135,-0.078095066
SCPT,156300,3.5,4,3.75,188.2,3.289037685,0.011182611,0.002285897,2.091548669,7,2,136.3670703,166.0120856,169.4993736,104.1828199,210.3028825,0.322154931,0.125444637,0.104655996,0.591357988,-0.111043562
SCPT,156300,4,4.5,4.25,173.3,1.431885691,0.004264036,0.006345221,2.404765292,7,2,113.2180012,137.8306102,147.5471836,88.34180978,190.3308817,0.425709022,0.228998728,0.160876184,0.673810704,-0.093739843
SCPT,156300,4.5,5,4.75,234.1,6.23039068,0.025753783,0.011827681,1.856748277,7,2,162.1198658,197.3633148,188.2289961,130.7353261,250.0352825,0.367412401,0.170702106,0.218089089,0.582573507,-0.065853663
SCPT,156300,5,5.5,5.25,197.4,9.607476301,0.035790027,0.015593383,1.685512641,7,2,178.3289691,217.0961363,197.4060708,147.039668,268.5214259,0.101602141,-0.095108153,-3.08E-05,0.294529726,-0.307698582
SCPT,156300,5.5,6,5.75,186.1,4.789407233,0.040259652,0.016488916,2.11120529,7,2,168.2344405,204.807145,202.3621839,137.7628982,277.5800988,0.100925678,-0.095784617,-0.083774918,0.300750085,-0.399825372
SCPT,156300,6,6.5,6.25,130.8,5.014883961,0.061597317,0.014681228,2.191049628,7,2,178.9938684,217.905579,217.7944145,147.0318783,299.7181865,-0.313682112,-0.510392406,-0.509882126,-0.116979983,-0.829173216
SCPT,156300,6.5,7,6.75,160.6,6.298336854,0.067744074,0.015782464,2.087726417,7,2,189.255423,230.3979062,220.2236018,156.454316,309.9388816,-0.164180745,-0.36089104,-0.3157266,0.026152745,-0.65745832
SCPT,156300,7,7.5,7.25,143.3,6.187060387,0.075699267,0.006204598,2.127483904,7,2,192.9019035,234.8370999,223.376204,160.6594396,320.1418312,-0.297241453,-0.493951747,-0.443917029,-0.114346508,-0.803823785
SCPT,156300,7.5,8,7.75,128.9,5.233566894,0.077544594,0.014207982,2.225620854,7,2,189.7098504,230.9511222,220.9442682,160.08935,326.2081871,-0.386458892,-0.583169186,-0.53887358,-0.216695187,-0.928498878
SCPT,156300,8,8.5,8.25,155.9,4.52047635,0.062526769,0.039911091,2.25200808,7,2,182.5772991,222.2680162,207.7427906,156.672787,321.9161401,-0.157958864,-0.354669158,-0.287085955,-0.004944695,-0.725076301
SCPT,156300,8.5,9,8.75,159.7,5.848888179,0.068314708,0.029144672,2.131904913,7,2,193.5964026,235.6825771,213.1329782,166.4956516,331.1586125,-0.192478538,-0.389188832,-0.288619227,-0.041672137,-0.729300397
SCPT,156300,9,9.5,9.25,207.2,2.266468246,0.024664456,0.016128471,2.448360574,7,2,151.8679337,184.8827019,162.0403014,135.5510333,292.1320076,0.310673224,0.11396293,0.245839432,0.424336312,-0.34352127
SCPT,156300,9.5,10,9.75,146.5,3.227322412,0.0382677,0.030277911,2.329647351,7,2,167.6915587,204.1462454,178.5475008,150.1053874,314.2675502,-0.135100903,-0.331811198,-0.197829248,-0.024312202,-0.763219265
SCPT,156300,10,10.5,10.25,211.4,3.210575138,0.039485878,0.043103636,2.336071668,7,2,168.3726237,204.975368,177.3215816,152.4894165,319.5568726,0.227572552,0.030862258,0.175787144,0.32665688,-0.41318319
SCPT,156300,10.5,11,10.75,226.5,9.749233871,0.049929727,0.055594371,1.751881273,7,2,203.0023996,247.133356,206.9228298,184.8902767,336.2027674,0.109527145,-0.087183149,0.090399024,0.202982395,-0.394969507
SCPT,156300,11,11.5,11.25,284.4,14.65789582,0.062085838,0.062403785,1.558404783,7,2,215.5770968,262.441683,223.0991321,202.1906172,350.9217403,0.277063095,0.080352801,0.242765487,0.341170796,-0.210181539
SCPT,156300,11.5,12,11.75,283.4,10.88541822,0.041910658,0.069454458,1.649012721,7,2,202.867353,246.9689515,203.7320312,189.7745119,336.3921821,0.334306995,0.137596701,0.330053769,0.401022739,-0.171418361
SCPT,156300,12,12.5,12.25,265.9,12.31616348,0.070781672,0.07595895,1.694793677,7,2,219.5280995,267.2515994,223.3113317,204.1188811,364.2585834,0.191640058,-0.005070236,0.174553394,0.264417724,-0.314743711
SCPT,156300,12.5,13,12.75,254.2,13.82685062,0.125990806,0.074886297,1.775627664,7,2,240.9758817,293.3619429,249.3704599,220.1578653,396.9467087,0.053424506,-0.143285788,0.019181777,0.1437765,-0.445680678
SCPT,156300,13,13.5,13.25,211.9,10.28579356,0.119134014,0.07967581,1.939578311,7,2,233.4493722,284.1992357,237.8473182,212.2559618,397.0535411,-0.096850767,-0.293561061,-0.115514482,-0.001678448,-0.627956671
SCPT,156300,13.5,14,13.75,148.9,1.939317443,0.057885501,0.389180581,2.76211716,7,2,163.9597829,199.603214,159.0732034,158.8451891,360.4184117,-0.096346232,-0.293056526,-0.066089555,-0.064655135,-0.883990672
SCPT,156300,14,14.5,14.25,168.8,2.461420178,0.030324199,0.145685046,2.426348039,7,2,161.0650816,196.0792297,146.9949852,157.3589452,334.9628766,0.046906065,-0.149804229,0.13831611,0.070185111,-0.685305127
SCPT,156300,14.5,15,14.75,208.7,9.909054128,0.055315253,0.082561982,1.753638772,7,2,212.6219978,258.8441713,206.853027,204.0896575,369.1470139,-0.018618117,-0.215328411,0.008889287,0.022338419,-0.570297162
SCPT,156300,15,15.5,15.25,197.7,3.888143243,0.087169263,0.187148682,2.424479768,7,2,197.3097537,240.2031784,191.0163533,186.9538809,392.2233486,0.001975883,-0.194734412,0.034391686,0.05588877,-0.685080714
SCPT,156300,15.5,16,15.75,218.2,7.674462056,0.075197732,0.095758533,1.996336988,7,2,218.034336,265.4331047,207.7300524,205.5079625,389.8729472,0.000759518,-0.195950776,0.049172662,0.059927293,-0.580408836
SCPT,156300,16,16.5,16.25,176.9,6.675321606,0.057264726,0.113355084,2.009151306,7,2,208.283801,253.5628881,193.8463184,198.6364456,378.90275,-0.163316976,-0.36002727,-0.091481071,-0.115891646,-0.761694975
SCPT,156300,16.5,17,16.75,207.6,5.229164807,0.05618648,0.13553524,2.152891286,7,2,202.0523943,245.9768279,184.6121859,193.0915023,380.1893661,0.02708611,-0.169624185,0.117355819,0.072448969,-0.605056309
SCPT,156300,17,17.5,17.25,175.4,6.464491701,0.057572306,0.07630092,2.030291851,7,2,209.2124504,254.6934179,191.5485383,201.1201827,384.8480436,-0.176281165,-0.372991459,-0.08807216,-0.136833573,-0.785779485
SCPT,156300,17.5,18,17.75,181,2.613388735,0.051023723,0.275873073,2.551088931,7,2,178.5216792,217.3307399,153.6793042,176.1624927,379.0539279,0.013786985,-0.182923309,0.163629041,0.027090208,-0.739181454
SCPT,156300,18,18.5,18.25,157.1,5.255131829,0.030368117,0.107975132,2.012877957,7,2,192.1808614,233.9593096,168.0521687,188.0398319,358.6761273,-0.20155437,-0.398264664,-0.067391914,-0.179771267,-0.825537284
SCPT,156300,18.5,19,18.75,174,5.765115947,0.046547735,0.096815297,2.045528639,7,2,203.2812045,247.4727707,179.6611223,198.9301194,382.0169368,-0.155534965,-0.352245259,-0.032017123,-0.133898305,-0.786409646
SCPT,156300,19,19.5,19.25,194.4,6.850461794,0.091949319,0.139131469,2.111264073,7,2,224.7382864,273.5944357,203.8210196,217.3723816,420.6910586,-0.145018662,-0.341728956,-0.047324362,-0.111694035,-0.771980845
SCPT,156300,19.5,20,19.75,214.5,9.500248776,0.1062636,0.13868943,1.956975364,7,2,239.5195412,291.5890067,220.5781318,232.2555014,432.5143579,-0.110325267,-0.307035561,-0.027942233,-0.079528327,-0.701305785
SCPT,156300,20,20.5,20.25,249.9,6.297900274,0.069323672,0.179113532,2.084051602,7,2,215.5745042,262.4385268,189.210519,212.7542675,410.4981007,0.147754261,-0.048956033,0.278200585,0.160923012,-0.496310464
SCPT,156300,20.5,21,20.75,231.7,3.970668548,0.037722485,0.335785631,2.214877597,7,2,187.617272,228.4036355,153.4647753,190.5636782,380.322755,0.211039331,0.014329036,0.411972368,0.195457024,-0.495576816
SCPT,156300,21,21.5,21.25,285.4,1.744379874,0.017168596,0.618450661,2.553084149,7,2,152.7376876,185.9415327,108.823141,159.6247118,343.3070327,0.625169715,0.428459421,0.9641677,0.581066196,-0.184733481
SCPT,156300,21.5,22,21.75,350.5,1.156446486,0.006352329,0.66261525,2.596875432,7,2,130.0661138,158.3413559,80.40680734,139.4319684,302.5401023,0.991317818,0.794607523,1.472261865,0.921783906,0.147146868
SCPT,156300,22,22.5,22.25,310.8,3.235697352,0.029207911,1.36066059,2.287595333,7,2,176.9406909,215.4060585,137.8066241,184.6906665,373.8701288,0.563335022,0.366624727,0.81329819,0.520467266,-0.18475887
SCPT,156300,22.5,23,22.75,264.2,2.634231792,0.023610187,1.321753541,2.363534204,7,2,167.4223892,203.8185608,124.3795913,177.2546566,365.1653889,0.456186496,0.259476202,0.753368283,0.399118955,-0.323643979
SCPT,156300,23,23.5,23.25,304.4,1.5031,0.0081,0.8454,2.481608762,7,2,139.7695059,170.1541811,91.68618831,150.080494,317.2834594,0.778347947,0.581637653,1.199970876,0.707170849,-0.041452942
SCPT,184148,0,1,0.5,136,2.923684372,0.045078011,0,2.272429491,8,2,105.2695605,128.1542476,228.0860538,60.43546562,140.2511171,0.256130582,0.059420288,-0.517068101,0.811078774,-0.030779624
SCPT,184148,1,1.5,1.25,147,0.506799543,0.01695717,0.023769373,3.268944491,8,2,85.04595938,103.5342114,181.9386863,60.60077143,165.5653544,0.547240778,0.350530484,-0.213237155,0.886124964,-0.118933421
SCPT,184148,1.5,2,1.75,136,0.857242495,0.032926356,0.034618432,3.11355906,8,2,104.4861487,127.2005289,206.8077284,75.90894046,197.4506633,0.263600371,0.066890077,-0.419134627,0.583120416,-0.372833861
SCPT,184148,2,2.5,2.25,128,0.813130507,0.022563734,0.049753972,3.052890061,8,2,103.5351864,126.0428356,185.3922089,78.31984227,200.3152373,0.212118744,0.01540845,-0.370443365,0.49122928,-0.447862048
SCPT,184148,2.5,3,2.75,126,0.765702101,0.017734363,0.082765786,3.03299547,8,2,102.650393,124.9656958,170.3288653,80.49004647,204.1961365,0.204952935,0.008242641,-0.301449163,0.448148376,-0.482799078
SCPT,184148,3,3.5,3.25,137,0.786658042,0.016474566,0.12282305,3.000305459,8,2,104.4867445,127.2012542,163.1819878,84.13778056,211.0437524,0.270920709,0.074210415,-0.174885142,0.487525226,-0.432084544
SCPT,184148,3.5,4,3.75,137,0.830597012,0.018964783,0.196459182,2.999561782,8,2,107.8990903,131.3554143,161.5803673,89.28345605,222.969269,0.238784485,0.04207419,-0.165021723,0.428164718,-0.487053029
SCPT,184148,4,4.5,4.25,151,0.99940057,0.022246786,0.296017031,2.925558311,8,2,114.6932071,139.626513,163.4861022,96.21129125,235.2998467,0.275019038,0.078308744,-0.079448148,0.450733113,-0.443580808
SCPT,184148,4.5,5,4.75,154,0.963772414,0.01392003,0.400608673,2.845192469,8,2,110.6009637,134.6446514,144.6862482,94.95053376,227.6497534,0.3310238,0.134313506,0.06238501,0.483596544,-0.390855676
SCPT,184148,5,5.5,5.25,176,0.943013966,0.009226757,0.420875101,2.774345954,8,2,108.2452786,131.776861,132.2170919,94.06026648,221.3025327,0.486084244,0.28937395,0.286038787,0.626548285,-0.229046697
SCPT,184148,5.5,6,5.75,175,1.032198748,0.010864083,0.418931641,2.752473393,8,2,113.0293178,137.6009087,134.9404957,99.06878316,231.4739303,0.437138739,0.240428445,0.259952065,0.568971586,-0.279681281
SCPT,184148,6,6.5,6.25,179,1.129993862,0.009477431,0.395054705,2.673958212,8,2,115.8329734,141.0140546,132.3491984,101.5660557,232.4077881,0.435236537,0.238526243,0.301941934,0.566676424,-0.26110773
SCPT,184148,6.5,7,6.75,200,2.092967,0.035825124,0.065235032,2.602651404,8,2,148.5003279,180.7830079,177.024313,126.6263429,282.9870501,0.2977302,0.101019906,0.122030282,0.457076799,-0.347083771
SCPT,184148,7,7.5,7.25,204,2.673369837,0.066707747,0.025000228,2.605850511,8,2,166.7777735,203.0338112,201.6730744,140.8870336,312.9728582,0.201457765,0.004747471,0.011472051,0.370161604,-0.427996478
SCPT,184148,7.5,8,7.75,178,1.649000955,0.034210407,0.035900168,2.726628953,8,2,144.9569559,176.4693376,167.4913937,126.6594884,290.7917368,0.205346708,0.008636413,0.060851582,0.340281259,-0.49082378
SCPT,184148,8,8.5,8.25,149,1.287191601,0.025259762,0.02385025,2.803690431,8,2,135.8308815,165.3593339,152.5191443,121.2729148,283.486886,0.092535713,-0.104174581,-0.023343819,0.205902806,-0.643219559
SCPT,184148,8.5,9,8.75,172,1.347716358,0.027318562,0.012863025,2.79454525,8,2,138.826258,169.0058793,153.0557957,124.9015539,290.7846053,0.214271268,0.017560973,0.116691944,0.319968619,-0.525088328
SCPT,184148,9,9.5,9.25,154,1.644072128,0.031616371,0,2.709750783,8,2,146.9038863,178.8395137,158.6807751,132.1222158,301.0000944,0.047174064,-0.14953623,-0.029941878,0.153225231,-0.670157976
SCPT,184148,9.5,10,9.75,158,1.374348551,0.026895517,0.009920517,2.779031502,8,2,140.8706701,171.4947288,148.4167394,128.9131674,298.2951586,0.114752797,-0.081957497,0.062570909,0.203455976,-0.635488428
SCPT,184148,10,10.5,10.25,200,1.048813202,0.013981646,0.018266981,2.796176317,8,2,128.0105767,155.8389629,126.3237218,119.0827829,276.9094387,0.446204476,0.249494182,0.459469533,0.51849846,-0.32537315
SCPT,184148,10.5,11,10.75,179,1.563850376,0.023296561,0.026391226,2.670438688,8,2,144.5860357,176.0177826,144.5592016,133.348409,300.3870374,0.213511072,0.016800778,0.213696682,0.294420486,-0.517685962
SCPT,184148,11,11.5,11.25,218,1.333752917,0.022816534,0.133237037,2.76177637,8,2,139.8114255,170.2052136,137.1683312,131.757055,302.6846017,0.444200509,0.247490215,0.463286196,0.503535328,-0.328196282
SCPT,184148,11.5,12,11.75,176,1.593820062,0.037557182,0.236627616,2.770783908,8,2,150.7218493,183.4874687,150.3939636,142.6034495,326.9483868,0.155047915,-0.041662379,0.15722572,0.210416298,-0.619318325
SCPT,184148,12,12.5,12.25,234,1.519029196,0.032152909,0.320501774,2.76156338,8,2,147.4518257,179.5065704,142.5671211,141.4347383,323.6926175,0.461819598,0.265109304,0.495508201,0.503482718,-0.324473239
SCPT,184148,12.5,13,12.75,156,1.565242336,0.030923531,0.438792724,2.735668238,8,2,147.7615148,179.8835832,139.7248547,143.1712022,325.4050485,0.05425642,-0.142453874,0.110180842,0.085814875,-0.735214702
SCPT,184148,13,13.5,13.25,221,1.557355799,0.031017566,0.568661731,2.738041911,8,2,147.2861277,179.3048511,136.5581376,144.6418523,328.7051715,0.40578556,0.209075265,0.481412261,0.423901999,-0.396998512
SCPT,184148,13.5,14,13.75,201,1.621793322,0.033859704,0.660266569,2.734494255,8,2,149.6369186,182.1666835,137.2657753,148.0684008,335.7044282,0.295093091,0.098382797,0.381385896,0.305630573,-0.512926187
SCPT,184148,14,14.5,14.25,287,2.001015001,0.029591753,0.795037029,2.575614387,8,2,154.7114659,188.3443933,139.1606968,152.4261176,333.3885886,0.617920344,0.42121005,0.723852858,0.632802212,-0.149826526
SCPT,184148,14.5,15,14.75,314,1.848476713,0.026875279,0.913541528,2.601478161,8,2,150.7237524,183.4897855,132.2218552,150.9363154,331.9320552,0.733944279,0.537233985,0.864911753,0.73253499,-0.055537309
SCPT,184148,15,15.5,15.25,212,2.26902506,0.039099983,1.133127981,2.565859708,8,2,161.9995985,197.2169025,144.2879422,161.8650005,351.996444,0.268992418,0.072282124,0.384775373,0.269823617,-0.507034798
SCPT,184148,15.5,16,15.75,316,2.933013324,0.028036215,1.573970759,2.334960532,8,2,164.6259738,200.414229,143.2969836,164.8582502,340.5091396,0.652066138,0.455355844,0.790822928,0.650656199,-0.074699753
SCPT,184148,16,16.5,16.25,261,3.1961705,0.040183423,1.462758377,2.372603286,8,2,174.3244199,212.2210329,153.6088086,173.4734075,359.8832977,0.403602362,0.206892068,0.530111241,0.40849609,-0.321259398
SCPT,184148,16.5,17,16.75,260,4.709430335,0.138247681,0.553458831,2.464009578,8,2,217.5196428,264.8065217,207.0745137,204.961133,427.0678876,0.178392473,-0.018317821,0.227602933,0.237861265,-0.496261357
SCPT,184148,17,17.5,17.25,252,2.404041425,0.037134234,0.797218482,2.523802581,8,2,167.8756876,204.3704022,142.9239283,168.1852457,360.8720184,0.406205337,0.209495043,0.567116569,0.404363062,-0.359094288
SCPT,184148,17.5,18,17.75,256,2.79445412,0.040491128,1.056810221,2.451671888,8,2,173.5667421,211.2986426,147.599748,174.4892261,368.0126054,0.388615238,0.191904944,0.55067324,0.383314446,-0.362939747
SCPT,184148,18,18.5,18.25,245,2.858599764,0.048303323,0.834965193,2.488576258,8,2,178.1996062,216.938651,151.1046758,179.0198979,379.2698991,0.318353906,0.121643611,0.483285396,0.31376125,-0.436989876
SCPT,184148,18.5,19,18.75,261,2.94608798,0.063548406,0.340533916,2.537500683,8,2,188.1216594,229.0176723,162.0636079,185.3265643,395.823752,0.327431529,0.130721235,0.476531508,0.342400926,-0.416448634
SCPT,184148,19,19.5,19.25,234,3.88078833,0.087816933,0.522342657,2.455386784,8,2,203.9690542,248.310153,178.7593776,199.5297453,416.4288691,0.137352828,-0.059357466,0.269280473,0.159357791,-0.576394549
SCPT,184148,19.5,20,19.75,256,2.956858648,0.04478184,0.737766572,2.442651601,8,2,181.2217034,220.6177259,149.6282952,182.7356656,383.2328242,0.345456282,0.148745988,0.537023258,0.337136786,-0.403465256
SCPT,195188,0,1,0.5,110,1.043375029,0.064295339,0.008362125,3.168501516,8,2,94.90415085,115.535488,323.8518746,53.66030401,145.7614966,0.147612922,-0.049097372,-1.079805868,0.717806855,-0.281491335
SCPT,195188,1,1.5,1.25,132,0.809127004,0.05179878,0.024742876,3.26621066,8,2,102.3650226,124.6182883,230.392399,71.11944092,192.0961234,0.254256845,0.057546551,-0.556982015,0.618441193,-0.375193967
SCPT,195188,1.5,2,1.75,128,0.855332982,0.044120721,0.042271927,3.189767298,8,2,106.6395265,129.8220323,214.5630914,77.75040865,205.1040758,0.182576028,-0.014134266,-0.516573563,0.498526457,-0.471487273
SCPT,195188,2,2.5,2.25,108,0.645986835,0.015585262,0.070554678,3.107814322,8,2,95.70428411,116.5095633,167.5449834,73.47559206,190.582869,0.120868164,-0.075842131,-0.439120645,0.385177957,-0.567955881
SCPT,195188,2.5,3,2.75,65,0.462041727,0.006545818,0.172682706,3.124660116,8,2,84.13441735,102.4245081,131.4254377,68.90091072,178.7118691,-0.258028457,-0.454738751,-0.704052407,-0.058282126,-1.011387569
SCPT,195188,3,3.5,3.25,56,0.520539095,0.020562072,0.077202418,3.307833722,8,2,96.72476385,117.7518864,157.5065025,80.75253113,216.5500643,-0.546517768,-0.743228063,-1.034115053,-0.366037616,-1.352470074
SCPT,195188,3.5,4,3.75,44,0.561859868,0.038595693,0.115501204,3.410751986,8,2,104.1472608,126.7879697,168.9203904,89.52374991,243.8403627,-0.861616233,-1.058326527,-1.345237907,-0.710314318,-1.712324126
SCPT,195188,4,4.5,4.25,61,0.52206933,0.027989242,0.176166738,3.372672301,8,2,100.6928427,122.5825911,150.8305332,89.30864079,241.2675204,-0.501200858,-0.697911152,-0.905283046,-0.38122438,-1.375032497
SCPT,195188,4.5,5,4.75,74,0.533985863,0.018658193,0.206986342,3.262325299,8,2,99.49832818,121.1283995,137.5120997,89.35717095,235.4557589,-0.296075749,-0.492786043,-0.619646818,-0.188576402,-1.157457942
SCPT,195188,5,5.5,5.25,94,0.58060625,0.011347155,0.225842899,3.100845151,8,2,99.4083954,121.0189161,127.1372905,89.23415368,226.5200277,-0.055941789,-0.252652083,-0.301972748,0.052030927,-0.879538581
SCPT,195188,5.5,6,5.75,166,0.657964829,0.008623934,0.279830537,2.970571849,8,2,101.2451087,123.2549149,122.0350168,91.08612361,223.8811566,0.494443393,0.297733099,0.307679762,0.600182316,-0.299127572
SCPT,195188,6,6.5,6.25,99,1.334863967,0.048470022,0.088713826,2.932876067,8,2,136.9670541,166.7425006,178.8801483,119.123519,287.6920652,-0.324620565,-0.52133086,-0.591596169,-0.185041079,-1.06677084
SCPT,195188,6.5,7,6.75,144,15.5800576,0.244683936,0.042805306,1.905417737,8,2,249.0170488,303.1511899,296.8996964,198.2991714,368.7162176,-0.547708064,-0.744418358,-0.72358106,-0.319963558,-0.940213991
SCPT,195188,7,7.5,7.25,114,12.62508121,0.19038081,0.046780961,1.949663023,8,2,236.0794134,287.401025,275.1743108,192.2004221,362.8304005,-0.727969797,-0.924680092,-0.881206306,-0.522340244,-1.157737061
SCPT,195188,7.5,8,7.75,96,1.426227937,0.039323867,0.126861011,2.848918169,8,2,140.714439,171.3045344,163.8287977,125.4822963,295.7878707,-0.38238439,-0.579094684,-0.534473775,-0.267816492,-1.125294353
SCPT,195188,8,8.5,8.25,104,1.323239791,0.073080316,0.420456336,3.060530859,8,2,144.6546478,176.1013104,174.0300482,132.9795789,325.536725,-0.329958263,-0.526668557,-0.514837076,-0.245804676,-1.141084383
SCPT,195188,8.5,9,8.75,126,0.914063358,0.02401869,0.366890225,2.999509118,8,2,122.7699941,149.4591233,131.1188261,116.8546068,285.1382634,0.025969269,-0.170741026,-0.039822075,0.075351422,-0.816692291
SCPT,195188,9,9.5,9.25,160,0.906904059,0.010546011,0.384342092,2.822299008,8,2,116.3514178,141.6452043,113.8999891,110.7122567,259.8170691,0.31855874,0.121848446,0.339853041,0.368239262,-0.484803988
SCPT,195188,9.5,10,9.75,160,0.992627387,0.009902887,0.467082684,2.757246195,8,2,118.3532037,144.082161,112.9414474,113.2226581,261.3311351,0.30150041,0.104790116,0.348304295,0.345817509,-0.490614505
SCPT,195188,10,10.5,10.25,164,0.970876321,0.010344774,0.522471701,2.778663829,8,2,118.1837982,143.8759282,110.4927352,114.8578148,266.1219866,0.327625403,0.130915109,0.394916653,0.356171457,-0.484088372
SCPT,195188,10.5,11,10.75,164,0.965886213,0.009692993,0.579168606,2.769012443,8,2,117.617062,143.1859885,107.0169034,115.6761574,267.0694337,0.332432318,0.135722024,0.42687963,0.349071887,-0.487642248
SCPT,195188,11,11.5,11.25,170,1.013874652,0.010310929,0.593955722,2.752647554,8,2,120.0530293,146.151514,107.9583701,118.5751688,272.4365098,0.347864881,0.151154587,0.454052747,0.360251342,-0.471607158
SCPT,195188,11.5,12,11.75,164,1.048961252,0.011634528,0.62327194,2.756730181,8,2,122.4088555,149.0194762,109.0759791,121.8220104,279.8800985,0.292499712,0.095789418,0.407821732,0.297305379,-0.534494864
SCPT,195188,12,12.5,12.25,168,1.056419459,0.011692683,0.595160163,2.753414827,8,2,123.564865,150.4267922,108.3555014,123.4185966,283.0452046,0.307197738,0.110487444,0.438546479,0.308382177,-0.521642639
SCPT,195188,12.5,13,12.75,162,1.037379595,0.010651204,0.680584363,2.74573629,8,2,122.0052893,148.5281783,103.9617018,123.5125394,282.4402404,0.283531936,0.086821642,0.443573756,0.271253651,-0.555870655
SCPT,195188,13,13.5,13.25,164,1.050014642,0.010952923,0.689881916,2.744122728,8,2,123.100728,149.8617558,103.3860029,125.3486929,286.2658982,0.286863481,0.090153187,0.461396843,0.268767031,-0.557054665
SCPT,195188,13.5,14,13.75,162,1.08162553,0.011648271,0.709143736,2.738967706,8,2,124.9207721,152.0774617,103.8294161,127.8398081,291.3469343,0.259916622,0.063206328,0.444847013,0.236818354,-0.586918436
SCPT,195188,14,14.5,14.25,176,1.102050354,0.011932726,0.738280201,2.732966723,8,2,125.9930903,153.3828926,103.2595319,129.723474,294.9563399,0.334256928,0.137546634,0.533238449,0.305078933,-0.51634335
SCPT,195188,14.5,15,14.75,194,1.146437543,0.012206967,0.73898689,2.714211469,8,2,127.9781368,155.7994709,103.9216535,131.9687599,298.5087648,0.415998716,0.219288421,0.624220875,0.385292932,-0.430941136
SCPT,195188,15,15.5,15.25,196,1.232849117,0.012459511,0.812444623,2.676028947,8,2,130.417901,158.7696187,105.1426902,134.8276768,302.0021071,0.407370741,0.210660447,0.622796278,0.374117164,-0.432319335
SCPT,195188,15.5,16,15.75,260,2.598582731,0.024830203,0.651866587,2.372506631,8,2,161.1952731,196.2377238,139.0580924,160.3844212,334.8756851,0.478065125,0.28135483,0.625789854,0.483108065,-0.253077743
SCPT,195188,16,16.5,16.25,280,20.12188512,0.215436097,0.011493974,1.709508892,8,2,278.3186018,338.8226457,286.2356417,259.9106194,453.8160786,0.006023096,-0.190687198,-0.02202579,0.074451803,-0.482902399
SCPT,195188,16.5,17,16.75,264,18.83102347,0.229565164,0.00296224,1.765961866,8,2,280.3446878,341.2891852,286.2973712,260.9915861,460.8751315,-0.060070771,-0.256781065,-0.081081927,0.011460933,-0.557178039
SCPT,195188,17,17.5,17.25,262,16.84531282,0.161913272,0.00788358,1.729521685,8,2,264.1879111,321.6200657,263.6557905,251.5500474,443.3494977,-0.008316131,-0.205026425,-0.006299925,0.040702538,-0.526013889
SCPT,195188,17.5,18,17.75,266,13.93021179,0.137007708,0.018721073,1.794736245,8,2,254.3969398,309.7006223,248.1458314,243.3160331,436.3605192,0.044600507,-0.152109788,0.069479706,0.089135162,-0.494972472
SCPT,195188,18,18.5,18.25,235,10.16030394,0.119796493,0.008429937,1.957040264,8,2,243.8778126,296.8947284,230.832393,231.713083,430.8287462,-0.037081818,-0.233792112,0.017893638,0.014085619,-0.606125157
SCPT,195188,18.5,19,18.75,250,20.94955873,0.282871719,0.012846547,1.769900059,8,2,297.1363024,361.7311508,299.9661624,278.2529123,487.6510456,-0.172730046,-0.369440341,-0.182208758,-0.107069539,-0.668139162
SCPT,57280,0,0.5,0.25,86,16.88674131,0.041516027,0.000960898,1.396720281,2,1,129.5962478,157.7693452,174.2898235,70.32606974,129.0298791,-0.410076535,-0.60678683,-0.70637227,0.201204731,-0.405696702
SCPT,57280,0.5,1,0.75,80,1.804630726,0.050347185,0.012788296,2.761591987,2,1,113.0728889,137.6539517,264.1212948,68.59182908,168.0611585,-0.346006011,-0.542716305,-1.194381813,0.153853217,-0.742301317
SCPT,57280,1,1.5,1.25,57,0.532752703,0.018417682,0.007310078,3.248239854,2,1,86.57816203,105.3995016,188.5614612,61.31920481,167.070545,-0.417996345,-0.61470664,-1.19637274,-0.073041818,-1.07536488
SCPT,57280,1.5,2,1.75,37,0.234798737,0.007073481,0.007459257,3.537753589,2,1,70.29754219,85.57961658,138.6000247,55.35705098,159.8948203,-0.641818924,-0.838529218,-1.320674352,-0.402886127,-1.463598314
SCPT,57280,2,2.5,2.25,35,0.228233588,0.010241715,0.03553858,3.631486709,2,1,72.7898703,88.61375515,135.8917455,61.01030248,178.8728254,-0.73222874,-0.928939034,-1.356510518,-0.555694682,-1.631327019
SCPT,57280,2.5,3,2.75,37,0.248794201,0.010541153,0.045448435,3.585717607,2,1,76.20295889,92.76881952,132.3133113,65.50063718,189.0874628,-0.72248238,-0.919192674,-1.274254768,-0.571141958,-1.631291761
SCPT,57280,3,3.5,3.25,37,0.526352649,0.01149528,0.032406138,3.159630561,2,1,94.05536428,114.5021826,150.4456061,77.00456896,200.6428014,-0.932965678,-1.129675972,-1.402683685,-0.732946845,-1.690608307
SCPT,57280,3.5,4,3.75,50,1.006686817,0.007496246,0.040445722,2.684378347,2,1,107.7529143,131.1774609,148.3622061,84.92099442,197.7723551,-0.76781777,-0.964528065,-1.087633617,-0.529698341,-1.375093642
SCPT,57280,4,4.5,4.25,59,5.047218378,0.01680191,0.058367713,1.923017203,2,1,152.0475626,185.1013805,175.2062512,118.6041498,229.4662925,-0.94665594,-1.143366234,-1.088426414,-0.698254032,-1.358218701
SCPT,57280,4.5,5,4.75,69,5.127543049,0.014288349,0.020853794,1.882593258,2,1,152.0513009,185.1059315,169.0422676,120.9814321,231.1435446,-0.790111465,-0.986821759,-0.896042283,-0.561530575,-1.208932418
SCPT,57280,5,5.5,5.25,64,5.453750599,0.02165954,0.032181566,1.916888633,2,1,160.2630268,195.1028152,178.9462916,129.9239351,250.3772536,-0.9179333,-1.114643594,-1.028202631,-0.708066082,-1.364085711
SCPT,57280,5.5,6,5.75,80,4.3016186,0.031754941,0.016912139,2.127575851,2,1,162.402387,197.7072537,187.0162925,132.9384253,268.815377,-0.708050491,-0.904760785,-0.849169104,-0.507859418,-1.211998179
SCPT,57280,6,6.5,6.25,93,1.813701244,0.026193455,0.037543752,2.602384926,2,1,140.4278296,170.9556187,170.416616,118.2470584,266.066713,-0.412094195,-0.60880449,-0.605646628,-0.240176658,-1.051147585
SCPT,57280,6.5,7,6.75,100,2.924944146,0.045192398,0.084017363,2.450748484,2,1,162.1731945,197.4282368,192.3415265,135.409452,292.2761071,-0.48349468,-0.680204974,-0.65410239,-0.30313298,-1.072528742
SCPT,57280,7,7.5,7.25,109,2.250348564,0.028974648,0.082790585,2.50590356,2,1,150.6497319,183.3996736,172.6212184,128.1954642,280.3630749,-0.323609604,-0.520319898,-0.459751823,-0.162208281,-0.944737577
SCPT,57280,7.5,8,7.75,168.5,18.09768243,0.018625933,0.042685141,1.282272807,2,1,187.3661343,228.0979027,207.1498452,169.9747251,273.4096834,-0.10612889,-0.302839185,-0.206506671,-0.008714,-0.484035592
SCPT,57280,8,8.5,8.25,195.5,24.67340425,0.068378393,0.070525147,1.271907463,2,1,211.7139625,257.7387369,236.1783817,201.4681248,329.6965906,-0.079675751,-0.276386045,-0.189026995,-0.0300708,-0.52261243
SCPT,57280,8.5,9,8.75,175,15.72878076,0.074149726,0.066480665,1.562018858,2,1,215.2849638,262.0860429,231.4531504,193.2345325,337.0675697,-0.20717659,-0.403886884,-0.279591505,-0.099118672,-0.65549744
SCPT,57280,9,9.5,9.25,184,30.18561305,0.083023253,0.047380104,1.201247984,2,1,220.7453687,268.7334923,252.2347586,217.5928897,348.5843327,-0.182074102,-0.378784396,-0.315424478,-0.167690081,-0.638944431
SCPT,57280,9.5,10,9.75,221.5,52.43263543,0.152243398,0.031653022,1.014892039,2,1,236.9938771,288.5142852,294.698769,251.4185461,383.8028339,-0.067611716,-0.264322011,-0.285531123,-0.126696475,-0.549706378
SCPT,57280,10,10.5,10.25,206,47.11606018,0.086876962,0.038858163,0.96828133,2,1,219.0082073,266.6186871,272.5789711,239.6263925,361.0719876,-0.061233036,-0.257943331,-0.280052206,-0.151204844,-0.561201181
SCPT,57280,10.5,11,10.75,241,43.29201898,0.091922629,0.017343247,1.02748319,2,1,224.9228333,273.8191014,272.7265812,241.0088094,367.915653,0.069039553,-0.127670741,-0.123672826,-3.66E-05,-0.423056775
SCPT,57280,11,11.5,11.25,187,22.93818035,0.07615287,0.031551836,1.334669223,2,1,223.4240855,271.9945388,242.54145,219.2912831,361.4780558,-0.177963077,-0.374673371,-0.260064007,-0.159292289,-0.65909272
SCPT,57280,11.5,12,11.75,198,21.80341571,0.088703647,0.052919345,1.402345279,2,1,230.3863858,280.4703828,247.0924908,223.1531995,372.6618754,-0.151490807,-0.348201101,-0.221495692,-0.119591498,-0.632404477
SCPT,57280,12,12.5,12.25,234,19.55092101,0.082299098,0.031039041,1.45016785,2,1,228.696731,278.4134116,241.2377997,220.8607517,372.6634693,0.022924308,-0.173785986,-0.030462052,0.057788695,-0.46535467
SCPT,57280,12.5,13,12.75,230,19.28796398,0.095487618,0.06091821,1.496517145,2,1,235.2872139,286.4366082,246.7775885,225.6649096,383.7645162,-0.022727646,-0.21943794,-0.07040817,0.019028111,-0.511949817
SCPT,57280,13,13.5,13.25,248,15.74556563,0.080991787,0.019532133,1.57434231,2,1,228.477092,278.1460251,233.8372135,218.517846,378.74525,0.081992795,-0.1147175,0.058803542,0.12656106,-0.423435069
SCPT,57280,13.5,14,13.75,224,13.02318026,0.071712163,0.036787232,1.66005633,2,1,223.5429738,272.1392724,223.3994985,212.669369,375.7857591,0.00204238,-0.194667914,0.00268441,0.05190735,-0.51737314
SCPT,57280,14,14.5,14.25,214,17.36738421,0.077469617,0.019277492,1.496678881,2,1,228.8086885,278.5497078,235.8288629,225.3238015,383.8426817,-0.066910218,-0.263620512,-0.09713037,-0.05156247,-0.584256771
SCPT,57280,14.5,15,14.75,264,26.16816002,0.103760956,0.042970253,1.332798968,2,1,243.1325165,295.9874114,261.4878672,247.2546692,403.4226665,0.082342473,-0.114367821,0.009561218,0.065530248,-0.42403571
SCPT,57280,15,15.5,15.25,220,28.54942516,0.117839001,0.033710364,1.314362829,2,1,249.4876871,303.7241408,270.5566561,255.3908006,413.893903,-0.125782017,-0.322492312,-0.20685398,-0.149167377,-0.631982122
SCPT,57280,15.5,16,15.75,245,35.88305146,0.149034835,0.045161399,1.241384911,2,1,260.2451977,316.8202407,291.421571,271.5607657,430.9540169,-0.060366044,-0.257076338,-0.173512706,-0.102927719,-0.564743185
SCPT,57280,16,16.5,16.25,226,31.60971906,0.152963226,0.017585635,1.325464615,2,1,263.7686156,321.109619,287.2511317,269.55716,435.4403535,-0.154537264,-0.351247558,-0.239821857,-0.176245465,-0.655822827
SCPT,57280,16.5,17,16.75,228,30.85768172,0.16250641,0.032342844,1.35923614,2,1,268.3698492,326.7111207,289.2921662,272.26256,442.1811857,-0.163020434,-0.359730729,-0.238091504,-0.177421266,-0.662374092
SCPT,57280,17,17.5,17.25,221,27.54110264,0.168806262,0.019869243,1.440164025,2,1,271.4328773,330.4400245,285.7603551,270.8953295,447.317832,-0.205552178,-0.402262472,-0.256990839,-0.203569807,-0.705106674
SCPT,57280,17.5,18,17.75,252.5,27.82565821,0.16271232,0,1.4223063,2,1,270.4264832,329.2148491,284.4920391,272.628327,448.4509433,-0.068589032,-0.265299326,-0.119294022,-0.076698179,-0.574388047
SCPT,57342,0,0.5,0.25,75,6.235476191,0.051229233,0,2.012370531,2,1,120.164642,146.2873902,253.858433,59.93834211,127.642109,-0.471374705,-0.668084999,-1.219288648,0.224171711,-0.531742211
SCPT,57342,0.5,1,0.75,82,6.544701748,0.06766049,0.001878747,2.05801765,2,1,143.8690179,175.1448914,238.5818523,84.62418072,176.3171093,-0.562184041,-0.758894335,-1.0679932,-0.031500803,-0.765564884
SCPT,57342,1,1.5,1.25,91,2.4323679,0.082028991,0.019705985,2.712232492,2,1,133.6392233,162.6912283,263.4607859,86.37932828,205.1707417,-0.384284299,-0.580994593,-1.06304503,0.052111115,-0.812983012
SCPT,57342,1.5,2,1.75,97,1.965646869,0.061762091,0.043525916,2.769698883,2,1,130.9057246,159.3634908,241.6139079,89.98454366,215.2805183,-0.299766426,-0.49647672,-0.912630052,0.07507306,-0.797230936
SCPT,57342,2,2.5,2.25,103,2.344308176,0.012864845,0.047035926,2.305014091,2,1,122.4681166,149.0916202,168.655388,86.95574618,187.4582736,-0.173121735,-0.369832029,-0.49312852,0.169329664,-0.598827292
SCPT,57342,2.5,3,2.75,105,2.387454061,0.0143738,0.032824152,2.318630354,2,1,127.1040111,154.7353179,168.8959303,93.07775491,200.1884819,-0.191045386,-0.38775568,-0.475322378,0.120525132,-0.645298982
SCPT,57342,3,3.5,3.25,92,1.991079733,0.01522328,0.036860402,2.435978944,2,1,126.4076654,153.8875927,167.972733,95.46550205,210.1638042,-0.317723547,-0.514433841,-0.602013085,-0.03697637,-0.82609867
SCPT,57342,3.5,4,3.75,103,2.792837459,0.018941239,0.044043394,2.273915739,2,1,138.1071634,168.1304598,173.2115778,106.228662,224.7906763,-0.293300942,-0.490011236,-0.519784852,-0.030864972,-0.780440653
SCPT,57342,4,4.5,4.25,110,2.575349481,0.023242326,0.022444978,2.368972029,2,1,140.928307,171.5648955,175.8713328,110.5903491,238.1640585,-0.247770935,-0.444481229,-0.469272298,-0.00535246,-0.772479392
SCPT,57342,4.5,5,4.75,114,2.673535232,0.020787926,0.042797569,2.319257004,2,1,142.3451544,173.2897532,171.2179997,113.6336524,241.5219789,-0.222056325,-0.418766619,-0.406739148,0.00321875,-0.750762031
SCPT,57342,5,5.5,5.25,138,8.197330527,0.048261165,0.031029328,1.844571107,2,1,181.8658699,221.4019286,206.3034681,147.2494258,278.7005436,-0.276015752,-0.472726046,-0.402094546,-0.064874238,-0.7028842
SCPT,57342,5.5,6,5.75,148,7.227988957,0.045030997,0.021680694,1.901581644,2,1,179.9495105,219.0689693,201.8836306,147.4677908,282.3858908,-0.195464041,-0.392174335,-0.310479171,0.003602489,-0.646062269
SCPT,57342,6,6.5,6.25,132,10.63997474,0.058409388,0.03640636,1.733632752,2,1,194.6715756,236.9914834,215.2835422,163.0588529,299.1949102,-0.388511988,-0.585222283,-0.489154038,-0.211309274,-0.818293312
SCPT,57342,6.5,7,6.75,159,6.971998369,0.053606329,0.033587681,1.962997863,2,1,186.2073067,226.687156,205.3969122,155.6417138,300.7630478,-0.157956403,-0.354666697,-0.256040062,0.021347543,-0.637418536
SCPT,57342,7,7.5,7.25,150,5.623343959,0.04045667,0.026713553,2.023547718,2,1,177.5159244,216.1063428,191.9258694,150.3767146,294.7884629,-0.168425026,-0.36513532,-0.246473907,-0.002508282,-0.67562273
SCPT,57342,7.5,8,7.75,172,7.994448064,0.048256397,0.037678858,1.860854076,2,1,190.5610581,231.9873751,202.91617,163.5322612,307.5635809,-0.102478181,-0.299188476,-0.165298461,0.050484189,-0.581187356
SCPT,57342,8,8.5,8.25,144,9.183992444,0.050459313,0.049063349,1.786972594,2,1,195.4295691,237.914258,206.1641605,170.3914344,314.616367,-0.305386755,-0.502097049,-0.358859448,-0.168285046,-0.781540715
SCPT,57342,8.5,9,8.75,160,11.31250684,0.074120347,0.069750353,1.755339805,2,1,210.1982387,255.893508,223.6283427,184.2717848,336.2291694,-0.272877264,-0.469587558,-0.334811674,-0.141237944,-0.742619164
SCPT,57342,9,9.5,9.25,151,13.21694014,0.082879195,0.037230889,1.689786941,2,1,217.4422019,264.7122459,231.342047,193.1673637,346.3822781,-0.36465324,-0.561363534,-0.426617501,-0.246277145,-0.830263178
SCPT,57342,9.5,10,9.75,202.5,16.45289543,0.118786095,0.049395174,1.653599593,2,1,233.9824605,284.8482128,251.9048384,208.4339297,368.4451512,-0.144506271,-0.341216565,-0.218311504,-0.02888222,-0.598551971
SCPT,57342,10,10.5,10.25,212,16.93189376,0.123040441,0.069760552,1.646295497,2,1,237.1443399,288.6974573,254.0923824,212.8515442,374.932761,-0.11208271,-0.308793004,-0.181111637,-0.004008672,-0.570160431
SCPT,57342,10.5,11,10.75,215.5,13.51354757,0.120340653,0.076903498,1.769134871,2,1,232.9884243,283.6380818,246.117475,208.416041,377.7593572,-0.078027862,-0.274738156,-0.132848053,0.033424631,-0.561296462
SCPT,57342,11,11.5,11.25,137,1.544089335,0.024326935,0.176664231,2.68928022,2,1,143.8653194,175.1403889,135.38199,135.2492921,305.4795372,-0.048896654,-0.245606949,0.011880587,0.012861242,-0.801901869
SCPT,57342,11.5,12,11.75,159.5,1.100191796,0.017321688,0.283152531,2.754528696,2,1,125.1083041,152.3057615,104.3030123,126.7508497,294.7820838,0.242864128,0.046153833,0.42474368,0.229820576,-0.614192462
SCPT,57342,12,12.5,12.25,172.5,10.99193453,0.096360315,0.077520505,1.837263799,2,1,225.8628285,274.9634434,229.3018305,205.9638028,378.7664834,-0.269530625,-0.466240919,-0.284641936,-0.177303202,-0.78652264
SCPT,57342,12.5,13,12.75,214,8.907433903,0.084099463,0.030511234,1.927617231,2,1,218.2819246,265.7345169,217.2949633,199.7880003,375.3287803,-0.019811444,-0.216521739,-0.015279693,0.068719209,-0.561826374
SCPT,57342,13,13.5,13.25,209,13.43768804,0.095261891,0.065230879,1.716669619,2,1,232.1302648,282.5933658,234.4857443,216.4833742,386.3669713,-0.104964448,-0.301674743,-0.115060542,-0.035179499,-0.614453369
SCPT,57342,13.5,14,13.75,239,14.1420236,0.127544406,0.100941447,1.767019011,2,1,244.2757535,297.3791781,247.3782027,225.7433911,405.241687,-0.021834172,-0.218544467,-0.034454799,0.057064635,-0.528020095
SCPT,57342,14,14.5,14.25,232,17.17831582,0.140018557,0.041723509,1.674799892,2,1,252.3838121,307.2498582,258.2751691,236.2968955,414.5101132,-0.084213621,-0.280923915,-0.107288192,-0.018351674,-0.580360001
SCPT,57342,14.5,15,14.75,247.5,19.0464815,0.178186054,0.126111961,1.683800572,2,1,265.250691,322.9138847,272.9663535,247.0416544,431.7860135,-0.0692648,-0.265975095,-0.097937958,0.001853618,-0.556519544
SCPT,57342,15,15.5,15.25,237.5,21.61666352,0.204224493,0.126427968,1.648484201,2,1,274.6621481,334.3713108,284.7400925,256.821131,443.651021,-0.145374167,-0.342084461,-0.181409185,-0.078212231,-0.624870641
SCPT,57342,15.5,16,15.75,306.5,25.14256423,0.257294585,0.129181756,1.6300249,2,1,289.7488714,352.7377565,303.7138579,269.9633385,461.4411845,0.056203168,-0.140507126,0.009131754,0.126931589,-0.409136846
SCPT,57342,16,16.5,16.25,301,25.04442814,0.24387762,0.126840478,1.614710332,2,1,287.9377508,350.532914,300.1012674,270.9602907,461.8665413,0.044365951,-0.152344343,0.002990289,0.105137983,-0.428165713
SCPT,57342,16.5,17,16.75,264,24.30019247,0.24346208,0.125880021,1.632911249,2,1,288.5310108,351.2551436,298.0449697,272.0313502,465.2168021,-0.088853467,-0.285563761,-0.121295277,-0.029968214,-0.566554435
SCPT,57342,17,17.5,17.25,271,26.01232719,0.217259514,0.127964543,1.554300398,2,1,284.3963791,346.2216789,295.1643601,274.3632909,462.0398223,-0.048250145,-0.244960439,-0.085413533,-0.012334287,-0.533532262
SCPT,57342,17.5,18,17.75,245,20.43102718,0.178797322,0.067564102,1.64140117,2,1,272.6922054,331.9731197,273.371227,262.8153281,452.9439546,-0.107085496,-0.30379579,-0.109572467,-0.0701934,-0.614510187
SCPT,57342,18,18.5,18.25,235,24.67454885,0.189341463,0.040598432,1.544387674,2,1,278.8887,339.5166783,285.2102997,273.4476754,460.1931951,-0.171227263,-0.367937558,-0.193641288,-0.151524775,-0.672060876
SCPT,57342,18.5,19,18.75,266.5,27.13683796,0.256742002,0.137344567,1.582629749,2,1,297.0480906,361.6237625,304.8384767,286.4606466,482.4031613,-0.108519803,-0.305230098,-0.134407808,-0.072226924,-0.593405955
SCPT,57342,19,19.5,19.25,290,24.81199972,0.231225385,0.152104386,1.603227026,2,1,291.0476028,354.3188208,293.9723131,282.4032443,478.7465573,-0.003605914,-0.200316209,-0.013604667,0.026544929,-0.501290427
SCPT,57342,19.5,20,19.75,275,25.25605701,0.248228632,0.167276957,1.615876742,2,1,296.1320761,360.5086144,298.0439047,286.836525,486.393654,-0.07403446,-0.270744754,-0.080469709,-0.042141357,-0.570247186
SCPT,140251,0,2,1,213.7,0.795821906,0.003406499,0,2.699840714,7,2,80.79075515,98.35396279,180.0504393,49.58307576,119.5266327,0.97271062,0.776000326,0.171336133,1.460923601,0.581033948
SCPT,140251,2,3,2.5,188.8,4.234009927,0.024883928,0,2.092628461,7,2,143.259255,174.4025713,190.3393938,102.9779596,210.6710388,0.276032293,0.079321999,-0.008120508,0.606173273,-0.109609605
SCPT,140251,3,4,3.5,144.1,2.607498762,0.029298362,0,2.394999136,7,2,139.3848963,169.6859608,191.9730089,106.9892093,233.6699016,0.033268358,-0.163441936,-0.28684728,0.297779521,-0.483401939
SCPT,140251,4,5,4.5,181.3,5.412668308,0.031330953,0,1.997104434,7,2,162.7966124,198.1871803,191.3212558,128.2149613,252.6384799,0.107651473,-0.089058821,-0.053800865,0.346444877,-0.331806416
SCPT,140251,5,6,5.5,170.5,0.938386326,0.020968533,0.031334219,2.947639698,7,2,119.6846691,145.7030754,157.6972362,101.902564,249.068798,0.35387477,0.157164476,0.078058329,0.514718194,-0.378993859
SCPT,140251,6,7,6.5,221.6,2.214403,0.022155874,0.065851634,2.454439611,7,2,143.1131215,174.2246697,165.1162277,121.3615296,263.3824175,0.437238578,0.240528283,0.294224319,0.602100016,-0.17273308
SCPT,140251,7,8,7.5,278.5,1.546388151,0.014787436,0.767031361,2.583089476,7,2,128.2959661,156.1863936,139.6659757,115.9733796,258.4376719,0.775078229,0.578367935,0.690164375,0.876057381,0.074763509
SCPT,140251,8,9,8.5,289.7,2.297695113,0.026926022,1.003529279,2.473332781,7,2,147.1327207,179.1180947,157.2041716,133.6155521,289.2246381,0.677510864,0.480800569,0.611300488,0.773879243,0.001642224
SCPT,140251,9,10,9.5,340,2.982739979,0.055486462,0.433433251,2.513714674,7,2,170.2543208,207.2661296,185.2512196,151.9432325,327.4383523,0.691652294,0.494942,0.60723277,0.805438637,0.037645818
SCPT,140251,10,11,10.5,322,5.260582522,0.216720764,0.097082145,2.535044604,7,2,221.7777762,269.9903363,254.0825235,189.8328739,402.6074706,0.372875673,0.176165379,0.236892436,0.528407472,-0.223410523
SCPT,140251,11,12,11.5,324.4,4.965935377,0.269705884,0.266965681,2.639261514,7,2,226.9399378,276.2747069,256.995317,196.6264037,423.6896434,0.357291931,0.160581637,0.232919459,0.500671822,-0.267023892
SCPT,140251,12,13,12.5,292.8,4.060101995,0.209222159,0.119664889,2.684502842,7,2,215.039695,261.7874548,232.2726911,191.410768,418.0525316,0.308667143,0.111956849,0.231577708,0.425068046,-0.356117316
SCPT,140251,13,14,13.5,337.5,6.858184759,0.36827648,0.020390619,2.543321008,7,2,255.3391516,310.8476629,275.7717134,221.0189801,460.5742399,0.278972842,0.082262548,0.201992112,0.42331693,-0.310908548
SCPT,140251,14,15,14.5,359.2,7.928894954,0.51529677,0,2.569747726,7,2,275.4043221,335.2748268,296.0727607,236.7236189,490.4398199,0.265639057,0.068928762,0.193274099,0.416986041,-0.311423244
SCPT,140251,15,16,15.5,391.9,8.503186702,0.616519607,0.032419605,2.588509443,7,2,287.5481078,350.058566,304.647204,247.2489506,510.8185048,0.309616527,0.112906233,0.251852306,0.460610979,-0.265007645
SCPT,140251,16,17,16.5,414.1,7.505530352,0.49717779,0.026569733,2.590836416,7,2,276.0624853,336.076069,280.500643,242.7310174,504.1859336,0.405480254,0.20876996,0.389531473,0.534153585,-0.196837625
SCPT,140251,17,18,17.5,435.1,4.157230356,0.210108891,0.016066879,2.663367571,7,2,225.7472646,274.8227569,210.5331963,210.9777486,455.5440318,0.656159814,0.45944952,0.725932547,0.723823219,-0.045916489
SCPT,140251,18,19,18.5,308.6,9.68176696,0.417185629,0.038473518,2.379177473,7,2,286.2493734,348.477498,277.4493135,256.1779045,508.2527145,0.075182574,-0.12152772,0.106407677,0.186173797,-0.498932853
SCPT,140251,19,20,19.5,654.5,11.88882696,0.416353274,0.043053002,2.24535884,7,2,296.6379275,361.1244335,284.4063467,267.7130732,515.7183223,0.791359289,0.594648995,0.833467572,0.893955801,0.238310856
SCPT,217000,0,1,0.5,136.3,1.924786755,0.05857309,0.004422491,2.751213707,7,2,108.0168822,131.4988131,289.8564945,60.25545884,149.4067405,0.232570807,0.035860513,-0.754527615,0.816265167,-0.09181405
SCPT,217000,1,2,1.5,133.1,1.09979047,0.029714611,0,2.93748326,7,2,107.4645035,130.8263521,210.7634129,74.4153945,186.9808569,0.213940133,0.017229838,-0.459635513,0.58143789,-0.339905517
SCPT,217000,2,3,2.5,113.8,0.66540696,0.012639937,0.056088648,3.044193754,7,2,95.09358197,115.7660998,159.9796614,74.57618198,190.2896185,0.179581042,-0.017129253,-0.340604169,0.422621342,-0.514104698
SCPT,217000,3,4,3.5,149.5,0.967693615,0.021501107,0.302903485,2.935726704,7,2,110.5381597,134.5681945,167.9145807,90.4057828,222.8165524,0.301935594,0.1052253,-0.116159009,0.502988158,-0.399052405
SCPT,217000,4,5,4.5,178.6,2.547517628,0.03875142,0.278361298,2.491436296,7,2,146.3421251,178.1556305,190.4561078,117.076681,258.2726062,0.199201466,0.002491171,-0.064273094,0.422319555,-0.368866972
SCPT,217000,5,6,5.5,175.9,3.193798782,0.052010882,0.028450566,2.424499313,7,2,161.6805555,196.8285024,200.455027,131.0774884,282.8420521,0.084293143,-0.112417151,-0.130674266,0.294126989,-0.47497297
SCPT,217000,6,7,6.5,163.7,1.361435931,0.020625326,0.098972288,2.724975168,7,2,129.9269379,158.1719244,152.9941098,112.4810525,260.0051869,0.231063208,0.034352914,0.067636062,0.375250699,-0.462666096
SCPT,217000,7,8,7.5,180.6,2.586428397,0.058371499,0.035758492,2.573497709,7,2,162.9782466,198.4083003,192.4917994,139.964815,310.1193622,0.102667905,-0.094042389,-0.063768911,0.254893571,-0.540672622
SCPT,217000,8,9,8.5,214.5,8.833246118,0.022476667,0.036049812,1.646643803,7,2,179.2905703,218.2667812,183.4661288,159.794449,285.3420492,0.179301951,-0.017408343,0.156279672,0.294421443,-0.285378895
SCPT,217000,9,10,9.5,231.5,8.652134277,0.020479091,0.05273207,1.643880613,7,2,179.9397896,219.0571352,180.8159229,163.0623715,289.9200005,0.251957581,0.055247287,0.24710036,0.350447098,-0.225025151
SCPT,217000,10,11,10.5,235.3,5.750842138,0.072686601,0.063909461,2.116113752,7,2,194.3316714,236.5776869,205.9916538,175.6163096,349.5346143,0.19129495,-0.005415344,0.133025643,0.29255974,-0.395741301
SCPT,217000,11,12,11.5,287.9,4.499128351,0.107318958,0.131415989,2.400432987,7,2,200.0841084,243.5806537,209.5150465,179.5768752,375.5802736,0.363875378,0.167165083,0.31781764,0.472009807,-0.265859029
SCPT,217000,12,13,12.5,279.9,4.54384243,0.152600286,0.58808131,2.516098806,7,2,210.2230716,255.9237393,218.1924396,189.5093543,401.5834563,0.286263184,0.08955289,0.249054973,0.38999401,-0.360982976
SCPT,217000,13,14,13.5,267.6,3.7372674,0.124912225,0.793403747,2.575447425,7,2,199.5415818,242.9201866,198.3860215,185.1352083,398.386508,0.293470683,0.096760389,0.299278592,0.368406915,-0.397929331
SCPT,217000,14,15,14.5,261.7,3.078361558,0.120718902,0.487405916,2.685693664,7,2,194.540944,236.8324536,188.2323559,183.1300341,403.2816276,0.29655616,0.099845865,0.329521674,0.35700234,-0.432436336
SCPT,217000,15,16,15.5,278.8,3.237494433,0.115667457,0.87097697,2.643224801,7,2,195.3892118,237.8651274,182.8214976,187.2516818,408.0257972,0.355501151,0.158790857,0.421984425,0.398041075,-0.380835722
SCPT,217000,16,17,16.5,311,4.613508244,0.154282713,1.152016016,2.511414888,7,2,216.511757,263.5795302,202.4798887,205.3575737,431.4807804,0.362148062,0.165437767,0.429152346,0.415040191,-0.327430056
SCPT,217000,17,18,17.5,339.6,5.753145739,0.216711722,0.722187392,2.478454758,7,2,236.9735035,288.4894826,222.7063363,221.6514569,458.4811102,0.359820119,0.163109825,0.421914428,0.42666232,-0.300150637
SCPT,217000,18,19,18.5,319.8,5.854775991,0.209184001,1.564870999,2.45721662,7,2,236.3790643,287.7658174,216.3098399,225.0102027,462.9020508,0.302259079,0.105548785,0.390983977,0.351550054,-0.369819678
SCPT,217000,19,20,19.5,297.5,3.712633669,0.137660756,1.067714292,2.609619824,7,2,209.4324169,254.9612032,179.5697126,206.533109,442.7794347,0.35101313,0.154302836,0.504850722,0.364953491,-0.397657531
SCPT,126232,0,7,3.5,184.3,1.464370124,0.005275576,0,2.393195525,6,1,107.8075018,131.2439152,146.4385926,79.97980616,175.4031635,0.536217619,0.339507325,0.229958687,0.834790685,0.049477749
SCPT,126232,7,8,7.5,210.8,5.059857313,0.021129666,0.021840092,1.951633488,6,1,165.3577602,201.3050994,175.7231182,141.6432919,273.0037645,0.242798446,0.046088152,0.182000252,0.397597949,-0.258575768
SCPT,126232,8,9,8.5,149.3,1.632617197,0.010035331,0.043667926,2.44089724,6,1,130.5569989,158.9389551,136.5826035,117.1566127,253.678881,0.1341478,-0.062562494,0.089028119,0.242446095,-0.530111515
SCPT,126232,9,10,9.5,139.2,0.654869162,0.004671726,0.184622016,2.863778513,6,1,105.0688746,127.9099343,103.5228079,99.43398006,234.654481,0.281295664,0.08458537,0.296119793,0.336417841,-0.522202391
SCPT,126232,10,11,10.5,120.2,0.484466472,0.002086868,0.277249509,2.913241693,6,1,93.7436342,114.1226851,80.64219893,91.56800201,216.2617104,0.248593261,0.051882967,0.39913495,0.272075134,-0.587332275
SCPT,126232,11,12,11.5,135.5,0.533467073,0.002184693,0.261500865,2.867025323,6,1,97.73155205,118.9775416,82.1103081,95.59200682,222.785738,0.326747185,0.130036891,0.500908076,0.348882434,-0.497238853
SCPT,126232,12,13,12.5,159.2,0.848949212,0.003750244,0.203879247,2.682748744,6,1,113.5006916,138.174755,98.91149325,109.4046634,244.9413798,0.338352343,0.141642049,0.475935831,0.375107757,-0.430857643
SCPT,126232,13,14,13.5,134.9,1.074429448,0.010284465,0.181478544,2.722672026,6,1,128.5089783,156.4457127,117.7338634,125.7286355,285.2607118,0.048534991,-0.148175303,0.136107081,0.070407865,-0.748869777
SCPT,126232,14,15,14.5,130.1,1.294003116,0.018771151,0.196668129,2.725922102,6,1,139.9331708,170.3534254,129.4878441,138.4807179,314.5360228,-0.072861572,-0.269571866,0.004716377,-0.06242771,-0.882795224
SCPT,126232,15,16,15.5,162.5,1.236647819,0.00834937,0.281875517,2.596816935,6,1,131.659336,160.2809308,111.1858557,131.0424006,287.8202118,0.210460203,0.013749908,0.379474825,0.215157063,-0.571658019
SCPT,126232,16,17,16.5,207.4,1.248852776,0.011853297,0.243484261,2.667219663,6,1,136.7348167,166.4597769,115.5639492,137.4715839,306.0645431,0.41660589,0.219895596,0.584825246,0.411232063,-0.389146709
SCPT,126232,17,18,17.5,174.5,1.18198995,0.010034532,0.377396729,2.669730967,6,1,133.7638314,162.8429252,107.3510753,136.7343388,303.8803257,0.265848949,0.069138655,0.4858202,0.243884831,-0.554709217
SCPT,126232,18,19,18.5,217.6,1.033646248,0.004127392,0.591205201,2.588980115,6,1,121.5230579,147.941114,87.88141355,126.526709,274.2998659,0.582554493,0.385844199,0.906670183,0.542205091,-0.231563394
SCPT,126232,19,20,19.5,221.8,1.07840011,0.004936337,0.61691235,2.596532282,6,1,124.9251256,152.0827616,89.51888892,131.1128261,284.6133666,0.574061513,0.377351218,0.907326423,0.525717854,-0.249355576
SCPT,126232,20,21,20.5,209.3,4.053790476,0.102942672,0.199710967,2.476264579,6,1,210.7378587,256.5504367,192.3873863,207.0103006,432.0206926,-0.006846356,-0.20355665,0.084257653,0.011000076,-0.724704857
SCPT,126232,21,22,21.5,342,7.454852612,0.115322786,0.479305689,2.129258157,6,1,236.3544692,287.7358755,217.2007123,231.1739195,445.7698311,0.369478071,0.172767777,0.45398887,0.391640412,-0.264992008
SCPT,126232,22,23,22.5,405,8.643140777,0.130824037,0.478692586,2.070782355,6,1,245.3191602,298.6494124,224.7571424,241.6722154,458.8859803,0.50132701,0.304616715,0.588866615,0.516304741,-0.124914703
SCPT,126232,23,24,23.5,219.6,7.408825269,0.109238736,0.902152504,2.118318082,6,1,236.2513954,287.6103944,209.64868,235.6911944,452.6994591,-0.073088763,-0.269799058,0.046374532,-0.07071474,-0.72342075
SCPT,126232,24,25,24.5,265.7,7.434161031,0.157479949,0.948474407,2.220476063,6,1,247.9525825,301.8553179,219.9683654,245.909564,479.7916527,0.069130324,-0.12757997,0.18888411,0.07740401,-0.5909841
SCPT,57354,0,0.5,0.25,70,3.219437354,0.031279753,0.001061922,2.30008363,2,1,104.545964,127.2733475,261.3269409,52.30951467,119.1287043,-0.40113158,-0.597841874,-1.317277028,0.291316963,-0.531709215
SCPT,57354,0.5,1,0.75,72,1.602247665,0.049916192,0.008662764,2.836553354,2,1,110.7008583,134.7662623,264.7867893,67.37885561,167.7257305,-0.430165474,-0.626875768,-1.302258814,0.066334865,-0.84566397
SCPT,57354,1,1.5,1.25,82,1.27478174,0.056942967,0.020244699,3.015010659,2,1,114.2173603,139.0472213,251.7775357,76.35660403,194.7289362,-0.331384055,-0.528094349,-1.121826655,0.071304723,-0.864889273
SCPT,57354,1.5,2,1.75,86,1.847776726,0.023592443,0.031268301,2.570775274,2,1,119.2985102,145.2329689,197.8154697,82.34000335,189.8771114,-0.327281545,-0.523991839,-0.832987329,0.043490239,-0.792029784
SCPT,57354,2,2.5,2.25,98,3.092753345,0.013708524,0.026425474,2.162706709,2,1,128.8053907,156.8065626,171.21681,90.97363287,189.4005582,-0.273335187,-0.470045481,-0.55796317,0.074397763,-0.65889665
SCPT,57354,2.5,3,2.75,109,2.650805962,0.015881775,0.026122315,2.277387671,2,1,130.283326,158.6057882,173.2611544,95.27651339,202.9588203,-0.178363628,-0.375073922,-0.463452137,0.134564551,-0.621655221
SCPT,57354,3,3.5,3.25,124,3.197017891,0.020368445,0.017166499,2.218589149,2,1,139.86059,170.2650661,178.7515973,104.70232,219.0373779,-0.120364575,-0.31707487,-0.365715552,0.16916029,-0.568960825
SCPT,57354,3.5,4,3.75,134.5,4.705397711,0.030779328,0.036007881,2.073751225,2,1,155.9235094,189.8199245,190.5447315,119.2245306,240.3617552,-0.147801363,-0.344511658,-0.348322779,0.120555672,-0.580580903
SCPT,57354,4,4.5,4.25,127,4.663427497,0.031549066,0.010631098,2.084919035,2,1,158.569364,193.0409649,189.7250238,123.5563435,248.9065656,-0.222005039,-0.418715333,-0.401388694,0.027489812,-0.672890501
SCPT,57354,4.5,5,4.75,128.5,3.359307641,0.027959098,0.014274791,2.243964514,2,1,151.0214065,183.852147,182.1269598,120.3565302,251.4334364,-0.161492687,-0.358202981,-0.348775121,0.065470482,-0.671249384
SCPT,57354,5,5.5,5.25,141,7.654639035,0.0475522,0.017744491,1.881853138,2,1,180.2238021,219.4028895,205.0260644,145.6251816,278.023911,-0.245439533,-0.442149828,-0.374377224,-0.032276181,-0.67894723
SCPT,57354,5.5,6,5.75,147.5,10.33750819,0.065811642,0.037326541,1.77955583,2,1,194.9986512,237.3896623,219.8365418,160.2330902,297.4512466,-0.279164466,-0.47587476,-0.399056103,-0.082801393,-0.701422159
SCPT,57354,6,6.5,6.25,155,11.18228741,0.067667844,0.043395624,1.738979874,2,1,199.0042111,242.2659961,221.5203515,166.2482276,305.0850495,-0.249900869,-0.446611163,-0.357089349,-0.070056901,-0.677165472
SCPT,57354,6.5,7,6.75,166.5,9.4957744,0.065631245,0.047889148,1.830392347,2,1,197.3430256,240.2436834,217.5637692,165.478731,309.4878846,-0.169948152,-0.366658446,-0.26749669,0.006152637,-0.619923637
SCPT,57354,7,7.5,7.25,169.5,11.73317502,0.066124403,0.05366143,1.703670711,2,1,202.7548641,246.8320085,220.7347779,174.1353916,315.9457437,-0.179144757,-0.375855051,-0.264108954,-0.026980183,-0.622717575
SCPT,57354,7.5,8,7.75,176.5,14.75414558,0.089312746,0.055804607,1.642291883,2,1,216.4536447,263.5087849,237.0680692,187.9820082,334.7039589,-0.204055536,-0.40076583,-0.295026436,-0.063025381,-0.63992556
SCPT,57354,8,8.5,8.25,178,15.60338039,0.102500046,0.05558499,1.645277885,2,1,223.3905415,271.9537027,244.2416182,195.0476306,346.3350548,-0.227137997,-0.423848291,-0.316374424,-0.091460238,-0.665623123
SCPT,57354,8.5,9,8.75,165.5,14.99668015,0.108671515,0.052330781,1.685594104,2,1,226.478051,275.7124099,245.8705087,198.0990821,354.1152196,-0.31367684,-0.510387135,-0.395833815,-0.179796125,-0.760651144
SCPT,57354,9,9.5,9.25,178,13.02114,0.083594802,0.066525468,1.700907275,2,1,217.4279103,264.6948473,230.9973679,192.890242,346.73133,-0.200083798,-0.396794093,-0.260622766,-0.080337783,-0.666766664
SCPT,57354,9.5,10,9.75,175.5,14.11264351,0.097737903,0.079211941,1.693553844,2,1,225.0253309,273.9438811,239.1467384,200.6054883,358.8132053,-0.248573935,-0.445284229,-0.309438289,-0.133701192,-0.715162891
SCPT,57354,10,10.5,10.25,203.5,15.18827109,0.105755063,0.082098141,1.67011843,2,1,230.1527331,280.185936,244.181348,206.9299877,367.3305576,-0.123077141,-0.319787435,-0.182245174,-0.016714508,-0.59059614
SCPT,57354,10.5,11,10.75,191.5,13.97062356,0.108788719,0.064647385,1.729408432,2,1,231.253177,281.5256067,242.9030832,207.669951,372.9275168,-0.188625306,-0.3853356,-0.237774721,-0.081062237,-0.666496267
SCPT,57354,11,11.5,11.25,235.5,15.38333225,0.146156455,0.082889963,1.754599995,2,1,244.7740943,297.9858539,258.5458666,218.542583,392.2880683,-0.038624808,-0.235335102,-0.093362198,0.07473003,-0.510285525
SCPT,57354,11.5,12,11.75,221,15.4443554,0.153414109,0.065849678,1.767105559,2,1,248.1075393,302.0439609,260.5137825,222.221519,399.1506836,-0.115699577,-0.312409871,-0.164493066,-0.005512016,-0.591176297
SCPT,57354,12,12.5,12.25,265,16.1611741,0.156605485,0.094716699,1.745650977,2,1,251.061166,305.6396803,262.5002707,226.6740229,404.6023782,0.054033227,-0.142677067,0.009477713,0.156216863,-0.423174977
SCPT,57354,12.5,13,12.75,248.5,17.93185439,0.185424882,0.109751953,1.733098004,2,1,261.1590893,317.9328044,273.9962617,235.9539007,418.1183688,-0.049686914,-0.246397208,-0.097671617,0.051806396,-0.520321726
SCPT,57354,13,13.5,13.25,266,16.73529294,0.16450021,0.113036871,1.739329295,2,1,256.1710116,311.860362,264.9857386,233.7978607,415.4774161,0.037651073,-0.159059221,0.003820301,0.12903941,-0.445931951
SCPT,57354,13.5,14,13.75,256,15.11459596,0.147732012,0.116445819,1.769397058,2,1,251.0783243,305.6605687,255.5296981,230.7124217,413.2601977,0.019412505,-0.177297789,0.001838806,0.104005437,-0.478899969
SCPT,57354,14,14.5,14.25,278.5,13.27536264,0.108648287,0.113794136,1.760001417,2,1,238.4154583,290.2449058,237.355943,222.9441018,400.3000689,0.155403284,-0.04130701,0.159857176,0.222496984,-0.362796379
SCPT,57354,14.5,15,14.75,213,19.55528854,0.166741679,0.131684433,1.649455258,2,1,263.0318439,320.2126795,270.7827032,246.618731,428.1593733,-0.210982938,-0.407693233,-0.2400245,-0.146551379,-0.698203328
SCPT,57354,15,15.5,15.25,166.5,22.13218754,0.219735194,0.129975103,1.656749377,2,1,278.4975631,339.0405115,289.0666227,259.2647127,447.9712705,-0.514414,-0.711124294,-0.55166188,-0.442854287,-0.989733793
SCPT,57354,15.5,16,15.75,209,15.79293194,0.165806518,0.108459871,1.777459322,2,1,260.9089432,317.6282787,259.9613303,243.4364688,434.3243429,-0.221837218,-0.418547512,-0.218198638,-0.152521748,-0.731457337
SCPT,57354,16,16.5,16.25,249,18.76090598,0.180137194,0.137530058,1.69629873,2,1,268.6515169,327.0540205,270.6844232,253.4659389,443.0821005,-0.075962167,-0.272672461,-0.083500756,-0.017776554,-0.576302185
SCPT,57354,16.5,17,16.75,261.5,13.90603296,0.150797452,0.126507136,1.826441036,2,1,256.2509917,311.957729,248.9016377,241.2377832,435.3281304,0.020276883,-0.176433411,0.049376494,0.080651184,-0.509665786
SCPT,57354,17,17.5,17.25,185,14.59776331,0.12763081,0.079998041,1.746247227,2,1,251.7104899,306.4301616,243.8876256,241.5585951,429.3285549,-0.307923752,-0.504634047,-0.276351743,-0.266756249,-0.841866663
SCPT,57354,17.5,18,17.75,256.5,6.762289839,0.08667668,0.047373622,2.098669896,2,1,220.3682061,268.2743379,197.0842174,211.0582491,408.8946026,0.151828853,-0.044881441,0.263497528,0.194994507,-0.466328763
SCPT,57354,18,18.5,18.25,279,5.666684303,0.064825768,0.109764145,2.107523409,2,1,206.78657,251.7401722,179.0461545,202.4106632,396.0020511,0.299524583,0.102814289,0.443568163,0.320913162,-0.350207609
SCPT,57354,18.5,19,18.75,263,19.09057362,0.192758985,0.16887875,1.706060103,2,1,276.7622869,336.9280015,271.7946385,265.9122469,463.5506233,-0.051004936,-0.24771523,-0.032892743,-0.011012323,-0.566761566
SCPT,57354,19,19.5,19.25,257,24.88996811,0.222551924,0.159180795,1.589556434,2,1,289.1357664,351.9913678,292.0807743,281.6357273,476.3840438,-0.117820273,-0.314530567,-0.127954303,-0.091538404,-0.617148259
SCPT,57354,19.5,20,19.75,285,25.80544035,0.275802282,0.15756772,1.636911748,2,1,302.2162953,367.9154899,304.2614393,290.2532914,493.1783871,-0.05865379,-0.255364085,-0.065398149,-0.01826478,-0.548381768
SCPT,156308,0,1,0.5,251,7.597281833,0.056025321,0,1.918506629,5,1,131.6880575,160.315896,236.3881564,70.60728233,145.2947303,0.645017014,0.44830672,0.059977755,1.268319651,0.546688637
SCPT,156308,1,1.5,1.25,188,15.22054989,0.109555503,0.002126558,1.678542134,5,1,178.211484,216.953111,247.1890424,115.4795323,216.3914853,0.053471005,-0.143239289,-0.273711435,0.487348658,-0.140647237
SCPT,156308,1.5,2,1.75,154,10.17604614,0.0959939,0,1.890469707,5,1,176.7136551,215.1296671,244.4128024,118.4642967,231.1110495,-0.137578052,-0.334288347,-0.461906006,0.262340981,-0.405945726
SCPT,156308,2,2.5,2.25,186,6.431673434,0.075688131,0,2.103721324,5,1,167.6903217,204.1447395,231.718562,116.6362575,238.0622765,0.103627718,-0.093082576,-0.219776867,0.466686492,-0.246785632
SCPT,156308,2.5,3,2.75,167,7.328779116,0.105937415,0.002467841,2.116723439,5,1,182.0529255,221.6296484,247.3163801,129.2496927,261.9492154,-0.086303632,-0.283013926,-0.392674596,0.256247677,-0.450156838
SCPT,156308,3,3.5,3.25,177,5.650484136,0.076061006,0.003602762,2.184242893,5,1,172.6030682,210.1254743,226.8509208,126.8934183,261.2608709,0.025155178,-0.171555116,-0.248143333,0.332802225,-0.389369681
SCPT,156308,3.5,4,3.75,152,6.688356725,0.046371896,0.006122129,1.9570161,5,1,169.9056945,206.841715,205.4359228,129.8536786,254.3482726,-0.111363024,-0.308073318,-0.301253653,0.157472253,-0.514823959
SCPT,156308,4,4.5,4.25,191,12.96031032,0.137764213,0.003538465,1.842575276,5,1,212.0994481,258.2080238,259.5490913,161.884511,303.9484357,-0.104781831,-0.301492126,-0.306672433,0.165390242,-0.46458464
SCPT,156308,4.5,5,4.75,192,13.15299465,0.126063348,0,1.808112288,5,1,212.6105893,258.8302826,253.7615234,166.100665,309.0792725,-0.101966901,-0.298677195,-0.27889957,0.144901352,-0.476102417
SCPT,156308,5,5.5,5.25,204,9.458787531,0.11030809,0.003406473,1.971049197,5,1,204.4562172,248.9032209,241.805138,161.0768922,310.7983554,-0.002233862,-0.198944156,-0.170012193,0.236238152,-0.421024333
SCPT,156308,5.5,6,5.75,192,7.227907743,0.068745921,0.0024595,2.008133512,5,1,189.1214715,230.2348349,215.888767,152.811766,298.4832279,0.015105857,-0.181604437,-0.117267936,0.228288496,-0.441218371
SCPT,156308,6,6.5,6.25,215,4.814704222,0.053462548,0.003335627,2.191850256,5,1,176.2878126,214.6112501,198.6721519,144.4636068,294.1613446,0.19852007,0.001809776,0.07898204,0.397610409,-0.31349038
SCPT,156308,6.5,7,6.75,216,5.360081381,0.041165035,0.003213307,2.061756854,5,1,175.6057639,213.78093,190.3769738,146.6706598,290.1570259,0.207036903,0.010326609,0.126272229,0.387088744,-0.295143837
SCPT,156308,7,7.5,7.25,199,5.224441561,0.041828542,0.002605715,2.081396271,5,1,176.9062587,215.364141,189.3835924,149.2615236,296.0114245,0.117684844,-0.07902545,0.049530277,0.287604865,-0.397093225
SCPT,156308,7.5,8,7.75,224,7.586581326,0.06147612,0.003303279,1.951546462,5,1,194.9008355,237.2705824,208.8236054,165.6578653,317.3790343,0.139155158,-0.057555136,0.07015615,0.301721443,-0.3484507
SCPT,156308,8,8.5,8.25,240,7.788129385,0.06605129,0.001151055,1.952784065,5,1,198.5732106,241.7412999,210.8940179,170.2119669,325.5269771,0.189481072,-0.007229222,0.129283201,0.343594399,-0.304806414
SCPT,156308,8.5,9,8.75,239,10.34937046,0.088830853,0,1.855670838,5,1,213.6260155,260.0664536,227.8640064,184.7387761,344.1093912,0.112236657,-0.084473637,0.047714564,0.257520746,-0.364496052
SCPT,156308,9,9.5,9.25,221,9.607085819,0.078389074,0,1.868821818,5,1,210.2207291,255.9208876,220.422928,183.6990694,343.1663166,0.050004632,-0.146705663,0.002614601,0.184863775,-0.440052516
SCPT,156308,9.5,10,9.75,208,9.784117487,0.095883409,0.002448679,1.911917828,5,1,217.6038402,264.9090228,227.9571004,190.0499334,357.0445524,-0.045138083,-0.241848377,-0.091619375,0.090251235,-0.540322491
SCPT,156308,10,10.5,10.25,202,9.333092212,0.06251004,0.004203973,1.824728389,5,1,205.9613365,250.73554,210.9791569,184.7288028,341.9114735,-0.019420767,-0.216131061,-0.043491649,0.089378879,-0.526284157
SCPT,156308,10.5,11,10.75,198,13.90429423,0.081310777,0,1.651147543,5,1,221.3843618,269.5113969,230.7302013,202.6255706,359.1490845,-0.111633354,-0.308343648,-0.152982038,-0.023092765,-0.595470549
SCPT,156308,11,11.5,11.25,196,8.75284873,0.079954283,0.002041814,1.922201774,5,1,213.0164974,259.3244316,215.663112,191.705107,361.271452,-0.083254956,-0.27996525,-0.095602864,0.022156369,-0.611514961
SCPT,156308,11.5,12,11.75,190,9.310821888,0.061009269,0.003768569,1.823873231,5,1,209.1998646,254.678096,208.0007006,191.4262016,352.8117382,-0.096266013,-0.292976307,-0.090517376,-0.007478292,-0.618910523
SCPT,156308,12,12.5,12.25,198,13.31084554,0.060577453,0,1.594095617,5,1,214.1668607,260.7248739,218.4829645,203.7645893,357.1660104,-0.078488404,-0.275198698,-0.098441015,-0.028698323,-0.589933658
SCPT,156308,12.5,13,12.75,225,23.01479762,0.098083928,0.006554728,1.395843498,5,1,236.7242993,288.1861035,254.5108357,232.0457305,385.6855567,-0.050795768,-0.247506062,-0.123243009,-0.030834064,-0.538922015
SCPT,156308,13,13.5,13.25,224,19.85601752,0.069678702,0.002165901,1.400552835,5,1,225.0785564,274.0086774,236.7600562,223.1826645,372.1185089,-0.004803429,-0.201513723,-0.055401155,0.003655492,-0.507566324
SCPT,156308,13.5,14,13.75,220,23.00013266,0.079549469,0.004379622,1.352294889,5,1,232.094804,282.5501962,248.4921375,232.8634861,382.5638637,-0.05351838,-0.250228674,-0.121783659,-0.056824839,-0.553268057
SCPT,156308,14,14.5,14.25,240,23.3891075,0.159441462,0.007663583,1.528451789,5,1,262.4026023,319.4466462,277.3853034,249.7618153,422.6084283,-0.089241051,-0.285951345,-0.144768603,-0.039868801,-0.565807125
SCPT,156308,14.5,15,14.75,228,23.12961208,0.15718169,0,1.526273284,5,1,262.0277043,318.9902487,275.3170158,251.4651682,425.4866942,-0.139104611,-0.335814905,-0.18857759,-0.097958855,-0.623888048
SCPT,156308,15,15.5,15.25,240,21.13219884,0.055579143,0.007962367,1.315351668,5,1,221.6866692,269.8794234,233.5677003,229.8164747,374.5978175,0.079373938,-0.117336356,0.027166951,0.043357869,-0.44521404
SCPT,156308,15.5,16,15.75,226,25.95891465,0.07675878,0.007717568,1.262461433,5,1,232.5495611,283.1038135,251.6220771,245.346375,394.4568462,-0.028568369,-0.225278663,-0.107393268,-0.082135988,-0.556974746
SCPT,156308,16,16.5,16.25,234,22.34016127,0.05423077,0.013720494,1.273863407,5,1,221.8275078,270.0508791,234.7057311,235.3104043,379.6090155,0.053421027,-0.143289267,-0.003011406,-0.005584397,-0.483820701
SCPT,156308,16.5,17,16.75,222,27.68848273,0.066326491,0.006406553,1.19012473,5,1,227.7835998,277.3017737,250.1848521,248.8745951,393.2998278,-0.025718673,-0.222428967,-0.119522671,-0.114271754,-0.57189486
SCPT,156308,17,17.5,17.25,222,25.35888015,0.122500456,0.017596555,1.401510029,5,1,256.3304373,312.0544454,268.6562897,260.7060637,428.856524,-0.143790001,-0.340500295,-0.190755447,-0.160716198,-0.658445038
SCPT,156308,17.5,18,17.75,210,22.18099916,0.070182351,0,1.336208024,5,1,233.5862245,284.3658385,242.0944277,246.1212865,401.3961487,-0.106443748,-0.303154042,-0.142220317,-0.158716918,-0.647841311
SCPT,156308,18,18.5,18.25,228,23.35412914,0.125639616,0,1.455773639,5,1,258.6573241,314.8871772,264.3863242,262.2509123,436.1824417,-0.126158484,-0.322868778,-0.148065754,-0.139956097,-0.648714971
SCPT,156308,18.5,19,18.75,200,23.36706828,0.121998511,0.0042629,1.447664024,5,1,258.2631254,314.4072831,263.152857,263.6058473,437.5015407,-0.255661565,-0.452371859,-0.274417702,-0.276137618,-0.782762861
SCPT,156308,19,19.5,19.25,203,23.576,0.1106,0.0008,1.442752524,5,1,260.8536062,317.5609118,266.1981693,266.7480423,441.8483135,-0.250753375,-0.447463669,-0.27103505,-0.273098572,-0.777760662
SCPT,14552,0,4,2,172.19,1.824282598,0.031215246,0.015226428,2.629977165,2,3,119.2636096,145.1904813,215.8821951,81.14719408,190.552571,0.367262268,0.170551974,-0.226134348,0.752333802,-0.101329602
SCPT,14552,4,6,5,146.74,1.932555808,0.032562652,0.067066232,2.608911504,2,3,140.5432716,171.0961567,181.4455429,113.9805018,258.3483743,0.043146889,-0.153563405,-0.212293256,0.252634916,-0.565646649
SCPT,14552,6,8,7,281.39,3.025920648,0.058308485,0.046790796,2.49497742,2,3,167.4410087,203.841228,196.9745139,140.2708252,304.7466006,0.519110505,0.322400211,0.356667258,0.696166587,-0.079739006
SCPT,14552,8,10,9,334.41,2.43763281,0.04465589,0.217350576,2.55744757,2,3,159.5667291,194.2551485,170.9581749,142.684404,313.3151175,0.739905586,0.543195292,0.67094885,0.851732559,0.065158336
SCPT,14552,10,12,11,277.75,2.14271568,0.037234152,0.428754382,2.589823264,2,3,156.4058448,190.4071154,154.9335842,145.9134131,321.7004854,0.57426723,0.377556936,0.583724892,0.643708043,-0.146899515
SCPT,14552,12,14,13,281.22,4.737166485,0.090372301,0.13850834,2.350638393,2,3,202.8103005,246.8994963,200.4164436,184.462179,378.858987,0.326866219,0.130155925,0.338739861,0.421692831,-0.298026789
SCPT,14552,14,16,15,297.51,3.084331613,0.059965562,0.147039066,2.492931367,2,3,183.7200049,223.6591363,168.0004258,174.4239294,371.2812426,0.482034952,0.285324658,0.571481324,0.533959126,-0.221512004
SCPT,14552,16,18,17,271.31,5.903363668,0.128070634,0.09274083,2.297589026,2,3,225.5513029,274.5841949,210.4345758,211.202208,425.0203839,0.184714438,-0.011995856,0.254087278,0.250446072,-0.448875051
SCPT,14552,18,20,19,316.79,4.800888059,0.090066867,0.132549743,2.34380107,2,3,213.2958746,259.664543,185.9011511,205.3672228,416.9759337,0.395558809,0.198848515,0.533024007,0.433439386,-0.274789414
SCPT,14552,20,22,21,415.26,3.716984272,0.061636107,1.373049524,2.386986457,2,3,193.2469052,235.257102,155.6357315,197.2220042,406.3359996,0.764936157,0.568225863,0.981386608,0.744574811,0.021724428
SCPT,140254,0,2,1,122,1.723718293,0.044984144,0,2.769736965,7,2,112.2345944,136.6334192,264.4342822,68.65773491,168.1303645,0.083429772,-0.113280523,-0.773571715,0.574887247,-0.320718613
SCPT,140254,2,3,2.5,317,4.999563565,0.039378977,0,2.091007107,7,2,152.9214687,186.1652662,205.7976942,109.5680444,223.899892,0.728977261,0.532266967,0.432008155,1.062356008,0.347702733
SCPT,140254,3,4,3.5,92,2.296359998,0.009985117,0.008523842,2.277084712,7,2,126.741778,154.2943384,156.3063416,96.07088155,202.9647825,-0.320363196,-0.51707349,-0.530029233,-0.043297691,-0.791243902
SCPT,140254,4,5,4.5,100,0.469965914,0.011940749,0.017849735,3.214051548,7,2,95.81962626,116.6499798,127.1096938,83.24014525,218.8684096,0.042702655,-0.154007639,-0.239880258,0.18344044,-0.783300494
SCPT,140254,5,6,5.5,326,5.17236951,0.031322437,0.022493973,1.995968095,7,2,164.0024309,199.6551333,186.2393573,134.7098362,265.7433334,0.687016131,0.490305837,0.559864668,0.883774278,0.204366451
SCPT,140254,6,7,6.5,189,5.588739703,0.037993924,0.021317911,2.014861388,7,2,173.983027,211.8054242,192.106162,145.0166869,284.4535044,0.082789266,-0.113921028,-0.016301131,0.264898197,-0.408822796
SCPT,140254,7,8,7.5,184,4.04045419,0.033203528,0,2.164073498,7,2,166.1430354,202.2610866,180.1136257,142.4228186,289.1414286,0.102086681,-0.094623613,0.021347852,0.256135529,-0.451980183
SCPT,140254,8,9,8.5,172,4.282855988,0.03901872,0.030393716,2.16026557,7,2,172.3012592,209.7580547,182.4987852,150.7203498,304.9156096,-0.001749975,-0.198460269,-0.05924904,0.132068345,-0.572540572
SCPT,140254,9,10,9.5,160,5.18333442,0.049517289,0.023585843,2.1030877,7,2,183.8234304,223.7850457,192.0342774,162.9812969,323.9511889,-0.138801864,-0.335512159,-0.182500069,-0.018461636,-0.705419038
SCPT,140254,10,11,10.5,199,6.120305209,0.038260654,0.013759331,1.931925596,7,2,184.0443463,224.0539867,185.724561,168.0066911,321.7059122,0.078128084,-0.11858221,0.069040103,0.169301018,-0.480332987
SCPT,140254,11,12,11.5,215,8.686840085,0.02549155,0.038600429,1.681968298,7,2,188.4660725,229.4369579,185.021792,175.2188273,313.083929,0.131720024,-0.06499027,0.150164415,0.204602393,-0.37583327
SCPT,140254,12,13,12.5,166,10.13021576,0.046063938,0.057404706,1.717265399,7,2,206.1988501,251.0246871,203.9763595,192.5726775,345.722148,-0.216853207,-0.413563501,-0.206016314,-0.14848584,-0.733647624
SCPT,140254,13,14,13.5,170,9.749464922,0.056964289,0.065698614,1.776215598,7,2,211.4350015,257.3991323,206.851198,199.1366802,362.2896145,-0.218119193,-0.414829487,-0.196201247,-0.158192987,-0.756645495
SCPT,140254,14,15,14.5,181,3.770092968,0.03996453,0.171947155,2.253729828,7,2,180.7928173,220.0956037,164.7515773,172.0235477,349.8217469,0.001145311,-0.195564983,0.094058284,0.050865659,-0.658926699
SCPT,140254,15,16,15.5,197,4.134772024,0.041030967,0.06252802,2.206365868,7,2,184.1157596,224.1409247,162.8680426,177.9780316,357.2406658,0.067639041,-0.129071253,0.190263411,0.101543604,-0.59520596
SCPT,140254,16,17,16.5,207,9.16006659,0.094018299,0.01181734,1.947058378,7,2,230.0816753,280.0994308,217.8202745,217.5454053,406.6324562,-0.105715563,-0.302425857,-0.050951501,-0.049688796,-0.675190928
SCPT,140254,17,18,17.5,189,8.891699591,0.084068187,0,1.933850855,7,2,227.6377506,277.1242181,211.5647083,218.1545196,406.6848937,-0.186008537,-0.382718831,-0.112783886,-0.143456602,-0.766291653
SCPT,140254,18,19,18.5,273,9.353342185,0.121604872,0.031398381,2.004043999,7,2,241.4778493,293.973034,223.9826534,230.1161085,432.882082,0.122694047,-0.074016247,0.197903186,0.170887794,-0.460993568
SCPT,140254,19,20,19.5,265,2.109879901,0.021500345,0.122307707,2.473749852,7,2,161.3272434,196.3983832,122.6540161,163.2000555,346.372885,0.496294956,0.299584662,0.770362312,0.484753044,-0.267786071
SCPT,140254,20,21,20.5,236,1.743686193,0.028482119,0.30458131,2.649407592,7,2,158.8876547,193.4284492,115.7012577,164.806512,363.3321712,0.395634427,0.198924132,0.7128203,0.359059674,-0.431485683
SCPT,140254,21,22,21.5,398,2.643968144,0.022685126,1.130451391,2.347561868,7,2,166.3375839,202.4979283,124.2571122,174.0028048,358.1193887,0.872432644,0.67572235,1.164099101,0.827380587,0.105585586
SCPT,140254,22,23,22.5,350,6.808988949,0.137320183,0.107901932,2.227022373,7,2,239.5064823,291.5731089,207.0200745,234.482524,461.0236148,0.379352672,0.182642378,0.525117388,0.400552094,-0.275516112
SCPT,114322,0,2,1,244,4.64881961,0.0219612,0,2.012166707,4,1,124.7234612,151.8372571,192.6481157,75.52713864,155.9901471,0.671069249,0.474358955,0.236302935,1.172676181,0.44737538
SCPT,114322,2,3,2.5,262,12.00601668,0.06141942,0,1.671670525,4,1,176.0838181,214.362909,218.4216306,128.825852,238.5164186,0.397384383,0.200674089,0.181917223,0.709882996,0.093906355
SCPT,114322,3,4,3.5,241,8.057196998,0.030756041,0.002055657,1.7582639,4,1,164.3176173,200.0388385,192.2786455,126.2689575,236.9481092,0.382995688,0.186285393,0.225851335,0.646382718,0.016955765
SCPT,114322,4,5,4.5,154,9.060334203,0.027468844,0,1.668528363,4,1,169.3156315,206.1233774,189.5160959,136.5037118,249.1623093,-0.094812012,-0.291522307,-0.207521357,0.120600796,-0.481151926
SCPT,114322,5,6,5.5,173,12.47856915,0.020416912,0,1.446446293,4,1,172.9640827,210.5649702,188.2914375,147.5124185,252.8888437,0.000207636,-0.196502658,-0.084699368,0.159379229,-0.379658445
SCPT,114322,6,7,6.5,158,4.793131168,0.019567621,0.039893582,1.960353,4,1,159.7913133,194.5285554,172.3489496,134.1865807,260.5465612,-0.011273639,-0.207983933,-0.086926165,0.163363808,-0.50018655
SCPT,114322,7,8,7.5,210,9.139148415,0.011211596,0.039788662,1.563549917,4,1,170.7015298,207.810558,176.4988779,146.3277978,252.5163147,0.207190939,0.010480645,0.173793012,0.361258236,-0.184368329
SCPT,114322,8,9,8.5,187,7.725375698,0.035144086,0.054065077,1.804935565,4,1,184.9728228,225.184306,192.1474481,162.6112113,302.0238521,0.010899707,-0.185810588,-0.027154419,0.139746472,-0.479397378
SCPT,114322,9,10,9.5,203,5.705221637,0.030885362,0.037354498,1.946107861,4,1,178.2214329,216.9652226,181.647274,158.8527233,304.8046004,0.130179197,-0.066531097,0.111139227,0.245228475,-0.406464938
SCPT,114322,10,11,10.5,232,9.842073772,0.04790111,0.050251628,1.728165059,4,1,200.8108846,244.4654248,204.7879851,183.240233,332.3288947,0.144373779,-0.052336515,0.124762147,0.235939331,-0.359387753
SCPT,114322,11,12,11.5,197,5.438999384,0.047209522,0.05745265,2.060702131,4,1,188.7464173,229.7782472,187.9306391,172.3486453,337.9502154,0.042799322,-0.153910972,0.047130775,0.133684296,-0.539694864
SCPT,114322,12,13,12.5,223,5.470700589,0.041216376,0.048824616,2.04770185,4,1,190.0045351,231.3098688,183.3638957,174.565698,339.14178,0.160123831,-0.036586464,0.195699092,0.244870608,-0.419246479
SCPT,114322,13,14,13.5,222,5.79112996,0.03227175,0.04313492,1.96277401,4,1,188.7315611,229.7601613,177.1156829,176.1991005,335.1343909,0.162351688,-0.034358606,0.225874287,0.231062773,-0.411854236
SCPT,114322,14,15,14.5,194,7.157916453,0.045974031,0.032194894,1.903409534,4,1,201.2812645,245.0380612,191.2062933,190.8308981,357.8823746,-0.036845097,-0.233555391,0.014505244,0.016470473,-0.612346211
SCPT,114322,15,16,15.5,229,5.833869233,0.060296769,0.017631142,2.09799396,4,1,204.547658,249.0145401,190.6833244,193.0604535,376.4696673,0.112921009,-0.083789285,0.183107939,0.170718633,-0.497115476
SCPT,114322,16,17,16.5,250,10.15567711,0.064650775,0.018781745,1.771204094,4,1,219.8448265,267.6371801,209.719468,214.0081767,387.5466423,0.128538954,-0.06817134,0.175690147,0.155446695,-0.438375291
SCPT,114322,17,18,17.5,227,6.699463181,0.082280175,0.016625236,2.084794305,4,1,218.0096536,265.4030565,199.6769683,209.033653,404.6426778,0.040410673,-0.156299621,0.128249115,0.082454759,-0.578054383
SCPT,114322,18,19,18.5,171,3.237954237,0.072262967,0.037577537,2.498811995,4,1,194.2460197,236.4734153,166.1441811,189.138772,401.3437103,-0.127461942,-0.324172236,0.028807584,-0.100817432,-0.853154637
SCPT,114322,19,20,19.5,162,1.016391976,0.023870459,0.207040198,2.93206841,4,1,140.5143828,171.0609878,97.41638501,148.1670158,349.1758936,0.142286483,-0.054423812,0.508601915,0.089256213,-0.767979453
SCPT,57366,0,0.5,0.25,65,2.233973471,0.039235913,0,2.575274463,2,1,100.3100585,122.116593,311.6685349,50.57041347,122.3592149,-0.433878704,-0.630588998,-1.567552965,0.251020579,-0.632573833
SCPT,57366,0.5,1,0.75,71,2.756307618,0.032782676,0,2.409162993,2,1,118.0379824,143.6984134,224.1066279,70.3548745,159.443016,-0.508326581,-0.705036875,-1.149442079,0.009127807,-0.809006715
SCPT,57366,1,1.5,1.25,102,2.401248111,0.078327014,0.025642885,2.707872792,2,1,132.9106221,161.8042356,263.971028,85.88946753,203.9232725,-0.264704075,-0.461414369,-0.950866541,0.171911605,-0.692770995
SCPT,57366,1.5,2,1.75,134,4.23754625,0.053316631,0.001715732,2.266498927,2,1,147.4171933,179.4644092,223.0173738,99.29040593,212.4084199,-0.095426817,-0.292137111,-0.509409878,0.299790851,-0.46067113
SCPT,57366,2,2.5,2.25,130,1.36339652,0.060492763,0,2.979617371,2,1,125.3524931,152.6030351,226.2430364,91.45397098,228.3292545,0.036404737,-0.160305557,-0.554075353,0.351698654,-0.563254236
SCPT,57366,2.5,3,2.75,84,0.870543191,0.023667903,0.079026818,3.019282083,2,1,109.2371797,132.9843927,181.0353476,83.89380288,212.0085026,-0.26270468,-0.459414974,-0.767875504,0.001265051,-0.925809582
SCPT,57366,3,3.5,3.25,140,1.766068727,0.016850151,0.068815123,2.495382433,2,1,123.6098197,150.4815196,170.0348465,94.62518027,212.7673294,0.124512433,-0.072197861,-0.194360973,0.391718806,-0.418556796
SCPT,57366,3.5,4,3.75,172,8.393496132,0.034453894,0.075973771,1.757626513,2,1,168.5490764,205.19018,196.1538305,130.8051362,244.9585621,0.020267515,-0.17644278,-0.131404724,0.273785771,-0.353594585
SCPT,57366,4,4.5,4.25,176.5,6.298192352,0.031234152,0.068253628,1.904126845,2,1,164.4374622,200.1847366,190.5963026,128.9130767,249.1355766,0.070790547,-0.125919747,-0.076836716,0.314182523,-0.344676356
SCPT,57366,4.5,5,4.75,217.5,10.52641255,0.052074872,0.065585852,1.709909798,2,1,185.0807549,225.3157016,211.7273325,149.3883692,274.9206202,0.161406608,-0.035303686,0.026899571,0.375649431,-0.234283552
SCPT,57366,5,5.5,5.25,205,11.04319129,0.062369465,0.036748835,1.726287623,2,1,192.6033533,234.4736474,218.6692457,157.0125833,288.7847049,0.062377069,-0.134333225,-0.064550315,0.266684029,-0.342671466
SCPT,57366,5.5,6,5.75,194,10.33215495,0.062579254,0.004409309,1.767402998,2,1,193.800485,235.9310252,217.623464,159.5527927,295.5090079,0.001028957,-0.195681337,-0.114908181,0.195483303,-0.420841161
SCPT,57366,6,6.5,6.25,147,9.137101625,0.055699673,0.020223763,1.813356317,2,1,190.9204292,232.4248703,211.1000305,158.8945727,297.0181044,-0.261424153,-0.458134448,-0.361899512,-0.077808331,-0.703360508
SCPT,57366,6.5,7,6.75,166.5,5.709363765,0.034649891,0.037760365,1.987807382,2,1,174.130892,211.9854337,188.3722962,145.8483463,283.7563161,-0.04481196,-0.241522254,-0.123424994,0.132427952,-0.533120518
SCPT,57366,7,7.5,7.25,149.5,7.364624034,0.039559073,0.044874497,1.864327743,2,1,183.2597236,223.098794,195.4616974,156.0422816,294.5172336,-0.203608008,-0.400318303,-0.268068046,-0.042830614,-0.678041127
SCPT,57366,7.5,8,7.75,182.5,11.93704552,0.070585762,0.018514511,1.710227642,2,1,206.6021284,251.5156346,223.3711808,178.8065857,324.1114686,-0.124044686,-0.32075498,-0.202084703,0.020445478,-0.574337323
SCPT,57366,8,8.5,8.25,174.5,13.67034307,0.085165685,0.042532494,1.676011619,2,1,215.6361182,262.5135352,233.3095545,188.4478951,337.7626916,-0.211667607,-0.408377902,-0.29044139,-0.076896808,-0.660418811
SCPT,57366,8.5,9,8.75,176.5,12.62289977,0.090750906,0.041639536,1.740396068,2,1,217.8417832,265.1986926,233.941649,190.3750828,345.4748111,-0.210448158,-0.407158452,-0.281750845,-0.07567537,-0.671598859
SCPT,57366,9,9.5,9.25,204,12.97698935,0.051907083,0.045564366,1.581646186,2,1,203.2313025,247.4120205,215.6440422,185.3193546,325.8954709,0.003775242,-0.192935052,-0.055509102,0.096039416,-0.468456695
SCPT,57366,9.5,10,9.75,179.5,20.41475957,0.040262777,0.044219479,1.282058212,2,1,202.0351685,245.9558573,220.5763744,196.5454339,320.6152649,-0.118266576,-0.31497687,-0.206068796,-0.090718413,-0.580066645
SCPT,57366,10,10.5,10.25,198.5,20.00321469,0.108996904,0.077322962,1.508997317,2,1,233.9508348,284.8097119,253.2802893,215.8405209,369.5274665,-0.164321885,-0.36103218,-0.243707638,-0.083750706,-0.621435972
SCPT,57366,10.5,11,10.75,212.5,21.16617535,0.105886558,0.065474312,1.468076583,2,1,234.7059387,285.7289689,253.7946079,219.9785924,372.7631661,-0.099391418,-0.296101712,-0.177583321,-0.034588246,-0.562001286
SCPT,57366,11,11.5,11.25,250,19.9204002,0.128647716,0.07793352,1.559319914,2,1,243.4583037,296.3840219,260.7024416,224.4399744,386.5731283,0.026515227,-0.170195067,-0.041918769,0.107852621,-0.435860139
SCPT,57366,11.5,12,11.75,218,19.71712355,0.148445544,0.079832683,1.607520609,2,1,250.6470332,305.1355187,267.0979912,229.5482518,398.1649856,-0.139550644,-0.336260939,-0.203120536,-0.051618192,-0.602371393
SCPT,57366,12,12.5,12.25,203,14.95888122,0.105479865,0.080582162,1.679501567,2,1,235.0888064,286.1950686,242.4055824,216.9308017,384.1201791,-0.146757363,-0.343467657,-0.177406304,-0.066372438,-0.637749491
SCPT,57366,12.5,13,12.75,177,15.65524193,0.120871441,0.100544798,1.689336385,2,1,241.809768,294.3771089,249.1266384,223.3114866,395.0964638,-0.312001602,-0.508711896,-0.341811622,-0.232417865,-0.802980215
SCPT,57366,13,13.5,13.25,184,18.88166322,0.136437732,0.106563087,1.608662419,2,1,250.2284669,304.6259596,260.9036074,234.2312725,405.8589038,-0.30743861,-0.504148905,-0.349215261,-0.241373213,-0.791069814
SCPT,57366,13.5,14,13.75,220,19.62659977,0.150810366,0.090691577,1.614494676,2,1,256.1178535,311.7956477,266.6509378,239.9666904,415.1714245,-0.152010157,-0.348720452,-0.192312908,-0.086872577,-0.63506396
SCPT,57366,14,14.5,14.25,230,17.41697206,0.132323329,0.110948385,1.650076941,2,1,250.2941906,304.7059712,255.8005489,235.6585996,411.5172826,-0.08455768,-0.281267974,-0.106318726,-0.024304837,-0.581771709
SCPT,57366,14.5,15,14.75,229,17.76250633,0.155432318,0.116969634,1.685249255,2,1,258.241202,314.3805937,263.1707104,241.8136903,423.9660317,-0.120172036,-0.31688233,-0.139080907,-0.054445551,-0.615931335
SCPT,57366,15,15.5,15.25,234,16.68428544,0.141224306,0.1210052,1.695630417,2,1,254.3830986,309.6837722,255.9284099,239.9589857,422.0688844,-0.083520277,-0.280230572,-0.089576641,-0.025146901,-0.589847419
SCPT,57366,15.5,16,15.75,258,20.4955277,0.161492619,0.128114688,1.608512625,2,1,264.0358923,321.4349994,270.2605012,252.1945239,433.6740785,-0.023125465,-0.219835759,-0.046426728,0.022758875,-0.519333696
SCPT,57366,16,16.5,16.25,230,23.89107294,0.182839535,0.128255762,1.553109825,2,1,272.7682625,332.0657108,282.8700387,262.768759,444.7354459,-0.17054327,-0.367253565,-0.206908256,-0.133195093,-0.659400293
SCPT,57366,16.5,17,16.75,212,25.79775626,0.199271821,0.088023879,1.532584494,2,1,278.8623241,339.4845684,290.4931932,269.8604036,453.4605171,-0.274131923,-0.470842217,-0.31499387,-0.241318527,-0.760321928
SCPT,57366,17,17.5,17.25,190,21.74005635,0.19031407,0.077233133,1.6228927,2,1,275.5942434,335.5060354,279.3260482,264.4433055,453.5516834,-0.371905579,-0.568615873,-0.385355659,-0.33060281,-0.870085157
SCPT,57366,17.5,18,17.75,207,22.07509053,0.194454796,0.141381936,1.620240922,2,1,277.7893493,338.1783383,280.543774,267.6189397,458.176376,-0.294144297,-0.490854591,-0.304010976,-0.256845309,-0.794535417
SCPT,57366,18,18.5,18.25,249,23.87035475,0.188439579,0.14278801,1.562162158,2,1,278.0872941,338.5410537,282.6693467,272.0382151,459.7948848,-0.110482175,-0.30719247,-0.126824932,-0.088489657,-0.613327591
SCPT,57366,18.5,19,18.75,217,20.51141528,0.185914692,0.13714814,1.65121012,2,1,276.410125,336.4992826,273.691744,267.8703227,461.6222749,-0.241988369,-0.438698664,-0.232105098,-0.210605639,-0.754849616
SCPT,57366,19,19.5,19.25,232,21.3252808,0.18569079,0.149218202,1.627093084,2,1,277.8490962,338.2510737,275.1400077,271.3275449,464.7689636,-0.180340775,-0.37705107,-0.170542715,-0.156589372,-0.694803058
SCPT,57366,19.5,20,19.75,221,22.1284803,0.191212083,0.1573892,1.613414906,2,1,280.663947,341.6778486,277.8827506,275.3974465,469.7094375,-0.238995334,-0.435705628,-0.229036563,-0.220052613,-0.753951584
SCPT,57360,0,0.5,0.25,71,1.887989477,0.041334381,0.001171118,2.683032615,2,1,97.43242277,118.6133842,313.8716917,49.57369666,123.0374999,-0.316479161,-0.513189455,-1.4863044,0.359219493,-0.549809309
SCPT,57360,0.5,1,0.75,71,1.722382192,0.076469139,0.028623259,2.917159954,2,1,116.7924753,142.1821438,295.4898843,70.53757536,177.383765,-0.497718767,-0.694429061,-1.425954727,0.006534325,-0.915635672
SCPT,57360,1,1.5,1.25,83,2.501394802,0.129853388,0.047711408,2.833356902,2,1,140.8514361,171.4713135,299.4463276,90.09842155,217.840452,-0.528865083,-0.725575377,-1.283094587,-0.082062038,-0.964922316
SCPT,57360,1.5,2,1.75,81,4.200650426,0.052693673,0.074576674,2.267123041,2,1,147.1443704,179.132277,222.5846688,99.06876217,212.0704094,-0.596965062,-0.793675356,-1.010858409,-0.201365022,-0.962469184
SCPT,57360,2,2.5,2.25,99,4.393608349,0.022863397,0.061746989,2.055003323,2,1,141.3028372,172.0208453,184.9694261,99.84137309,202.9500141,-0.355785519,-0.552495813,-0.625070697,-0.008462807,-0.717839862
SCPT,57360,2.5,3,2.75,131.5,2.925480662,0.023661727,0.009220686,2.295377992,2,1,136.3742318,166.0208039,183.5512092,99.89024279,213.9114125,-0.03639596,-0.233106254,-0.333486846,0.27493484,-0.486555117
SCPT,57360,3,3.5,3.25,126.5,3.555148138,0.024486905,0.011072047,2.168348383,2,1,142.8309878,173.8812025,183.0881081,107.9529548,224.5206796,-0.121419719,-0.318130014,-0.369725194,0.15854678,-0.573725509
SCPT,57360,3.5,4,3.75,160,9.801625651,0.055686936,0.011330121,1.768239754,2,1,180.0385935,219.1774182,214.1331495,139.1972626,261.0345566,-0.117997421,-0.314707715,-0.2914242,0.139281733,-0.489478984
SCPT,57360,4,4.5,4.25,167.5,12.92598059,0.074996983,0.018378613,1.677253397,2,1,194.3856699,236.6434243,227.8225684,153.757034,280.6727245,-0.148860824,-0.345571118,-0.307583766,0.085609696,-0.516205958
SCPT,57360,4.5,5,4.75,175.5,11.3507644,0.068483696,0.024844557,1.732964589,2,1,192.8840198,234.8153284,222.8611396,154.4918671,285.0455687,-0.094450031,-0.291160326,-0.238909842,0.127497588,-0.485010015
SCPT,57360,5,5.5,5.25,150.5,12.57795734,0.082144084,0.03104353,1.717972613,2,1,201.7715783,245.6349648,231.7452407,163.6815951,299.5994127,-0.293173173,-0.489883467,-0.431675584,-0.083959963,-0.688483207
SCPT,57360,5.5,6,5.75,162.5,8.217998195,0.073409949,0.030801484,1.943604724,2,1,193.0142156,234.9738277,221.0564226,156.4376077,301.1945923,-0.172085841,-0.368796135,-0.307739973,0.038020744,-0.61707854
SCPT,57360,6,6.5,6.25,155.5,4.221803628,0.060294174,0.036522089,2.274823065,2,1,172.9326759,210.5267359,201.6719932,143.113778,298.3847179,-0.106256631,-0.302966925,-0.25999685,0.083005767,-0.651737922
SCPT,57360,6.5,7,6.75,156.5,3.944092437,0.047028089,0.040391379,2.256416573,2,1,168.6145474,205.2698838,189.9714643,141.8337749,294.4435236,-0.074559315,-0.27126961,-0.193817863,0.098400238,-0.632031204
SCPT,57360,7,7.5,7.25,132.5,1.015547374,0.024853348,0.080018581,2.943877779,2,1,126.121081,153.5387073,143.6274109,112.8711513,273.2130395,0.04934024,-0.147370054,-0.080639877,0.160335731,-0.72366921
SCPT,57360,7.5,8,7.75,143,3.360537717,0.046398058,0,2.347796389,2,1,166.8523342,203.1245807,183.6950839,143.8762769,304.0412692,-0.154264564,-0.350974859,-0.2504326,-0.006109112,-0.754318816
SCPT,57360,8,8.5,8.25,157.5,3.424121723,0.040319898,0.019856125,2.313513801,2,1,167.3379227,203.715732,179.0541513,145.097619,303.3511839,-0.060589799,-0.257300093,-0.128262823,0.082018708,-0.655465699
SCPT,57360,8.5,9,8.75,163.5,5.29007652,0.052496713,0,2.123076539,2,1,185.2371584,225.5061059,194.969878,160.5059168,319.6818488,-0.124823951,-0.321534245,-0.176032084,0.018482184,-0.670513288
SCPT,57360,9,9.5,9.25,169,4.713418436,0.046324418,0.016500127,2.154771754,2,1,180.7227591,220.0103155,187.6556247,158.6655099,318.7126925,-0.067065425,-0.263775719,-0.104709785,0.06310044,-0.634391332
SCPT,57360,9.5,10,9.75,171.5,13.44957249,0.101298681,0.018020933,1.734697227,2,1,225.7722093,274.8531243,239.8897345,199.8127101,360.3579096,-0.274943301,-0.471653595,-0.335596111,-0.152797212,-0.742514464
SCPT,57360,10,10.5,10.25,171,13.63479694,0.113513307,0.062787639,1.755542002,2,1,230.8297168,281.01009,244.3851703,204.9403747,370.4309164,-0.300016726,-0.49672702,-0.357081991,-0.181055525,-0.77300341
SCPT,57360,10.5,11,10.75,172,10.9968465,0.111836222,0.078731252,1.881665714,2,1,227.1756669,276.5616814,236.9045225,201.0949145,373.6070287,-0.278229104,-0.474939398,-0.320162725,-0.156282531,-0.775710043
SCPT,57360,11,11.5,11.25,167,9.633199604,0.082293927,0.071094931,1.879330522,2,1,216.5643121,263.6435104,220.4169766,194.7867467,362.804195,-0.259893745,-0.456604039,-0.277527288,-0.153911541,-0.775869469
SCPT,57360,11.5,12,11.75,187,11.26908205,0.093490156,0.07344964,1.818806097,2,1,224.8624246,273.7455604,229.1373333,203.8083442,373.3885807,-0.184380152,-0.381090446,-0.203212916,-0.086071446,-0.691511032
SCPT,57360,12,12.5,12.25,182,8.930755709,0.086068,0.09637392,1.936446198,2,1,218.242286,265.6862613,218.0842884,198.0306621,372.672049,-0.181599162,-0.378309457,-0.180874945,-0.084415191,-0.716692121
SCPT,57360,12.5,13,12.75,204,11.1570622,0.094117242,0.110483461,1.826100403,2,1,227.0272643,276.3810174,227.7945088,208.3094196,381.4955209,-0.106950123,-0.303660418,-0.110323952,-0.020904575,-0.625979116
SCPT,57360,13,13.5,13.25,194,11.98683634,0.116256717,0.112566467,1.839210796,2,1,236.2132758,287.5639879,237.6583179,216.5003868,396.1664166,-0.196876949,-0.393587243,-0.202975844,-0.109734175,-0.713976208
SCPT,57360,13.5,14,13.75,205,9.250381581,0.084691442,0.049519646,1.912441543,2,1,222.0251146,270.2914438,216.5764114,205.2622821,383.0302424,-0.079780525,-0.276490819,-0.054933445,-0.001278607,-0.625103969
SCPT,57360,14,14.5,14.25,177,8.869856686,0.085083593,0.10350534,1.939668675,2,1,222.0988124,270.3811629,214.3955522,206.1411058,386.6221099,-0.226972651,-0.423682945,-0.191672951,-0.152411181,-0.781298023
SCPT,57360,14.5,15,14.75,180,7.656907986,0.09626743,0.128082122,2.060295005,2,1,222.2791748,270.6007346,212.3036981,205.8670426,395.8937751,-0.210977285,-0.407687579,-0.165060937,-0.134273685,-0.78818908
SCPT,57360,15,15.5,15.25,177,9.508096726,0.074452211,0.121156212,1.861469683,2,1,221.7137389,269.9123777,211.1247278,209.84255,386.751505,-0.225237353,-0.421947647,-0.176299353,-0.170207755,-0.781632648
SCPT,57360,15.5,16,15.75,228,10.86468226,0.099162409,0.136766738,1.857459711,2,1,234.1870371,285.0972626,224.857005,221.0361603,405.1249436,-0.026774471,-0.223484765,0.013880962,0.03101932,-0.574849893
SCPT,57360,16,16.5,16.25,205,14.10793364,0.13554374,0.1427295,1.78614151,2,1,251.5572747,306.2436387,246.3738929,237.5971916,426.0985401,-0.204660717,-0.401371011,-0.183840293,-0.147566789,-0.731660655
SCPT,57360,16.5,17,16.75,213,14.36369258,0.165485841,0.137465312,1.831308941,2,1,260.1704912,316.7292936,254.5640837,244.2422693,440.7258109,-0.200044986,-0.39675528,-0.178260441,-0.136868474,-0.727130772
SCPT,57360,17,17.5,17.25,195,5.615206073,0.110216638,0.072750675,2.266154672,2,1,218.496316,265.9955152,198.3980855,207.9630278,418.251276,-0.113769596,-0.31047989,-0.017275987,-0.064360754,-0.763082832
SCPT,57360,17.5,18,17.75,199,3.656315035,0.095322923,0.076493474,2.511487511,2,1,203.280917,247.4724207,177.3958655,194.7038763,412.100904,-0.021284025,-0.217994319,0.114921061,0.021825004,-0.727963407
SCPT,57360,18,18.5,18.25,182,2.134554954,0.04322647,0.262987445,2.628670713,2,1,170.0000235,206.9565504,135.0524444,170.0460078,372.9751934,0.068208112,-0.128502183,0.298343507,0.067937653,-0.717505225
SCPT,57360,18.5,19,18.75,191,7.927852848,0.079902782,0.04557429,1.961074721,2,1,221.9810647,270.2378178,200.1438215,217.7886454,410.727711,-0.150318656,-0.34702895,-0.046762788,-0.131251648,-0.765657063
SCPT,57360,19,19.5,19.25,240,20.29160005,0.089157168,0.028435447,1.444394965,2,1,244.5742337,297.7425454,245.2299387,253.4778157,422.3329884,-0.018879954,-0.215590248,-0.021557373,-0.054637384,-0.565155152
SCPT,57360,19.5,20,19.75,237,26.18135706,0.149404737,0.049436804,1.435536235,2,1,269.8236593,328.4809765,277.128681,276.4293931,455.4494278,-0.129708491,-0.326418785,-0.15642181,-0.153895288,-0.653224544
SCPT,14548,0,4,2,195.77,2.717907053,0.023732116,0.007182505,2.338798496,2,3,124.9448863,152.1068181,208.5279286,83.50215187,183.4128215,0.44906777,0.252357476,-0.063132482,0.852068098,0.065201033
SCPT,14548,4,6,5,267.49,8.055076518,0.096666578,0,2.039324067,2,3,196.5313746,239.2555865,237.8554093,153.2229358,300.7638443,0.308260097,0.111549802,0.117419217,0.557188225,-0.117243204
SCPT,14548,6,8,7,507.81,7.251711496,0.12975424,0,2.176735633,2,3,208.7161698,254.0892502,243.3695476,170.004593,340.3364448,0.889132072,0.692421778,0.735526302,1.094281907,0.40017269
SCPT,14548,8,10,9,379.46,5.360913599,0.133850161,0.011960114,2.371599381,2,3,206.5839339,251.4934848,229.3851574,175.0785306,363.4882458,0.6080424,0.411332106,0.503346689,0.77351457,0.043002229
SCPT,14548,10,12,11,231.87,2.948991246,0.0597734,0.095368893,2.515469532,2,3,176.0717113,214.3481702,177.0504016,158.9027167,342.9270999,0.275285507,0.078575213,0.269742423,0.3778847,-0.391341018
SCPT,14548,12,14,13,383.6,2.052636012,0.023470758,0.03117065,2.512743942,2,3,155.7742769,189.6382501,139.8432461,146.220541,315.9903317,0.901192327,0.704482032,1.009078218,0.964484306,0.193888726
SCPT,14548,14,16,15,353.85,4.044170956,0.096976393,0.582792718,2.457289896,2,3,200.9918266,244.6857019,187.9386928,188.7459942,396.0163264,0.565608851,0.368898557,0.632757287,0.628470929,-0.112582344
SCPT,14548,16,18,17,622.57,4.148594506,0.076363179,0.650554375,2.381970734,2,3,200.0221492,243.5052251,176.8399076,192.3086954,396.3533811,1.135427966,0.938717671,1.258611225,1.174754202,0.451549882
SCPT,14548,18,20,19,291.98,10.05695721,0.351507018,0.056677533,2.293913454,2,3,281.6302286,342.8541913,267.5793009,255.7759085,500.4554532,0.036090342,-0.160619952,0.087269332,0.132383603,-0.538833283
SCPT,14548,20,22,21,377.61,4.390126817,0.121641915,0.030413174,2.471511549,2,3,220.2644443,268.1480191,184.3428442,213.7323148,444.4290777,0.539033073,0.342322779,0.717064609,0.569137551,-0.16292857
SCPT,14548,22,24,23,545.77,6.028497168,0.185383521,0.015634957,2.405583602,2,3,246.4372424,300.010556,206.5785236,237.6225083,481.5232311,0.795090275,0.598379981,0.971517042,0.831514327,0.125243164
SCPT,57353,0,0.5,0.25,52,2.506828298,0.072988455,0.003160026,2.659160748,2,1,108.0833197,131.5796936,351.0953654,54.13492691,132.7550891,-0.73165869,-0.928368984,-1.909814164,-0.040235858,-0.937262276
SCPT,57353,0.5,1,0.75,64,1.05030868,0.029171661,0.011613922,2.959250185,2,1,97.28901947,118.4388063,239.1793541,60.63870785,155.9250888,-0.418803047,-0.615513341,-1.318330623,0.053949651,-0.890492608
SCPT,57353,1,1.5,1.25,90.2,0.716613999,0.023104242,0.026478148,3.133734166,2,1,94.37070776,114.886079,204.9519793,65.20934105,172.4455888,-0.045201299,-0.241911593,-0.820746277,0.324426701,-0.648052332
SCPT,57353,1.5,2,1.75,88,0.902661126,0.016259616,0.010361437,2.889427381,2,1,99.8853146,121.5995134,181.1128558,72.00968602,179.9509528,-0.126685859,-0.323396154,-0.721783535,0.200536176,-0.715347515
SCPT,57353,2,2.5,2.25,104,5.764381089,0.0203575,0.068997132,1.876047733,2,1,144.7205324,176.1815177,181.5845799,102.8272226,200.3123189,-0.330413621,-0.527123915,-0.557330651,0.01134077,-0.655486844
SCPT,57353,2.5,3,2.75,149,5.262445187,0.024988353,0.027833096,1.9651608,2,1,149.2582807,181.705733,186.3938409,109.1963318,216.3718411,-0.001731927,-0.198442221,-0.223915553,0.310798834,-0.373052108
SCPT,57353,3,3.5,3.25,133,2.380012329,0.014143484,0.013358545,2.315598449,2,1,129.2354929,157.3301653,166.6729296,97.35384296,208.4383441,0.028712862,-0.167997433,-0.225684258,0.311996922,-0.449294158
SCPT,57353,3.5,4,3.75,140.6666667,4.110387913,0.02206306,0.024736017,2.083848405,2,1,148.3019953,180.5415595,179.3421546,113.7390569,229.9501764,-0.052857678,-0.249567973,-0.242902434,0.212486175,-0.491469636
SCPT,57353,4,4.5,4.25,122,5.839540066,0.026268891,0.014169875,1.913672293,2,1,160.2190442,195.0492712,185.1687137,125.6978364,243.454785,-0.272520861,-0.469231155,-0.417246331,-0.029859859,-0.690910193
SCPT,57353,4.5,5,4.75,141,5.570560672,0.024110299,0.028054282,1.924045357,2,1,160.2374703,195.0717029,181.68157,127.8676038,247.563584,-0.127897014,-0.324607308,-0.253495649,0.097764507,-0.562907564
SCPT,57353,5,5.5,5.25,132,6.22314348,0.031836361,0.042849907,1.916482719,2,1,168.7744561,205.4645552,189.5758851,136.7181636,263.4903059,-0.245761321,-0.442471616,-0.361987471,-0.035119685,-0.691214655
SCPT,57353,5.5,6,5.75,147.6666667,5.999213531,0.033021317,0.048498049,1.94549386,2,1,170.546074,207.6213075,189.4530367,139.9144964,270.8513033,-0.144048008,-0.340758302,-0.249183685,0.053925985,-0.606612493
SCPT,57353,6,6.5,6.25,136,7.234933098,0.035879381,0.052981317,1.853343692,2,1,177.5322712,216.1262432,193.6761447,148.1349643,280.0281899,-0.266497516,-0.46320781,-0.353532521,-0.085468894,-0.722235391
SCPT,57353,6.5,7,6.75,164.6666667,8.817084859,0.051567014,0.056308596,1.816183257,2,1,190.268924,231.6317336,207.655538,160.4764468,299.7707861,-0.144515232,-0.341225527,-0.231957411,0.025776045,-0.599094908
SCPT,57353,7,7.5,7.25,160,9.847184769,0.059363707,0.059905871,1.783567453,2,1,197.2474062,240.1272771,213.9189348,168.2830466,311.1430077,-0.209284994,-0.405995289,-0.290423319,-0.050473548,-0.665078823
SCPT,57353,7.5,8,7.75,160.3333333,8.479470923,0.061597009,0.066120712,1.880824659,2,1,196.7531685,239.5255964,212.1524397,168.3004952,317.617789,-0.20469501,-0.401405304,-0.28005009,-0.048496062,-0.683593757
SCPT,57353,8,8.5,8.25,152.5,5.003217208,0.037966483,0.066292347,2.071463275,2,1,175.7050549,213.901806,185.7110179,152.4787167,301.8345836,-0.141642169,-0.338352463,-0.197027202,0.000139573,-0.682714535
SCPT,57353,8.5,9,8.75,175.5,10.4064565,0.073534718,0.075544713,1.803748001,2,1,208.4716112,253.7915267,221.6595246,181.9499937,335.6751888,-0.172163832,-0.368874126,-0.233503489,-0.036092847,-0.648504949
SCPT,57353,9,9.5,9.25,188.3333333,11.48533644,0.078059765,0.077967991,1.759348182,2,1,213.3585299,259.740819,225.659309,188.3614729,343.338086,-0.124760547,-0.321470841,-0.180812937,-0.000149403,-0.600502193
SCPT,57353,9.5,10,9.75,198.3333333,12.43744573,0.100966292,0.078325752,1.779569878,2,1,223.9516754,272.6368222,237.6448016,197.5203786,359.9954965,-0.121481177,-0.318191471,-0.180828012,0.004107355,-0.596142405
SCPT,57353,10,10.5,10.25,168,10.72857071,0.081964732,0.087280581,1.813581312,2,1,216.2374899,263.2456399,224.9142381,192.7073619,354.4477856,-0.252413315,-0.449123609,-0.291755186,-0.137208799,-0.746597065
SCPT,57353,10.5,11,10.75,161,2.81730898,0.04691889,0.133272956,2.433456904,2,1,165.9266238,201.997629,165.0784954,153.7886033,330.3679518,-0.030141301,-0.226851595,-0.025016725,0.045825411,-0.718802674
SCPT,57353,11,11.5,11.25,160.5,0.896787264,0.012860253,0.342036555,2.858270333,2,1,119.3472958,145.2923601,103.2688684,118.6249127,280.057318,0.296256248,0.099545954,0.440957982,0.302327422,-0.556700347
SCPT,57353,11.5,12,11.75,185,3.110931445,0.035063315,0.049501019,2.308531795,2,1,166.7042276,202.944277,159.8465824,156.0901375,325.5785379,0.104134675,-0.092575619,0.14614133,0.16992218,-0.565247891
SCPT,57353,12,12.5,12.25,172.5,8.734615897,0.064020327,0.045749002,1.873676453,2,1,210.0926058,255.7649114,208.7229915,192.6088192,358.5480425,-0.197151177,-0.393861471,-0.190610737,-0.110264052,-0.731665424
SCPT,57353,12.5,13,12.75,181,2.007305284,0.036371938,0.21361491,2.615302746,2,1,158.1500155,192.5304536,147.3563207,150.3720552,332.8890857,0.134952984,-0.061757311,0.205643427,0.18538444,-0.609312327
SCPT,57353,13,13.5,13.25,226.5,12.4641793,0.066971657,0.06278154,1.661508981,2,1,218.766724,266.3247075,219.9778307,207.9792687,368.8626168,0.03473897,-0.161971324,0.029218173,0.08530654,-0.487679318
SCPT,57353,13.5,14,13.75,217,13.52666946,0.097082388,0.071871478,1.704160938,2,1,232.4567429,282.9908174,236.0261622,219.2782854,390.987989,-0.068806802,-0.265517096,-0.084045302,-0.010444279,-0.588779487
SCPT,57353,14,14.5,14.25,204.3333333,11.47548609,0.077903429,0.03909394,1.75738491,2,1,225.0007309,273.9139333,222.025412,212.3702313,382.9453564,-0.096351003,-0.293061298,-0.083039197,-0.038578478,-0.628139659
SCPT,57353,14.5,15,14.75,198.5,14.89468402,0.091358336,0.058552698,1.626063783,2,1,233.3598016,284.0901932,235.8653254,225.5864185,395.1500617,-0.161792375,-0.358502669,-0.172471887,-0.127914216,-0.688476496
SCPT,57353,15,15.5,15.25,265,20.43520876,0.074989725,0.023945319,1.39822026,2,1,231.3109255,281.5959093,240.1461673,234.4239453,389.3113505,0.135967023,-0.060743272,0.098482058,0.122598618,-0.384649584
SCPT,57353,15.5,16,15.75,227,12.00836936,0.086183686,0,1.734284447,2,1,228.9916703,278.7724682,224.8175203,221.6491401,398.0987183,-0.008735611,-0.205445905,0.009660965,0.023854336,-0.561749993
SCPT,57353,16,16.5,16.25,242.3333333,7.986802334,0.064247216,0.054885134,1.910005265,2,1,213.5846319,260.0160736,200.2102165,205.7546162,385.0634587,0.126281032,-0.070429262,0.190946292,0.163629913,-0.46309396
SCPT,57353,16.5,17,16.75,211,3.295680046,0.057716622,0.032772001,2.412621879,2,1,187.2314363,227.9339224,164.1077351,181.0462024,380.1611375,0.119512655,-0.077197639,0.251335,0.153105873,-0.588737075
SCPT,57353,17,17.4,17.2,206,2.0771,0.0299,0.0915,2.555956348,2,1,164.146304,199.8302831,135.3118651,161.0931962,349.1803306,0.227118041,0.030407747,0.420293943,0.245893113,-0.527712327
SCPT,57347,0,0.5,0.25,80,4.782854491,0.036399258,0.0005463,2.07663299,2,1,111.3593609,135.5679177,252.3271316,56.07885668,121.8558348,-0.330735823,-0.527446117,-1.148699752,0.355267779,-0.420812029
SCPT,57347,0.5,1,0.75,94,12.61967797,0.082381938,0.000786927,1.716361454,2,1,158.0132966,192.3640132,232.5166267,94.54825733,181.7687506,-0.519384403,-0.716094697,-0.905666953,-0.005815581,-0.659440496
SCPT,57347,1,1.5,1.25,116,9.966644248,0.081362413,0.000766304,1.856027429,2,1,165.0758273,200.9618767,236.102435,105.7592941,207.1034877,-0.352814736,-0.549525031,-0.710675567,0.092424489,-0.579628418
SCPT,57347,1.5,2,1.75,134,6.417981894,0.059904201,0.001198648,2.043834849,2,1,158.0497861,192.4084352,223.6062558,106.4308518,216.3132517,-0.165070285,-0.361780579,-0.512046919,0.230344305,-0.478887797
SCPT,57347,2,2.5,2.25,125,8.243462899,0.064226533,0.0038162,1.910662299,2,1,169.3147119,206.122258,222.8187276,119.0955916,233.1986346,-0.303445447,-0.500155741,-0.578044823,0.048387276,-0.623576862
SCPT,57347,2.5,3,2.75,127,11.52980328,0.092637033,0.001712009,1.801894743,2,1,187.9029832,228.7514578,239.174975,136.2982537,258.0462454,-0.391738696,-0.58844899,-0.63300831,-0.07065844,-0.708951728
SCPT,57347,3,3.5,3.25,102,11.24707106,0.076920697,0.007974192,1.767132448,2,1,186.6314011,227.2034448,228.8533938,140.126662,262.7737041,-0.604162741,-0.800873035,-0.808108783,-0.317573929,-0.946320408
SCPT,57347,3.5,4,3.75,121,5.983747901,0.059025784,0.018464302,2.069622816,2,1,171.0272542,208.2070921,214.2413798,130.2767335,262.0592527,-0.346032379,-0.542742674,-0.571312777,-0.073870361,-0.772780088
SCPT,57347,4,4.5,4.25,129,9.7581915,0.054799101,0.009446477,1.769394747,2,1,182.663942,222.3734946,212.7967045,143.8609731,268.8942819,-0.347835678,-0.544545972,-0.500524867,-0.109034964,-0.734505894
SCPT,57347,4.5,5,4.75,150,12.59030887,0.075347639,0.023009118,1.694278614,2,1,196.8547755,239.6492919,227.7343065,158.063025,288.8285343,-0.271830983,-0.468541277,-0.417544333,-0.052358552,-0.655197911
SCPT,57347,5,5.5,5.25,123,10.4136055,0.059924886,0.029072304,1.7518946,2,1,190.6339924,232.0761647,215.9763485,155.1751308,287.1627552,-0.438170964,-0.634881259,-0.562984549,-0.23237,-0.847864791
SCPT,57347,5.5,6,5.75,165,11.42385416,0.07513452,0.035952499,1.753210876,2,1,200.1157177,243.6191346,226.1524796,164.3527212,302.8424232,-0.192950314,-0.389660608,-0.315263986,0.003930617,-0.607267141
SCPT,57347,6,6.5,6.25,219,12.96679164,0.082681192,0.03433753,1.700403312,2,1,206.7368502,251.6796437,231.8526858,172.6789977,313.4800667,0.057625001,-0.139085294,-0.057030465,0.237637363,-0.358664045
SCPT,57347,6.5,7,6.75,185,16.77278954,0.100270078,0.032016873,1.595200613,2,1,217.9974912,265.3882502,244.7156155,186.0364346,328.397543,-0.16412773,-0.360838024,-0.279740958,-0.005586714,-0.573869071
SCPT,57347,7,7.5,7.25,180.5,11.60467153,0.092657283,0.03594916,1.795592471,2,1,211.8025095,257.8465334,233.917591,178.7966247,330.0839677,-0.159923504,-0.356633798,-0.2592381,0.009481793,-0.603616292
SCPT,57347,7.5,8,7.75,183,14.90613176,0.100873176,0.029285183,1.669103011,2,1,220.5957635,268.5513642,242.5777382,190.1712146,340.0680873,-0.186845749,-0.383556043,-0.281836076,-0.038438643,-0.619659701
SCPT,57347,8,8.5,8.25,201,14.38559017,0.104255467,0.053331636,1.699788842,2,1,222.8586883,271.3062292,242.9544278,193.0504773,346.8917883,-0.103232978,-0.299943272,-0.189568978,0.040353213,-0.545707974
SCPT,57347,8.5,9,8.75,191.5,16.54279728,0.138293409,0.06091184,1.694196756,2,1,236.5202203,287.9376595,259.4566311,204.9782453,365.6529518,-0.211145894,-0.407856188,-0.303701755,-0.068016045,-0.646796856
SCPT,57347,9,9.5,9.25,215.5,18.00098624,0.130541111,0.058246827,1.62581642,2,1,237.1665574,288.7245047,258.6811301,209.7150577,368.296608,-0.095801759,-0.292512053,-0.182635236,0.027211168,-0.535927704
SCPT,57347,9.5,10,9.75,210,17.38438317,0.148195254,0.058407059,1.683951093,2,1,243.1219744,295.9745776,263.5966237,213.9863931,379.3488404,-0.146455739,-0.343166033,-0.227312463,-0.018804899,-0.591348674
SCPT,57347,10,10.5,10.25,174,13.92437437,0.127322066,0.069106731,1.77568113,2,1,235.1804669,286.3066554,249.1864684,207.5295473,376.0591522,-0.301297865,-0.498008159,-0.359146186,-0.176218427,-0.770691152
SCPT,57347,10.5,11,10.75,200,14.62644379,0.143662199,0.082025599,1.781084009,2,1,241.8745574,294.4559829,255.7282445,213.9269669,386.785766,-0.190101867,-0.386812162,-0.245797969,-0.067317314,-0.659553597
SCPT,57347,11,11.5,11.25,201.5,15.78542314,0.148198593,0.083423951,1.743446997,2,1,245.8522874,299.2984368,259.1690043,219.6088678,393.07137,-0.198941516,-0.395651811,-0.251690994,-0.086058709,-0.668201817
SCPT,57347,11.5,12,11.75,184,12.09875223,0.134077219,0.088134094,1.877064392,2,1,237.9948997,289.7329213,244.8294385,212.1590446,391.5127603,-0.257313486,-0.45402378,-0.285626041,-0.142400446,-0.755082351
SCPT,57347,12,12.5,12.25,162.5,13.42052161,0.135212844,0.095158534,1.815894064,2,1,241.8164426,294.3852345,248.1257238,218.0147904,396.40457,-0.397500935,-0.594211229,-0.423257567,-0.293884905,-0.891757329
SCPT,57347,12.5,13,12.75,210.5,16.12292498,0.159675918,0.095315148,1.752753051,2,1,253.0097335,308.0118495,261.7544355,229.5027908,409.7479492,-0.183942307,-0.380652602,-0.217921142,-0.086429536,-0.666056559
SCPT,57347,13,13.5,13.25,233.5,18.26872204,0.166350419,0.095561568,1.688282284,2,1,258.1218585,314.235306,268.1018515,236.9880672,416.3519887,-0.100249716,-0.29696001,-0.138184874,-0.014827713,-0.578348952
SCPT,57347,13.5,14,13.75,227,17.10818383,0.168090602,0.10046405,1.731897325,2,1,258.6081948,314.8273676,265.3350642,237.395756,420.6401275,-0.130364138,-0.327074432,-0.156043403,-0.044778588,-0.616827647
SCPT,57347,14,14.5,14.25,204,16.60749652,0.157882204,0.108349013,1.730956726,2,1,256.5869213,312.3666868,260.6679626,237.5050573,420.92596,-0.229347488,-0.426057782,-0.24512743,-0.152068923,-0.724336957
SCPT,57347,14.5,15,14.75,205.5,16.49397644,0.163336353,0.111053749,1.745591528,2,1,258.9667068,315.263817,261.2967246,240.2343327,426.4747641,-0.231253474,-0.427963769,-0.240210604,-0.156168799,-0.730107161
SCPT,57347,15,15.5,15.25,235,16.21386889,0.15278725,0.114452841,1.736167235,2,1,257.0081482,312.8794848,257.061494,240.5388035,426.3188325,-0.089522275,-0.28623257,-0.089729818,-0.023295907,-0.595601985
SCPT,57347,15.5,16,15.75,212.5,18.47575727,0.164183268,0.107570257,1.676631433,2,1,263.2144687,320.4350053,265.5258237,248.7958265,434.2731231,-0.214027182,-0.410737476,-0.222770112,-0.157690598,-0.714731664
SCPT,57347,16,16.5,16.25,235,16.30170632,0.172044295,0.120456455,1.768410696,2,1,263.9796578,321.3665399,261.0808716,247.4432897,439.9845709,-0.116286532,-0.312996826,-0.105244698,-0.051595909,-0.627154146
SCPT,57347,16.5,17,16.75,243,18.67883653,0.198446325,0.135519676,1.729172223,2,1,273.9520214,333.5068087,273.3129014,257.5111904,452.1342362,-0.119891543,-0.316601838,-0.117555855,-0.058001733,-0.620917675
SCPT,57347,17,17.5,17.25,184,12.25890214,0.146517047,0.087640201,1.890807752,2,1,252.6032072,307.5169479,240.1379245,238.274025,436.5357738,-0.316884149,-0.513594443,-0.266277686,-0.258485619,-0.86393457
SCPT,57347,17.5,18,17.75,185.5,10.1915046,0.09871353,0.03451421,1.881192402,2,1,234.7577153,285.7920012,217.6005274,226.3302059,417.1298997,-0.235499101,-0.432209396,-0.159606057,-0.198940139,-0.810342801
SCPT,57347,18,18.5,18.25,209,15.1908168,0.108138315,0.038746771,1.676402046,2,1,248.1616808,302.1098722,237.7826333,243.4147781,426.3405602,-0.17174622,-0.368456515,-0.129022699,-0.152432642,-0.712904212
SCPT,57347,18.5,19,18.75,200.5,15.80756048,0.129461648,0.122396359,1.702972758,2,1,256.4826124,312.239702,245.3162608,250.3735489,439.5589769,-0.246246628,-0.442956922,-0.201733992,-0.222139751,-0.784957652
SCPT,57347,19,19.5,19.25,233.5,18.75074099,0.153507515,0.134727235,1.648446153,2,1,267.2366749,325.3316043,259.7871399,262.1723304,452.9786573,-0.134952612,-0.331662906,-0.106680526,-0.11581996,-0.662662933
SCPT,57347,19.5,20,19.75,254,23.15131397,0.191668828,0.128736191,1.586476685,2,1,281.3987734,342.5724198,279.7845937,277.25014,470.0122796,-0.102438519,-0.299148813,-0.096685732,-0.087585864,-0.615424554
SCPT,57348,0,0.5,0.25,84,4.69913022,0.083225312,0,2.316244406,2,1,122.1659779,148.7237992,323.5572898,59.91081617,135.6690394,-0.374563796,-0.57127409,-1.348559393,0.33795974,-0.479401587
SCPT,57348,0.5,1,0.75,89,7.80633612,0.058001135,0.000786298,1.914498165,2,1,144.3979632,175.7888247,227.6989742,85.69710541,173.047033,-0.483936751,-0.680647045,-0.939388098,0.037817321,-0.664927055
SCPT,57348,1,1.5,1.25,102,9.888247469,0.100120462,0.000709298,1.918509043,2,1,169.602443,206.4725393,249.7995817,107.4738721,212.7526149,-0.508484315,-0.705194609,-0.89568611,-0.052274954,-0.735157245
SCPT,57348,1.5,2,1.75,117,3.251063314,0.040408482,0.000542361,2.33483036,2,1,136.3970935,166.0486356,209.1105417,93.39896919,204.4887161,-0.153396502,-0.350106796,-0.580689085,0.225293626,-0.558338861
SCPT,57348,2,2.5,2.25,125,0.799400846,0.017246623,0.038158861,2.979125476,2,1,100.3700154,122.189584,167.181618,76.30976742,193.1950063,0.219450226,0.022739932,-0.290767017,0.493512794,-0.435386337
SCPT,57348,2.5,3,2.75,110,4.997258943,0.027875682,0.020895256,2.013162865,2,1,149.494726,181.9935795,189.4652807,109.3744588,219.3855357,-0.306780749,-0.503491043,-0.543725427,0.005702969,-0.690350253
SCPT,57348,3,3.5,3.25,142,6.33576372,0.0412271,0.011175168,1.961718276,2,1,163.6342491,199.206912,201.7402082,122.5035669,241.2824134,-0.141806691,-0.338516986,-0.351153714,0.14768691,-0.53014103
SCPT,57348,3.5,4,3.75,131,6.245645109,0.042726172,0.018249972,1.979116463,2,1,166.9627613,203.2590137,201.9046386,127.6136038,251.3575629,-0.242573478,-0.439283772,-0.432598176,0.026190345,-0.651679156
SCPT,57348,4,4.5,4.25,135.5,7.664328956,0.056883898,0.023152917,1.924298801,2,1,179.2135982,218.173076,212.9591553,139.3747194,269.7201619,-0.27960674,-0.476317034,-0.452128748,-0.028194488,-0.688413344
SCPT,57348,4.5,5,4.75,129,7.170484189,0.051510821,0.028975472,1.94010108,2,1,178.3033232,217.0649152,207.5277244,141.2260538,273.75284,-0.323673759,-0.520384053,-0.475452538,-0.090549421,-0.752413251
SCPT,57348,5,5.5,5.25,127.5,8.453523237,0.060650854,0.033083774,1.881171938,2,1,187.322492,228.0447728,214.6094044,150.7353315,287.1691643,-0.384715323,-0.581425617,-0.520703288,-0.167409163,-0.8119551
SCPT,57348,5.5,6,5.75,149.5,8.860670714,0.066860302,0.037689971,1.876406398,2,1,192.5545334,234.4142146,218.2881787,156.9211056,297.7233506,-0.253083011,-0.449793306,-0.378519718,-0.048446774,-0.688868309
SCPT,57348,6,6.5,6.25,143.5,10.77445344,0.084274881,0.03997228,1.818080698,2,1,204.2269319,248.624091,230.0941964,168.401028,313.8286433,-0.352896752,-0.549607046,-0.47215374,-0.160013171,-0.78251208
SCPT,57348,6.5,7,6.75,161.5,10.77947437,0.092196599,0.040189453,1.842892129,2,1,208.7903377,254.1795416,233.5903446,173.3496669,323.7723098,-0.256825437,-0.453535731,-0.369063774,-0.070805608,-0.695535379
SCPT,57348,7,7.5,7.25,167.5,9.211221872,0.07784097,0.03400851,1.892369273,2,1,202.8048984,246.8929198,222.6270349,170.4641857,322.1401252,-0.191261074,-0.387971368,-0.284514531,-0.017541869,-0.654003271
SCPT,57348,7.5,8,7.75,216.5,11.65938051,0.095444464,0.056896213,1.803334092,2,1,214.7796943,261.4709322,235.1818447,182.7205629,337.0180281,0.007977722,-0.188732572,-0.082768475,0.16963254,-0.442545877
SCPT,57348,8,8.5,8.25,207.5,14.50211211,0.120989716,0.057395152,1.736263976,2,1,227.9369192,277.4884233,250.2715471,195.67769,353.6913152,-0.093937581,-0.290647875,-0.187415177,0.058662473,-0.533293202
SCPT,57348,8.5,9,8.75,238.5,14.65262626,0.124300995,0.056777234,1.737704746,2,1,230.7220342,280.8789982,251.384763,199.6525124,360.2936913,0.033155639,-0.163554655,-0.052615375,0.177790893,-0.412550198
SCPT,57348,9,9.5,9.25,218.5,16.21793877,0.127166278,0.064337846,1.681128508,2,1,234.6300352,285.6365646,254.7974517,206.1399508,366.7614656,-0.071223941,-0.267934235,-0.153682908,0.058230703,-0.517925665
SCPT,57348,9.5,10,9.75,235,17.38754903,0.144748879,0.066695581,1.676853219,2,1,242.1948689,294.8459273,262.6507382,213.5744822,378.1907173,-0.030157131,-0.226867425,-0.111239644,0.09559988,-0.475813097
SCPT,57348,10,10.5,10.25,240.5,15.52478456,0.143582279,0.073399989,1.744298122,2,1,241.5524455,294.0638466,258.5032107,212.9199169,382.2886846,-0.004366525,-0.20107682,-0.072188025,0.121803972,-0.463455953
SCPT,57348,10.5,11,10.75,230,15.48935947,0.14660059,0.081964166,1.751729461,2,1,243.6981245,296.6759777,258.9325517,216.0629038,387.9697111,-0.057850956,-0.25456125,-0.118488301,0.062509722,-0.522847963
SCPT,57348,11,11.5,11.25,238,16.16578983,0.151845401,0.084704991,1.735927205,2,1,247.1998439,300.9389404,261.4622874,220.8082071,394.3850255,-0.03792642,-0.234636715,-0.094019383,0.07497619,-0.505056981
SCPT,57348,11.5,12,11.75,256,15.35531523,0.148591939,0.088961101,1.761383316,2,1,246.7832231,300.4317499,258.1696642,221.4487872,397.4799155,0.036667132,-0.160043162,-0.008439537,0.144986091,-0.439966961
SCPT,57348,12,12.5,12.25,263,15.19010095,0.140904848,0.093943451,1.752145007,2,1,245.8160134,299.2542772,254.7682476,222.6989978,398.900652,0.067570689,-0.129139605,0.031799733,0.166332958,-0.416558361
SCPT,57348,12.5,13,12.75,248.5,16.24174549,0.155294934,0.099792224,1.739873382,2,1,252.0389473,306.8300229,261.1030689,229.2156946,408.290908,-0.014140783,-0.210851077,-0.049472384,0.080779388,-0.496537084
SCPT,57348,13,13.5,13.25,264,15.35474142,0.135967914,0.10288798,1.734841531,2,1,247.0246703,300.7256856,252.4788585,227.2948859,405.0567065,0.066460892,-0.130249402,0.044621587,0.149700872,-0.42807797
SCPT,57348,13.5,14,13.75,265,15.73172848,0.137749396,0.111218448,1.723506019,2,1,249.0510638,303.1925994,253.461857,230.7022,409.6398064,0.062071875,-0.134638419,0.04451648,0.138602125,-0.435548427
SCPT,57348,14,14.5,14.25,236,17.92156907,0.13211726,0.111751255,1.631684753,2,1,250.5618755,305.0318485,256.4424698,236.5991603,411.5208766,-0.059874093,-0.256584387,-0.083072545,-0.002535598,-0.556027947
SCPT,57348,14.5,15,14.75,258.5,17.12416037,0.14482306,0.118050405,1.686584904,2,1,254.7127225,310.0850535,258.0347492,239.1352573,419.9735808,0.014759362,-0.181950932,0.001801431,0.077866372,-0.485296112
SCPT,57348,15,15.5,15.25,229,17.7082339,0.128940626,0.120158592,1.631383316,2,1,251.4333552,306.0927802,254.1325373,240.2048789,417.2892521,-0.093455962,-0.290166256,-0.104133928,-0.047770218,-0.600057628
SCPT,57348,15.5,16,15.75,217,11.59458634,0.097227109,0.047459472,1.812651894,2,1,235.1087273,286.2193202,225.9561483,222.7507515,404.2827264,-0.080150723,-0.276861017,-0.040443593,-0.026156086,-0.622217098
SCPT,57348,16,16.5,16.25,243.5,16.74270267,0.119701416,0.083245524,1.646822082,2,1,250.0471572,304.4052349,248.3012857,241.028889,419.8004533,-0.026532586,-0.223242881,-0.019525928,0.010200145,-0.544662545
SCPT,57348,16.5,17,16.75,275,19.04734305,0.172226051,0.1393525,1.67297559,2,1,267.8784289,326.11287,268.3940825,255.2170687,443.9452682,0.026237844,-0.170472451,0.02431474,0.074656665,-0.478930187
SCPT,57348,17,17.5,17.25,278,19.78867882,0.185965569,0.134382192,1.669299077,2,1,272.4056199,331.624233,273.0263678,260.3861481,451.876288,0.020328908,-0.176381386,0.018052738,0.0654554,-0.485787329
SCPT,57348,17.5,18,17.75,215.5,6.498446402,0.121182983,0.034430895,2.207712133,2,1,227.2643852,276.6696863,204.7649285,215.7710465,426.9761259,-0.053153123,-0.249863417,0.051098279,-0.001256966,-0.683767191
SCPT,57348,18,18.5,18.25,222,11.01157912,0.079713936,0.082306749,1.791746162,2,1,232.0992281,282.555582,214.3065499,226.5857734,408.7942171,-0.044487606,-0.2411979,0.035269916,-0.020446182,-0.610534511
SCPT,57348,18.5,19,18.75,243.5,14.39480492,0.129828627,0.157982435,1.76128839,2,1,254.8135331,310.2077794,241.4139159,247.0788514,439.4162261,-0.045415092,-0.242125387,0.008603989,-0.01459058,-0.590330145
SCPT,57348,19,19.5,19.25,209.5,16.09230497,0.130235732,0.112411894,1.693778765,2,1,257.8592767,313.9156412,246.3647925,252.9875045,442.8987408,-0.207690258,-0.404400552,-0.162089594,-0.188616359,-0.748617429
SCPT,57348,19.5,20,19.75,271,19.34080366,0.166605807,0.109309519,1.653826991,2,1,272.2259344,331.4054853,264.6029809,267.0384013,460.9133424,-0.004513542,-0.201223836,0.023888304,0.014726348,-0.531091227
SCPT,196093,1.5,2,1.75,154,1.841700084,0.041988124,0.00982473,2.709606097,1,1,124.8560055,151.9986154,371.7024653,86.47307302,204.9472113,0.209791485,0.013081191,-0.881141107,0.577119531,-0.285799838
SCPT,196093,2,2.5,2.25,178,2.345077361,0.041305446,0.014130171,2.55715577,1,1,134.4381179,163.6637957,270.5006425,95.91948907,218.4014349,0.280679547,0.083969253,-0.418490923,0.618274366,-0.204551264
SCPT,196093,2.5,3,2.75,194,1.985859079,0.035485257,0.016867398,2.623552513,1,1,132.1038219,160.8220441,244.7810831,97.80125327,225.0455875,0.384270016,0.187559722,-0.232506114,0.684920768,-0.148444834
SCPT,196093,3,3.5,3.25,184,1.230534952,0.036830808,0.02155131,2.919262081,1,1,122.9675177,149.6995868,242.9985675,95.93373942,235.0888468,0.403015521,0.206305226,-0.278119791,0.651278019,-0.245027757
SCPT,196093,3.5,4,3.75,217,1.177491289,0.036075582,0.029495365,2.94123243,1,1,123.7818324,150.6909264,227.2671612,99.0320398,243.0362865,0.561376754,0.36466646,-0.046228893,0.784453921,-0.113313406
SCPT,196093,4,4.5,4.25,201,1.844077517,0.043183604,0.029945482,2.716431035,1,1,139.699805,170.0693278,223.3278938,111.0309423,257.6540926,0.363809038,0.167098744,-0.105336159,0.593495986,-0.248313051
SCPT,196093,4.5,5,4.75,223,2.397861454,0.051289453,0.03167652,2.596773337,1,1,150.8331856,183.6230085,222.3367227,120.645172,271.5356754,0.390997276,0.194286982,0.00297877,0.614317996,-0.19692176
SCPT,196093,5,5.5,5.25,270,2.101881541,0.056533149,0.032971687,2.706311542,1,1,150.5152385,183.2359425,221.6647765,122.7081116,281.7768348,0.584357628,0.387647333,0.197255734,0.7886135,-0.042693433
SCPT,196093,5.5,6,5.75,276,3.028047551,0.062477364,0.030778591,2.511754039,1,1,164.3461798,200.0736101,220.5808993,133.7518804,292.9042633,0.51842581,0.321715516,0.224136348,0.724414421,-0.059444944
SCPT,196093,6,6.5,6.25,302,2.813187764,0.063991269,0.029445091,2.562627353,1,1,164.269846,199.9806821,217.1081166,135.7165915,299.9217053,0.608916539,0.412206245,0.330031555,0.799858192,0.006905559
SCPT,196093,6.5,7,6.75,281,2.53621978,0.067108367,0.027909548,2.638317319,1,1,163.4689594,199.0056896,214.470757,137.139347,307.4825468,0.541731548,0.345021254,0.270181271,0.717357129,-0.090063658
SCPT,196093,7,7.5,7.25,292,2.503122718,0.064476573,0.028887287,2.634821936,1,1,163.8647942,199.4875755,208.6521994,139.1648905,311.4401103,0.57771214,0.381001846,0.336085054,0.74109431,-0.064453255
SCPT,196093,7.5,8,7.75,274,3.125110519,0.065663043,0.028798257,2.505496161,1,1,172.3053211,209.7629996,208.1545346,146.5956362,318.015135,0.46386008,0.267149786,0.274847348,0.625450084,-0.14897087
SCPT,196093,8,8.5,8.25,267,2.621444323,0.074467789,0.027824271,2.646960015,1,1,170.3036043,207.326127,208.1133348,146.9659755,327.9887224,0.449665907,0.252955612,0.249165848,0.597047558,-0.205730567
SCPT,196093,8.5,9,8.75,274,3.072514215,0.077729881,0.026868254,2.561668075,1,1,177.3055652,215.8502533,209.1170999,153.3901893,335.1635323,0.435253505,0.238543211,0.270233725,0.580143174,-0.201490463
SCPT,196093,9,9.5,9.25,284,2.765717837,0.077289469,0.028573144,2.621989327,1,1,174.9159984,212.9412154,204.1078636,153.3645083,339.3948716,0.484668389,0.287958095,0.330325641,0.616156743,-0.178190004
SCPT,196093,9.5,10,9.75,290,2.897619383,0.081334035,0.03474046,2.607792508,1,1,178.4215697,217.2088675,204.0295933,157.3382988,346.3541592,0.485731804,0.289021509,0.351615874,0.611482666,-0.17758091
SCPT,196093,10,10.5,10.25,292,3.595762746,0.084929248,0.038679213,2.489776318,1,1,187.4469703,228.1963117,207.597753,165.1706076,353.3070591,0.443257822,0.246547527,0.341151475,0.569774877,-0.190583732
SCPT,196093,10.5,11,10.75,293,2.691932151,0.08884407,0.043112309,2.676706589,1,1,179.5671677,218.6035085,200.2571984,161.1402013,358.9222484,0.489623278,0.292912984,0.380570077,0.597897807,-0.202933178
SCPT,196093,11,11.5,11.25,272,3.556296288,0.096295098,0.121028628,2.525183163,1,1,190.8360658,232.3221671,206.8198077,171.0059225,367.653108,0.354387301,0.157677007,0.273954146,0.464103876,-0.301337786
SCPT,196093,11.5,12,11.75,302,2.563553916,0.084507772,0.089477069,2.695136855,1,1,178.9547547,217.8579622,191.9856388,163.3371561,364.5801813,0.523294011,0.326583717,0.453006446,0.614610511,-0.188319486
SCPT,196093,12,12.5,12.25,267,3.384486653,0.090799048,0.093616341,2.540394464,1,1,190.2887944,231.6559236,199.3195538,173.0131043,372.6656679,0.33870577,0.141995475,0.292339323,0.433881319,-0.333433027
SCPT,196093,12.5,13,12.75,280,2.747475958,0.075122892,0.082766548,2.617229633,1,1,180.9492105,220.2859954,185.3322615,167.123496,366.7290485,0.436573216,0.239862922,0.412639381,0.516056567,-0.269833685
SCPT,196093,13,13.5,13.25,244,2.383541874,0.069012575,0.097111453,2.684468351,1,1,175.7704649,213.9814356,176.6336159,164.3379286,365.8693102,0.327989258,0.131278964,0.323090605,0.395243377,-0.405107968
SCPT,196093,13.5,14,13.75,268,2.720180114,0.073325819,0.107496555,2.619767295,1,1,181.9649206,221.522512,180.4025373,170.0817512,372.6007424,0.387173056,0.190462762,0.395796308,0.45470777,-0.32952047
SCPT,196093,14,14.5,14.25,266,2.29567301,0.067342288,0.129261957,2.700160388,1,1,175.4658341,213.6105807,170.6700462,166.4528013,371.3790879,0.416051962,0.219341668,0.443764171,0.468784515,-0.333727032
SCPT,196093,14.5,15,14.75,257,2.185376935,0.067136421,0.146522225,2.729554456,1,1,174.3771796,212.2852621,166.9249453,166.8266993,374.3483668,0.387855433,0.191145139,0.431531803,0.43212054,-0.376110741
SCPT,196093,15,15.5,15.25,246,2.975601234,0.072949097,0.164490308,2.563098627,1,1,186.9527545,227.5946577,177.4819845,177.2502492,382.4891801,0.274475601,0.077765306,0.326462428,0.327768965,-0.44136883
SCPT,196093,15.5,16,15.75,252,2.834071056,0.075487815,0.148804051,2.602513181,1,1,186.7503875,227.3482978,175.3617973,178.1015425,387.20322,0.299656189,0.102945894,0.362577835,0.347075236,-0.429520584
SCPT,196093,16,16.5,16.25,256,3.251748022,0.082683887,0.155109507,2.541834577,1,1,193.7949031,235.9242298,180.9737735,184.6379918,395.3263009,0.278377045,0.081666751,0.346825321,0.326780338,-0.434534058
SCPT,196093,16.5,17,16.75,266,3.023974139,0.077564004,0.14248353,2.570419011,1,1,190.9774978,232.4943451,175.2650523,183.2881998,394.860359,0.3313407,0.134630406,0.417196896,0.372436532,-0.395035872
SCPT,196093,17,17.5,17.25,256,3.627617838,0.090444458,0.152337377,2.501853295,1,1,201.0290636,244.731034,184.5752561,192.1348633,406.3819514,0.241727952,0.045017658,0.327120172,0.286979906,-0.46211604
SCPT,196093,17.5,18,17.75,254,3.174500336,0.086776222,0.1457674,2.57197237,1,1,196.2044402,238.8575794,177.0897064,189.3300269,406.7314983,0.258177089,0.061466795,0.360677847,0.293842601,-0.470818991
SCPT,196093,18,18.5,18.25,266,3.687280262,0.085840568,0.160923398,2.476543337,1,1,201.8358886,245.7132557,180.7694633,194.781318,409.47698,0.276041374,0.07933108,0.386273773,0.311618825,-0.431384378
SCPT,196093,18.5,19,18.75,259,4.401034931,0.093856659,0.142503407,2.392892273,1,1,210.6662356,256.4632434,188.6806394,202.8126786,417.6462578,0.206553002,0.009842708,0.316772215,0.244545274,-0.477806739
SCPT,196093,19,19.5,19.25,260,4.221088221,0.09089976,0.151925317,2.41051352,1,1,209.2353227,254.7212624,184.9097896,202.5386931,418.5611773,0.217222067,0.020511772,0.340813549,0.249750686,-0.47614143
SCPT,196093,19.5,20,19.75,266,4.482622853,0.092973609,0.140835273,2.379785365,1,1,212.5233075,258.7240266,186.6401693,206.1468717,422.7108545,0.224444644,0.02773435,0.354313774,0.254907425,-0.463192077
SCPT,196093,20,20.5,20.25,272,3.889078668,0.099217507,0.150467053,2.485400439,1,1,209.5706942,255.1295408,181.6423139,204.4822791,428.5523163,0.260740941,0.064030647,0.403762621,0.285320749,-0.454610756
SCPT,196093,20.5,21,20.75,268,4.537171977,0.097007102,0.157686805,2.384383499,1,1,215.1751423,261.9523472,185.8794225,210.1008002,430.4347747,0.219534668,0.022824374,0.365888783,0.243399564,-0.473808821
SCPT,196093,21,21.5,21.25,262,5.11791496,0.094237327,0.162496414,2.302790305,1,1,219.3067254,266.9821005,188.7510207,214.6795781,431.7927127,0.177873181,-0.018837113,0.327915708,0.199197922,-0.499601138
SCPT,196093,21.5,22,21.75,274,5.15197146,0.105817505,0.163022312,2.331282385,1,1,223.0046907,271.4839713,191.1836478,218.3691551,440.9563628,0.205935301,0.009225006,0.359893633,0.226941104,-0.475817814
SCPT,196093,22,22.5,22.25,275,4.686882621,0.103426664,0.158055048,2.381772918,1,1,219.6429718,267.3914439,185.4148789,216.3688999,441.8742668,0.224767725,0.028057431,0.394175195,0.239786277,-0.47425428
SCPT,196093,22.5,23,22.75,282,4.99309589,0.100308436,0.16623385,2.33478896,1,1,221.7669485,269.9771547,186.0866657,219.1454721,442.808194,0.240280022,0.043569728,0.415694561,0.252171305,-0.451229635
SCPT,196093,23,23.5,23.25,278,6.058336338,0.111573689,0.144684994,2.246583336,1,1,231.9031575,282.3168874,196.4386542,228.711287,452.1006148,0.181301254,-0.015409041,0.347270923,0.195160661,-0.486283641
SCPT,196093,23.5,24,23.75,281,4.662717737,0.111179902,0.160851908,2.407215481,1,1,223.1173768,271.6211544,183.7750206,221.4900889,453.4526776,0.230656683,0.033946389,0.424642374,0.237976826,-0.478536245
SCPT,196093,24,24.5,24.25,286,4.31405404,0.108409705,0.164610693,2.446568503,1,1,220.0902834,267.9359972,178.3912062,219.8364657,454.0951856,0.26195397,0.065243675,0.472012884,0.263107878,-0.462315025
SCPT,196093,24.5,25,24.75,286,4.341137752,0.116919745,0.185613083,2.464630649,1,1,222.5998485,270.99112,179.4201153,222.679012,460.9736536,0.250616052,0.053905758,0.466261742,0.250260485,-0.47734908
SCPT,196093,25,25.5,25.25,290,4.485457878,0.121613644,0.171734719,2.456179755,1,1,225.4342621,274.4417104,180.8489067,225.7138589,465.8017998,0.251852327,0.055142033,0.47221901,0.250612837,-0.473879298
SCPT,196093,25.5,26,25.75,294,4.775298012,0.116210577,0.185056831,2.404376439,1,1,227.177775,276.5642478,181.3423118,228.141062,465.5766715,0.257846907,0.061136612,0.483193297,0.253615637,-0.459697024
SCPT,196093,26,26.5,26.25,314,3.713618458,0.118436851,0.223008087,2.5642046,1,1,218.2480866,265.6933228,168.7149043,221.5563315,468.1312167,0.363760558,0.167050264,0.621182652,0.348716111,-0.399355648
SCPT,196093,26.5,27,26.75,313,3.670375575,0.12398999,0.270553947,2.585601061,1,1,219.1914921,266.8418165,167.9201356,223.1934697,473.1405773,0.35625745,0.159547155,0.622714707,0.338164218,-0.413189357
SCPT,196093,27,27.5,27.25,322,4.504782447,0.123171016,0.282292332,2.457374854,1,1,227.6184644,277.1007393,176.3624308,230.9347341,475.6738062,0.34688072,0.150170426,0.602010402,0.332416411,-0.390180793
SCPT,196093,27.5,28,27.75,312,5.38753856,0.131451314,0.268544243,2.362630084,1,1,236.4456285,287.8468521,185.461542,239.4534003,482.564686,0.277284907,0.080574613,0.520155648,0.264644361,-0.436111788
SCPT,57343,0,0.5,0.25,72,4.721934496,0.039623045,0,2.125188119,2,1,113.1596547,137.7595796,251.1590477,56.371094,123.1959192,-0.452133576,-0.64884387,-1.249420276,0.24470961,-0.537109808
SCPT,57343,0.5,1,0.75,83,9.515681225,0.071931966,0.002328288,1.851603568,2,1,151.465032,184.3922129,233.2928173,89.7652789,178.2188391,-0.601514179,-0.798224473,-1.033453783,-0.078357644,-0.764171621
SCPT,57343,1,1.5,1.25,101,13.17572544,0.086766587,0.008099798,1.703390374,2,1,170.4496826,207.5039614,235.1342521,110.6861059,209.2739695,-0.52331962,-0.720029914,-0.84503612,-0.091577804,-0.728523736
SCPT,57343,1.5,2,1.75,116,13.75251724,0.105303703,0.004098919,1.729629389,2,1,183.4082518,223.2796109,245.9951831,124.4695331,234.0887986,-0.458124361,-0.654834655,-0.751721764,-0.070470781,-0.702110333
SCPT,57343,2,2.5,2.25,129,14.52821231,0.108886488,0.003107154,1.70578195,2,1,190.9801142,232.4975303,247.484232,135.009082,250.8134942,-0.392356904,-0.589067198,-0.651534467,-0.045529646,-0.664897207
SCPT,57343,2.5,3,2.75,145,16.17438871,0.134956273,0.009163102,1.701089667,2,1,203.7913875,248.0938631,260.0567913,147.6461249,271.661745,-0.340363118,-0.537073412,-0.584166293,-0.01808462,-0.627823965
SCPT,57343,3,3.5,3.25,164,16.4859822,0.13585832,0.013675853,1.691529274,2,1,208.5768066,253.9195906,260.4992608,155.2173283,283.7438483,-0.240440922,-0.437151217,-0.462733596,0.055040175,-0.548205461
SCPT,57343,3.5,4,3.75,144,16.27321343,0.147247805,0.018399203,1.722892023,2,1,214.805446,261.5022821,265.2363193,162.3253888,297.3210905,-0.399919417,-0.596629711,-0.6108079,-0.119789594,-0.724999368
SCPT,57343,4,4.5,4.25,138,15.37637285,0.119840142,0.02330421,1.697228858,2,1,210.4407143,256.1886956,252.6872553,163.9028737,298.690017,-0.421950286,-0.61866058,-0.604898894,-0.172020334,-0.772152618
SCPT,57343,4.5,5,4.75,140,17.11507281,0.156834473,0.029974579,1.710742634,2,1,224.2072169,272.9479162,269.0301972,175.572485,318.430878,-0.470928277,-0.667638571,-0.653181208,-0.226409555,-0.821763005
SCPT,57343,5,5.5,5.25,155,16.60572237,0.142952584,0.034347405,1.701877913,2,1,223.2560291,271.7899485,263.0365811,178.3792017,322.6367202,-0.364894109,-0.561604403,-0.528867997,-0.140486514,-0.733101868
SCPT,57343,5.5,6,5.75,161,15.86446364,0.141978036,0.04023458,1.727764547,2,1,224.8245781,273.6994864,261.615215,181.6572815,329.7627991,-0.33391608,-0.530626375,-0.485470414,-0.120717478,-0.716969241
SCPT,57343,6,6.5,6.25,146,14.65442088,0.127271332,0.045083394,1.743923397,2,1,222.0251321,270.2914652,253.9683241,182.1541215,331.8602529,-0.419183961,-0.615894256,-0.553602929,-0.221246528,-0.821107333
SCPT,57343,6.5,7,6.75,170,12.20071548,0.118268745,0.050311158,1.835491342,2,1,218.4506034,265.939865,246.2498248,180.154583,334.7325098,-0.250761481,-0.447471775,-0.370548131,-0.05801684,-0.677533298
SCPT,57343,7,7.5,7.25,181.5,12.31163184,0.11807004,0.050668497,1.829527871,2,1,220.5322706,268.4740685,245.6791724,183.9900031,340.7989928,-0.194788382,-0.391498677,-0.302770854,-0.013625772,-0.630037186
SCPT,57343,7.5,8,7.75,185.5,12.56666046,0.131052089,0.059046241,1.847079545,2,1,226.1247733,275.2823328,250.542426,189.6279519,351.3937867,-0.198032059,-0.394742354,-0.300573389,-0.022009123,-0.638852612
SCPT,57343,8,8.5,8.25,207.5,16.31894025,0.177011655,0.056490169,1.776689206,2,1,243.8909251,296.9106914,272.0464325,205.418184,371.9518028,-0.161589757,-0.358300052,-0.27084142,0.010083516,-0.583632944
SCPT,57343,8.5,9,8.75,228,13.50190538,0.176361361,0.05610235,1.884104906,2,1,240.479592,292.7577642,265.4940139,203.1280661,376.8292062,-0.0532896,-0.249999895,-0.152246665,0.115508981,-0.502446422
SCPT,57343,9,9.5,9.25,225,8.8997716,0.119931145,0.064016429,1.997214932,2,1,216.4959059,263.5602332,233.7509547,188.1576288,362.3664137,0.038528765,-0.158181529,-0.03815585,0.17882034,-0.47655549
SCPT,57343,9.5,10,9.75,221.5,15.53477346,0.193442084,0.06766183,1.8343459,2,1,251.4058074,306.0592438,273.2876233,215.2561725,392.3922357,-0.126645807,-0.323356101,-0.210102216,0.028593771,-0.571839351
SCPT,57343,10,10.5,10.25,204,16.30892643,0.194946175,0.070407532,1.806726732,2,1,254.3351705,309.625425,274.5916051,219.9487051,397.9381768,-0.220532972,-0.417243267,-0.297164928,-0.075274367,-0.668176665
SCPT,57343,10.5,11,10.75,228.5,14.60130418,0.187182644,0.078242541,1.862150248,2,1,251.7287714,306.4524174,267.8033681,218.6233608,400.3178482,-0.096815994,-0.293526288,-0.1587168,0.044185775,-0.560722642
SCPT,57343,11,11.5,11.25,233.5,16.37050444,0.201559257,0.085266959,1.814993476,2,1,258.7315442,314.977532,275.019401,226.4703141,409.2144891,-0.102608938,-0.299319232,-0.163659567,0.030568204,-0.561057365
SCPT,57343,11.5,12,11.75,234,18.44633875,0.23199399,0.087873732,1.786360765,2,1,268.7761621,327.2057625,286.4291268,235.9402729,421.7520505,-0.138557807,-0.335268101,-0.202170014,-0.008257577,-0.589096468
SCPT,57343,12,12.5,12.25,262.5,17.12838694,0.217926419,0.092136482,1.811940508,2,1,265.7850021,323.5643504,279.2961851,234.9349159,422.542709,-0.012436637,-0.209146931,-0.062021732,0.11094256,-0.476039446
SCPT,57343,12.5,13,12.75,254,17.10210019,0.22487269,0.097682423,1.822787098,2,1,268.3960965,326.743074,280.0449846,238.1316135,428.5849519,-0.055129594,-0.251839889,-0.097615983,0.064510748,-0.523154706
SCPT,57343,13,13.5,13.25,263.5,15.26295697,0.199465649,0.101804517,1.854825888,2,1,261.9391722,318.8824705,268.3944922,234.4382887,425.7284537,0.005941058,-0.190769236,-0.018404516,0.116860976,-0.479748342
SCPT,57343,13.5,14,13.75,244.5,14.1970194,0.191457465,0.108900713,1.88642641,2,1,259.6774978,316.1291277,262.4907432,233.6145444,427.2282911,-0.060225159,-0.256935453,-0.071000509,0.045542798,-0.558103201
SCPT,57343,14,14.5,14.25,204,14.65893208,0.186045899,0.112339981,1.857823242,2,1,260.495099,317.1244683,261.7185674,236.474661,429.607562,-0.244464053,-0.441174347,-0.249149762,-0.147721067,-0.744752152
SCPT,57343,14.5,15,14.75,276,16.46611706,0.184030962,0.095937963,1.783236894,2,1,263.8967508,321.2656097,265.7490759,242.5657174,433.1346721,0.044842934,-0.15186736,0.037848326,0.129128192,-0.450647835
SCPT,57343,15,15.5,15.25,250,16.26901227,0.161450842,0.110256998,1.750416942,2,1,259.284284,315.6504328,258.7808459,241.7606386,429.3973355,-0.036464164,-0.233174458,-0.034520631,0.033512778,-0.540921762
SCPT,57343,15.5,16,15.75,201.5,17.53689091,0.18272395,0.121813864,1.742168606,2,1,267.0005134,325.0441033,266.9760659,249.1370213,440.1857708,-0.2814612,-0.478171494,-0.281369632,-0.21221365,-0.781407463
SCPT,57343,16,16.5,16.25,229,15.53947318,0.175543894,0.125710625,1.804280866,2,1,263.8078163,321.1573415,258.7617901,246.153955,440.9815908,-0.141498866,-0.33820916,-0.122185906,-0.07223517,-0.655281127
SCPT,57343,16.5,17,16.75,276,17.84592711,0.201152248,0.130660809,1.761319998,2,1,273.6172346,333.0992422,270.741108,256.1129606,452.7781204,0.00867069,-0.188039604,0.019237822,0.074782266,-0.495001339
SCPT,57343,17,17.5,17.25,256.5,17.21611894,0.192583693,0.134752423,1.769920465,2,1,271.9423192,331.0602147,266.2882514,255.9582032,453.4676339,-0.058461317,-0.255171612,-0.037450709,0.002114502,-0.569795233
SCPT,57343,17.5,18,17.75,259,17.6612085,0.200405364,0.139985877,1.766389342,2,1,275.1696477,334.9891363,268.5770758,259.8079006,459.2165743,-0.060559746,-0.257270041,-0.036309872,-0.003114452,-0.572693876
SCPT,57343,18,18.5,18.25,227.5,9.046455055,0.125497194,0.101831181,2.031272757,2,1,240.7053889,293.0326474,217.7684163,228.7170125,433.0080454,-0.056423495,-0.253133789,0.043718051,-0.005335248,-0.64360607
SCPT,57343,18.5,19,18.75,244.5,14.84497018,0.145272176,0.07966942,1.774997505,2,1,259.8775127,316.3726242,245.6251944,250.5029005,445.9853689,-0.060995106,-0.2577054,-0.004591465,-0.02425519,-0.601070837
SCPT,57343,19,19.5,19.25,240.5,19.23909138,0.185428734,0.127399595,1.689957862,2,1,276.1686465,336.2053088,267.9177854,267.3035396,464.3297716,-0.138291628,-0.335001922,-0.107960073,-0.105664775,-0.657874925
SCPT,57343,19.5,20,19.75,259.5,17.12274247,0.182146697,0.157842306,1.755912685,2,1,273.9313663,333.4816634,260.1199643,264.3447165,465.8679814,-0.054120885,-0.250831179,-0.002386223,-0.018497293,-0.58514559
SCPT,154032,0,1.25,0.625,213.58,7.736556631,0.060241004,0,2.038583248,6,1,144.7074129,176.1655462,262.6381477,76.4799543,156.5193949,0.389297608,0.192587313,-0.206765751,1.026982799,0.310831538
SCPT,154032,1.25,1.75,1.5,294.68,9.199238834,0.103850181,0.005822062,1.971788296,6,1,173.0797082,210.7057317,251.2162068,112.5512997,224.3176286,0.532137793,0.335427498,0.159576072,0.962480907,0.27282699
SCPT,154032,1.75,2.25,2,261.95,9.560957993,0.098233098,0.001344614,1.932025681,6,1,178.8197416,217.6935985,244.8799381,122.1063869,239.7080126,0.381775377,0.185065083,0.067385604,0.763260957,0.088732077
SCPT,154032,2.25,2.75,2.5,234.63,7.143842342,0.079500744,0.001145104,2.053248548,6,1,173.216561,210.8723352,232.8690259,122.4448822,246.2762572,0.303467196,0.106756902,0.00753363,0.650348817,-0.048444097
SCPT,154032,2.75,3.25,3,206.84,7.02573788,0.052887899,0.004843166,2.020149369,6,1,173.4276462,211.1293085,222.7694379,124.2452918,244.5941363,0.17618506,-0.020525235,-0.074191778,0.509687776,-0.167654703
SCPT,154032,3.25,3.75,3.5,256.09,6.458443176,0.071183355,0.007444322,2.083147409,6,1,175.84877,214.0767635,223.1102316,131.3324067,264.1920167,0.375904581,0.179194287,0.137862984,0.66779738,-0.03114723
SCPT,154032,3.75,4.25,4,216.4,5.435969634,0.034998993,0.013886182,2.064982574,6,1,165.675693,201.6921479,199.8742983,125.3569546,248.8729528,0.267096326,0.070386032,0.079439887,0.545963242,-0.139813989
SCPT,154032,4.25,4.75,4.5,213.05,6.756498122,0.074357132,0.018505269,2.068792486,6,1,183.5011802,223.3927411,222.0214579,142.2815329,283.2552194,0.149305781,-0.047404513,-0.041247154,0.403719159,-0.284821446
SCPT,154032,4.75,5.25,5,183.88,8.331236843,0.080804234,0.023624507,1.961779836,6,1,192.405825,234.2331783,226.7651363,152.0478972,294.5324221,-0.045323442,-0.242033737,-0.209631469,0.190087787,-0.471105718
SCPT,154032,5.25,5.75,5.5,195.02,11.11255348,0.10799732,0.027004343,1.867284795,6,1,208.5607397,253.9000309,242.6821903,166.7122797,313.990441,-0.067128199,-0.263838493,-0.218650611,0.156832667,-0.476260425
SCPT,154032,5.75,6.25,6,194.67,7.793233341,0.084691201,0.028128935,2.015997068,6,1,196.4986249,239.2157173,225.1833075,159.0475187,310.1829714,-0.009349616,-0.20605991,-0.145608953,0.2021028,-0.465856536
SCPT,154032,6.25,6.75,6.5,174.62,7.926100846,0.074773498,0.037474564,1.971562532,6,1,195.7531649,238.3082007,219.0412279,161.3480214,311.4870657,-0.114242318,-0.310952612,-0.226647783,0.079048528,-0.57874563
SCPT,154032,6.75,7.25,7,181.13,4.567119739,0.046932113,0.040763473,2.188499938,6,1,174.7148522,212.6963418,191.1801254,146.3692905,297.5217352,0.036059776,-0.160650518,-0.054001043,0.21308219,-0.496272276
SCPT,154032,7.25,7.75,7.5,192.05,6.551471673,0.049571487,0.049890841,1.984070521,6,1,185.8370472,226.2364053,199.1425134,157.8772571,305.7391075,0.032885555,-0.163824739,-0.036264961,0.195937877,-0.464976394
SCPT,154032,7.75,8.25,8,184.22,8.506104218,0.114081133,0.052673263,2.04662006,6,1,213.6768412,260.1283284,235.4747297,178.8492744,347.0095814,-0.14833409,-0.345044384,-0.245472907,0.029587287,-0.633221696
SCPT,154032,8.25,8.75,8.5,175,4.930394351,0.074018353,0.055359601,2.260967586,6,1,189.9964923,231.3000776,204.3116161,162.2217309,331.7633226,-0.082219636,-0.278929931,-0.154860384,0.075821865,-0.639635857
SCPT,154032,8.75,9.25,9,173.2,7.740255677,0.056658843,0.06467208,1.916261686,6,1,196.6801564,239.4367122,204.3572258,172.0218916,326.1899605,-0.127131842,-0.323842136,-0.165422573,0.006825251,-0.633032916
SCPT,154032,9.25,9.75,9.5,219.2,4.622858557,0.042739601,0.066258915,2.163580047,6,1,180.3437898,219.5489615,182.7556976,158.3861218,317.5699944,0.195119583,-0.001590712,0.18183428,0.324948694,-0.370713694
SCPT,154032,9.75,10.25,10,191.41,7.011046827,0.054092123,0.076212893,1.969547162,6,1,196.4485645,239.1547742,199.3291946,173.9594882,332.7473017,-0.025982914,-0.222693209,-0.040539978,0.095595279,-0.552965624
SCPT,154032,10.25,10.75,10.5,184.67,4.073684761,0.054991438,0.056528123,2.292777652,6,1,183.0788283,222.8785736,184.1688268,163.2975757,336.2501981,0.008653633,-0.188056662,0.002717575,0.122996295,-0.599285072
SCPT,154032,10.75,11.25,11,191.12,10.21297879,0.081473614,0.027538754,1.841183527,6,1,217.0001468,264.1740918,221.7583081,195.0953733,360.5143823,-0.126996527,-0.323706821,-0.148686584,-0.02058703,-0.634630348
SCPT,154032,11.25,11.75,11.5,199.88,8.362034119,0.14290918,0.074639302,2.117387183,6,1,228.924365,278.6905313,236.5283134,201.0783145,391.6432015,-0.135674478,-0.332384773,-0.168350733,-0.00597727,-0.672634039
SCPT,154032,11.75,12.25,12,201.73,7.323328923,0.101623089,0.01860245,2.099620777,6,1,216.8524968,263.9943439,217.8269634,194.0527882,378.348946,-0.072287214,-0.268997509,-0.076770832,0.038799944,-0.628886738
SCPT,154032,12.25,12.75,12.5,236.31,12.01826901,0.1685602,0.087556585,1.951623619,6,1,247.8726506,301.7580094,254.8926289,219.8207445,409.7695282,-0.047770606,-0.2444809,-0.075697891,0.072332086,-0.550450373
SCPT,154032,12.75,13.25,13,260.28,12.13206092,0.14938968,0.045723643,1.903757937,6,1,244.4694921,297.6150339,248.3646616,220.3138672,407.4398044,0.06266745,-0.134042844,0.046859899,0.166704776,-0.448135228
SCPT,154032,13.25,13.75,13.5,213.02,3.354032084,0.044719269,0.084761418,2.344312783,6,1,178.0660385,216.7760468,162.7927033,167.3849701,348.322426,0.179231574,-0.01747872,0.268908426,0.241089688,-0.491742504
SCPT,154032,13.75,14.25,14,210.03,3.145124525,0.045718168,0.044226746,2.408726064,6,1,177.9122361,216.5888092,159.9069215,167.8348837,352.3857879,0.165960004,-0.03075029,0.272658472,0.224269717,-0.517476186
SCPT,154032,14.25,14.75,14.5,203.11,3.351029051,0.043936326,0.018688677,2.35859015,6,1,181.1889399,220.5778398,162.5890302,170.471658,353.8619196,0.114207351,-0.082502943,0.222521974,0.17517865,-0.555159075
SCPT,154032,14.75,15.25,15,204.95,4.310768854,0.067341333,0.107612497,2.31701411,6,1,197.4818778,240.4127208,180.1738644,184.8795503,377.9880695,0.037119225,-0.159591069,0.128843749,0.103061514,-0.612096586
SCPT,154032,15.25,15.75,15.5,218.32,4.739979231,0.081168849,0.123085922,2.308939936,6,1,205.1906465,249.7973088,187.520883,192.0949442,390.7781606,0.062022347,-0.134687948,0.152071661,0.127972126,-0.582178158
SCPT,154032,15.75,16.25,16,210.95,5.173290826,0.075968676,0.124336497,2.238134592,6,1,207.3007533,252.3661345,187.8009401,195.1791284,390.8067126,0.017450485,-0.179259809,0.116238566,0.077703395,-0.616591958
SCPT,154032,16.25,16.75,16.5,195.73,4.381349089,0.071267251,0.112837513,2.322094482,6,1,201.4802426,245.2802953,178.8972186,191.1855872,390.1239339,-0.028955166,-0.225665461,0.089924715,0.023491541,-0.689728309
SCPT,154032,16.75,17.25,17,194.35,4.543008042,0.053772703,0.080781484,2.227625143,6,1,197.6232779,240.58486,172.4086974,189.3094868,379.0502291,-0.016701924,-0.213412218,0.119792851,0.026277485,-0.66800807
SCPT,154032,17.25,17.75,17.5,207.72,4.274944573,0.075729176,0.161338368,2.351966703,6,1,203.1257715,247.2835479,177.1890658,194.6306079,399.0412169,0.022365668,-0.174344627,0.158973688,0.065087576,-0.652873693
SCPT,154032,17.75,18.25,18,215.1,5.449833211,0.101527173,0.064512466,2.284606932,6,1,218.9410992,266.5369904,194.0425658,208.1446328,418.2588183,-0.017699704,-0.214409998,0.10302549,0.032869848,-0.664997387
SCPT,154032,18.25,18.75,18.5,228.47,6.099229799,0.10527979,0.024502851,2.225741614,6,1,224.513358,273.3206097,198.9271793,213.8071033,423.5130038,0.017469704,-0.17924059,0.138466086,0.066330688,-0.617179308
SCPT,154032,18.75,19,18.875,219.4,3.934590609,0.07603062,0.127610779,2.397650467,6,1,201.8763229,245.7624801,170.557684,196.4577593,406.6867997,0.083241301,-0.113468994,0.251822986,0.110449105,-0.617146807
SCPT,57357,0,0.5,0.25,63,2.349580722,0.055382648,0.033368141,2.63415332,2,1,105.444595,128.367333,335.7886145,53.36980999,130.129224,-0.515050923,-0.711761217,-1.673347112,0.165889496,-0.725393261
SCPT,57357,0.5,1,0.75,65,1.882919435,0.065126223,0.016726014,2.813245048,2,1,117.0671333,142.5165101,283.1602634,70.50274561,173.8342407,-0.588360289,-0.785070584,-1.471625769,-0.081264384,-0.983714936
SCPT,57357,1,1.5,1.25,75,2.319017875,0.046320008,0.072185641,2.617566296,2,1,127.2976836,154.971093,236.8581305,81.81348685,190.4128376,-0.529040195,-0.725750489,-1.149973243,-0.086953992,-0.931706431
SCPT,57357,1.5,2,1.75,96,1.775993083,0.012775019,0.069110587,2.468343432,2,1,113.3748176,138.0215171,175.5248842,77.80737316,175.2716998,-0.166351108,-0.363061403,-0.603432631,0.210111994,-0.601989149
SCPT,57357,2,2.5,2.25,99,2.23909622,0.010959653,0.065708339,2.313683851,2,1,120.7705563,147.025025,167.52345,85.24113081,183.53041,-0.198772666,-0.395482961,-0.526003491,0.149635777,-0.617260526
SCPT,57357,2.5,3,2.75,103,1.80267492,0.009279824,0.047550022,2.402468833,2,1,117.6224808,143.1925853,159.7369726,86.19909734,188.7261202,-0.132751192,-0.329461486,-0.438799553,0.178069282,-0.605567876
SCPT,57357,3,3.5,3.25,122.5,2.727257775,0.015918206,0.013620019,2.260107993,2,1,133.5645534,162.6003259,171.078088,100.2608299,211.8796296,-0.086473877,-0.283184171,-0.334009077,0.20033594,-0.547907299
SCPT,57357,3.5,4,3.75,118.5,2.908662954,0.020636245,0.006024698,2.27376465,2,1,140.1635206,170.6338511,176.3707205,107.6149075,227.3776563,-0.167896785,-0.364607079,-0.397675185,0.096353777,-0.651699359
SCPT,57357,4,4.5,4.25,115,4.486528049,0.027480162,0.009544583,2.078017873,2,1,155.6105579,189.43894,185.4074008,121.4700783,244.4085153,-0.302424334,-0.499134628,-0.477623442,-0.054735835,-0.75390894
SCPT,57357,4.5,5,4.75,135,5.330514733,0.036391784,0.01835973,2.036689857,2,1,165.785966,201.8263934,194.070104,131.475946,261.0894358,-0.205422817,-0.402133111,-0.362944676,0.026450864,-0.659588236
SCPT,57357,5,5.5,5.25,127.5,4.359464484,0.028284424,0.031430636,2.098076339,2,1,159.3117593,193.9447505,182.8789628,128.6183584,258.7866599,-0.222746668,-0.419456963,-0.360708164,-0.008733193,-0.707887651
SCPT,57357,5.5,6,5.75,127,1.782489691,0.01468536,0.014996976,2.486836018,2,1,132.2610356,161.0134346,154.5256617,109.8389847,241.5918934,-0.040590426,-0.23730072,-0.196173091,0.145171569,-0.643062825
SCPT,57357,6,6.5,6.25,121.5,4.232230909,0.023828449,0,2.07390252,2,1,159.2054661,193.8153501,175.5104511,132.547583,264.4667994,-0.270281345,-0.466991639,-0.367784329,-0.087027435,-0.777801459
SCPT,57357,6.5,7,6.75,150,7.78226201,0.050135489,0.049453398,1.884618771,2,1,187.3280356,228.0515216,205.1635874,157.2493724,298.3998567,-0.222225987,-0.418936281,-0.313172354,-0.04719761,-0.687799094
SCPT,57357,7,7.5,7.25,165,8.864912527,0.053407606,0.053444049,1.821721512,2,1,192.9167044,234.8551184,208.7026432,164.3074899,306.6570826,-0.156313039,-0.353023333,-0.234965005,0.004205863,-0.619784655
SCPT,57357,7.5,8,7.75,165.5,6.95601543,0.036626846,0.040408311,1.882369552,2,1,182.1999458,221.8086296,192.7764999,156.6614428,296.4282185,-0.096133492,-0.292843787,-0.152560292,0.054884133,-0.582833898
SCPT,57357,8,8.5,8.25,150,10.39090995,0.054888645,0.056330346,1.733182784,2,1,199.5760568,242.9621561,211.650527,174.6635383,318.3673102,-0.285560107,-0.482270401,-0.344301163,-0.152226191,-0.752570486
SCPT,57357,8.5,9,8.75,160,7.763841191,0.065277931,0.067479204,1.94783891,2,1,199.1459251,242.4385176,211.4296842,172.7182408,329.8020733,-0.218864033,-0.415574327,-0.278718666,-0.076487786,-0.723318881
SCPT,57357,9,9.5,9.25,152,5.031280823,0.055077346,0.077826804,2.144269364,2,1,184.1678153,224.2042969,194.4334694,162.4809288,326.1221442,-0.191966861,-0.388677155,-0.246209524,-0.066680113,-0.763391466
SCPT,57357,9.5,10,9.75,151,3.242391432,0.031124251,0.023038233,2.279925132,2,1,164.7043122,200.5095974,167.5522614,147.6100096,305.8696506,-0.086871982,-0.283582276,-0.104015474,0.022706111,-0.705879196
SCPT,57357,10,10.5,10.25,227,12.33355995,0.078322221,0.031450954,1.714748427,2,1,217.2289153,264.4525925,227.4768056,195.8747365,352.7230557,0.043998311,-0.152711983,-0.002098262,0.147474662,-0.440733187
SCPT,57357,10.5,11,10.75,218,18.95513138,0.141133859,0.025483851,1.616767815,2,1,245.3895634,298.7351207,263.947458,221.7370043,386.6350008,-0.11835194,-0.315062234,-0.191254998,-0.016996951,-0.572986035
SCPT,57357,11,11.5,11.25,208,18.02767404,0.132652649,0.021008338,1.628725753,2,1,243.5746817,296.5256995,259.3820121,221.8000582,387.8301875,-0.157885517,-0.354595811,-0.220763846,-0.064238257,-0.623029503
SCPT,57357,11.5,12,11.75,190,14.99590419,0.129973938,0.010314801,1.735341137,2,1,241.2811213,293.733539,252.4757453,218.2561933,390.5539239,-0.23893866,-0.435648954,-0.284291114,-0.138645499,-0.720541977
SCPT,57357,12,12.5,12.25,180,15.67067367,0.131179143,0.077208248,1.711042596,2,1,243.552429,296.4986092,253.7795851,222.3760832,395.3000752,-0.302375383,-0.499085677,-0.343509264,-0.211413166,-0.78668831
SCPT,57357,12.5,13,12.75,194,17.64548883,0.155406143,0.018588677,1.689181251,2,1,253.5837519,308.7106544,265.4648135,231.9820052,408.5794623,-0.267835991,-0.464546286,-0.313624144,-0.178801646,-0.744828259
SCPT,57357,13,13.5,13.25,237,17.51614224,0.135613155,0.05006495,1.652530562,2,1,249.010775,303.1435522,258.6349201,231.5963492,405.3139742,-0.049436027,-0.246146322,-0.087357351,0.023064159,-0.536601871
SCPT,57357,13.5,14,13.75,244,20.53579556,0.171259289,0.08667185,1.62536171,2,1,262.3492627,319.3817111,274.9174494,244.0992455,422.2328011,-0.072508455,-0.269218749,-0.119302643,-0.000406661,-0.548388598
SCPT,57357,14,14.5,14.25,235,20.41347077,0.178534773,0.087345026,1.641369022,2,1,265.2522479,322.91578,276.3997542,247.177211,428.3605796,-0.121095738,-0.317806032,-0.162262689,-0.050520019,-0.600379802
SCPT,57357,14.5,15,14.75,202,13.05243421,0.119994912,0.103736547,1.799018082,2,1,242.6576936,295.4093661,240.8535295,226.4041778,409.0078507,-0.183384085,-0.380094379,-0.17592129,-0.114054102,-0.705466653
SCPT,57357,15,15.5,15.25,206,12.83690206,0.116682938,0.118148292,1.79964978,2,1,242.1184149,294.7528529,238.3682551,227.4375249,410.9259743,-0.161550755,-0.35826105,-0.145940599,-0.098999416,-0.690536918
SCPT,57357,15.5,16,15.75,190,10.87348015,0.10500052,0.133711486,1.872651139,2,1,236.0141667,287.3215943,227.4249559,222.1140508,408.1514602,-0.21686776,-0.413578054,-0.179796248,-0.15616692,-0.764614259
SCPT,57357,16,16.5,16.25,209,11.72239104,0.102116763,0.136389757,1.819025666,2,1,237.7026983,289.377198,228.6785269,225.9692605,410.1351784,-0.128686474,-0.325396768,-0.089982953,-0.078064722,-0.674152557
SCPT,57357,16.5,17,16.75,191,11.08906076,0.101673867,0.142824922,1.8516972,2,1,237.2174154,288.7864188,225.645185,225.9855026,412.8908349,-0.216703657,-0.413413951,-0.16669036,-0.168197422,-0.770909808
SCPT,57357,17,17.5,17.25,200,10.89075161,0.080135574,0.139767579,1.798617059,2,1,230.2065882,280.2514987,216.5073277,222.8049277,403.2472007,-0.140659749,-0.337370043,-0.079307026,-0.107979258,-0.701232409
SCPT,57357,17.5,18,17.75,192,8.8783792,0.064545285,0.153725902,1.866678084,2,1,220.3779619,268.2862145,201.5391803,214.1912595,394.3133181,-0.137848709,-0.334559003,-0.048488434,-0.10937398,-0.719650445
SCPT,57357,18,18.5,18.25,193,3.066550638,0.061495991,0.225756632,2.459967608,2,1,184.8575241,225.0439424,153.8101507,184.4721703,391.5136415,0.043104801,-0.153605494,0.226971135,0.045191575,-0.70733017
SCPT,57357,18.5,19,18.75,189,1.097877723,0.026607124,0.508298892,2.913042767,2,1,140.3779661,170.8949153,97.73852595,149.5404877,350.84641,0.297408472,0.100698178,0.659451205,0.234179838,-0.618601534
SCPT,57357,19,19.5,19.25,191,2.415640467,0.045707841,0.263998859,2.540707208,2,1,173.944161,211.7581091,138.067917,176.5059373,381.1481192,0.093539094,-0.1031712,0.324527712,0.078918913,-0.690914636
SCPT,57357,19.5,20,19.75,191,10.2637629,0.048850603,0.02219893,1.713340671,2,1,219.0434894,266.6616392,198.8152959,220.1534341,391.1257523,-0.136996864,-0.333707158,-0.040102804,-0.142051303,-0.716755697
SCPT,192478,0,1.5,0.75,283,2.455926805,0.10562005,0.02826059,2.785226648,8,2,124.2875926,151.3066344,325.3704131,70.75486566,173.2670118,0.822848723,0.626138428,-0.139517368,1.386225591,0.490613072
SCPT,192478,1.5,2,1.75,206,1.62302199,0.066865353,0.417536223,2.9102486,8,2,124.1603315,151.1517079,234.9116215,88.25682135,217.5231587,0.506302443,0.309592148,-0.131333196,0.84762518,-0.054429153
SCPT,192478,2,2.5,2.25,171,1.194913206,0.061230007,0.326147656,3.073636611,8,2,119.1707286,145.0774087,217.6808673,89.93527975,228.7246766,0.361106398,0.164396104,-0.241366522,0.642573259,-0.290855438
SCPT,192478,2.5,3,2.75,166,0.819781746,0.034204195,0.271975673,3.150243488,8,2,107.1046705,130.3882945,179.5727939,85.83946486,222.5108206,0.438181203,0.241470909,-0.078592874,0.659508924,-0.292987944
SCPT,192478,3,3.5,3.25,168,1.13116358,0.027994544,0.557753576,2.907146376,8,2,113.87254,138.62744,171.8990738,92.64394957,226.7114722,0.388884227,0.192173933,-0.022943545,0.595200333,-0.299714182
SCPT,192478,3.5,4,3.75,148,0.842751117,0.014721925,0.493735952,2.934752916,8,2,103.2442629,125.6886679,144.6637073,87.60943378,215.7713959,0.360114609,0.163404314,0.022800485,0.52432359,-0.377007221
SCPT,192478,4,4.5,4.25,218,1.147940307,0.027929758,0.521276308,2.89683906,8,2,118.3459003,144.0732699,164.3416054,100.0212582,242.611264,0.610883368,0.414173074,0.282547841,0.779112318,-0.106965363
SCPT,192478,4.5,5,4.75,303,2.71177105,0.065098886,1.067809645,2.587525175,8,2,152.9015256,186.1409877,201.018839,125.2558415,280.3387836,0.683938715,0.487228421,0.410334176,0.883374428,0.077733992
SCPT,192478,5,5.5,5.25,210,3.274417622,0.068765978,1.392793316,2.489142316,8,2,160.5639694,195.4691801,201.0245266,132.9406627,289.994082,0.268415104,0.07170481,0.043680607,0.457204647,-0.322752985
SCPT,192478,5.5,6,5.75,173,1.650828878,0.032617047,0.70248327,2.716774516,8,2,134.040066,163.1792107,163.9006089,116.1268074,267.9661503,0.25515284,0.058442545,0.054031394,0.398608833,-0.437569073
SCPT,192478,6,6.5,6.25,170,1.086181564,0.017967188,0.497204859,2.828647906,8,2,118.6528707,144.446973,138.4166743,106.4957085,252.4853737,0.35959626,0.162885966,0.205529922,0.467693749,-0.395554884
SCPT,192478,6.5,7,6.75,182,1.400010598,0.014226736,0.517815486,2.632120316,8,2,124.064853,151.0354732,135.8290428,110.6846381,250.226658,0.38320225,0.186491956,0.292609631,0.497321627,-0.318360452
SCPT,192478,7,7.5,7.25,230,15.36587553,0.18808943,0.051153584,1.831406787,8,2,241.1177109,293.5346046,277.5674747,197.5169584,362.7867508,-0.047205932,-0.243916227,-0.187984747,0.152254863,-0.455735889
SCPT,192478,7.5,8,7.75,270,8.067945611,0.166941856,0.033881201,2.163890863,8,2,219.3541448,267.0398285,258.0707741,181.5806497,361.5576722,0.207734436,0.011024141,0.045188093,0.396722053,-0.291999606
SCPT,192478,8,8.5,8.25,332,3.986011884,0.051869133,0.611326285,2.297237179,8,2,173.8324397,211.6221005,186.4985795,151.4916063,313.8975781,0.647043124,0.45033283,0.576711347,0.78460475,0.05606822
SCPT,192478,8.5,9,8.75,302,2.441475686,0.027606936,0.83977238,2.441967433,8,2,150.6838062,183.4411553,154.9626101,136.1777377,292.4649719,0.695243375,0.498533081,0.667243155,0.79646609,0.032082112
SCPT,192478,9,9.5,9.25,366,12.9397959,0.504904373,0.232197836,2.281968794,8,2,281.7782306,343.0343677,336.5376648,223.8074061,438.1529153,0.261512988,0.064802694,0.083923259,0.491847446,-0.179934638
SCPT,192478,9.5,10,9.75,269,6.357654439,0.291770339,0.194631751,2.524120512,8,2,234.4152081,285.375036,271.0897156,195.8939692,411.3065689,0.137617443,-0.059092851,-0.00773844,0.31713784,-0.424627467
SCPT,192478,10,10.5,10.25,153,4.013724223,0.14704045,1.035063425,2.581364432,8,2,198.2088057,241.2976766,216.1243705,175.628586,379.7476138,-0.258883128,-0.455593422,-0.34541611,-0.137933537,-0.909068937
SCPT,192478,10.5,11,10.75,152,3.453107577,0.237376599,0.371082203,2.821919715,8,2,205.5754303,250.2657412,232.003182,181.2183244,408.5882651,-0.301932503,-0.498642797,-0.422870566,-0.175821996,-0.988827441
SCPT,192478,11,11.5,11.25,230,1.76195601,0.047427875,0.744420025,2.768980444,8,2,152.156514,185.234017,148.4928364,145.7345033,333.5777337,0.413169621,0.216459327,0.437542592,0.456292813,-0.371796614
SCPT,192478,11.5,12,11.75,246,2.752736658,0.077867699,0.740703626,2.62969127,8,2,176.4916335,214.85938,176.0719621,163.9034237,360.9123728,0.332058063,0.135347769,0.334438749,0.406054161,-0.383303658
SCPT,192478,12,12.5,12.25,181,2.911650953,0.077634034,0.603081338,2.593484115,8,2,179.7625292,218.8413399,176.7839905,167.1174025,364.7472121,0.006860334,-0.18984996,0.023568437,0.079800457,-0.700707513
SCPT,192478,12.5,13,12.75,159,2.498285377,0.080952209,0.927956505,2.700717913,8,2,174.2288766,212.1047193,168.6617505,165.8766923,370.0488722,-0.091465615,-0.28817591,-0.058991031,-0.042340493,-0.844730882
SCPT,192478,13,13.5,13.25,164,3.045327227,0.135285357,0.992902665,2.727174312,8,2,191.5636944,233.2079758,189.8625541,180.0212575,400.050997,-0.155353933,-0.352064227,-0.146433983,-0.093208513,-0.891725604
SCPT,192478,13.5,14,13.75,210,2.922438995,0.121742189,0.64838745,2.729730166,8,2,190.0969673,231.422395,184.0796325,179.2331296,398.1971555,0.099573234,-0.09713706,0.131739082,0.158420172,-0.639839717
SCPT,192478,14,14.5,14.25,218,1.874375588,0.024685533,1.089538411,2.574291363,8,2,148.3015562,180.541025,125.3920992,148.7429028,325.466245,0.38524732,0.188537026,0.553049441,0.382275732,-0.400763692
SCPT,192478,14.5,15,14.75,251,4.579004179,0.076226456,0.268448897,2.326467242,8,2,199.0711574,242.3474959,183.7176386,187.5435093,382.6681655,0.231790604,0.035080309,0.312052933,0.291442071,-0.421715266
SCPT,192478,15,15.5,15.25,232,2.312197467,0.034749846,0.435923272,2.543442653,8,2,163.4321981,198.9609368,140.0023296,160.7237728,346.688768,0.350339158,0.153628864,0.505078309,0.367050177,-0.401690084
SCPT,192478,15.5,16,15.75,285,2.416752183,0.036430226,1.225424732,2.512298594,8,2,163.3741175,198.89023,137.9005133,163.8488946,351.7977759,0.55644641,0.359736116,0.725956673,0.553544551,-0.21056733
SCPT,192478,16,16.5,16.25,296,11.99776664,0.280789925,0.053464908,2.11142425,8,2,274.3663561,334.0112161,272.5053975,246.6246197,467.9250223,0.075895175,-0.120815119,0.082701033,0.182492032,-0.45794862
SCPT,192478,16.5,17,16.75,314,19.23439608,0.386093477,0.006963241,1.929928457,8,2,306.5526896,373.1945786,312.5225291,273.3331154,493.1779274,0.024003338,-0.172706956,0.004716426,0.138701732,-0.451477031
SCPT,192478,17,17.1,17.05,316,20.287,0.389,0.002,1.902485215,8,2,309.2407731,376.4670281,315.2675473,276.6635194,495.7952958,0.021622039,-0.175088255,0.002320579,0.132940177,-0.450420918
SCPT,156311,0,1,0.5,355,12.9572837,0.095959105,0.000726284,1.736588965,5,1,148.4750673,180.7522559,251.3027545,79.73224145,156.4396494,0.871700742,0.674990448,0.345459384,1.49344375,0.819447481
SCPT,156311,1,1.5,1.25,188,17.45369685,0.091218805,0.001410474,1.543257588,5,1,174.237349,212.1150336,233.9052122,116.0016593,211.5137836,0.076023518,-0.120686776,-0.218473995,0.482837467,-0.117848204
SCPT,156311,1.5,2,1.75,196,7.639605473,0.09296401,0.000986408,2.053499914,5,1,170.1590528,207.1501513,244.6878395,113.3710632,229.6617169,0.141381055,-0.05532924,-0.221868614,0.547448475,-0.158492771
SCPT,156311,2,2.5,2.25,174,6.884042184,0.084281559,0.001931789,2.09363524,5,1,171.5019235,208.7849503,237.3663651,118.8395192,241.5353205,0.014460817,-0.182249477,-0.310549492,0.381281294,-0.327960418
SCPT,156311,2.5,3,2.75,192,6.154879478,0.087074614,0.005607562,2.16915728,5,1,173.7652412,211.5402936,236.2894687,124.0065089,255.0266562,0.099790172,-0.096920122,-0.207562243,0.437161317,-0.283872702
SCPT,156311,3,3.5,3.25,156,3.668221541,0.043857086,0.006569143,2.308121166,5,1,153.0488046,186.3202838,201.2048445,113.9129795,242.4376186,0.019099153,-0.177611142,-0.254467509,0.314421188,-0.440888427
SCPT,156311,3.5,4,3.75,137,4.921888719,0.040446813,0.009812645,2.105792249,5,1,160.9393319,195.9261432,197.7021813,122.8421708,249.3015815,-0.161046547,-0.357756842,-0.366780838,0.109080558,-0.598682408
SCPT,156311,4,4.5,4.25,184,5.950787975,0.061071424,0.007958351,2.094396728,5,1,175.3022007,213.4113748,213.123544,135.2706698,271.8752178,0.048424412,-0.148285882,-0.146936259,0.307658025,-0.390407445
SCPT,156311,4.5,5,4.75,176,5.738811765,0.07079228,0.006885429,2.145029613,5,1,179.0692441,217.9973407,217.5067256,140.5083532,284.9876234,-0.017288575,-0.213998869,-0.211745777,0.225217054,-0.481961758
SCPT,156311,5,5.5,5.25,156,1.500330749,0.017959351,0.013299399,2.642656686,5,1,128.8533725,156.8649753,154.3737593,106.2804968,242.1475839,0.191180896,-0.005529398,0.010479337,0.383774212,-0.439691384
SCPT,156311,5.5,6,5.75,137,4.05226258,0.030921284,0.007037634,2.160371931,5,1,160.8620503,195.8320613,180.5500322,131.5731617,267.886963,-0.160566242,-0.357276536,-0.276027,0.040417866,-0.670584186
SCPT,156311,6,6.5,6.25,212,6.72701902,0.066733039,0.00651708,2.044212409,5,1,188.7934517,229.8355065,212.9876275,154.4070287,303.513727,0.115932705,-0.080777589,-0.004647803,0.316994115,-0.358840564
SCPT,156311,6.5,7,6.75,199,4.867601501,0.037857194,0.006244588,2.102489135,5,1,172.0990333,209.5118666,187.1334042,143.6469415,286.8097728,0.145234738,-0.051475556,0.061483071,0.325946331,-0.365514359
SCPT,156311,7,7.5,7.25,163,4.785683095,0.038650374,0.005439299,2.114775037,5,1,173.3893646,211.0827048,186.3302072,146.4244413,292.7959659,-0.061789527,-0.258499822,-0.133770206,0.107240664,-0.585725804
SCPT,156311,7.5,8,7.75,190,5.689083287,0.067854382,0.005281772,2.152230323,5,1,190.2050842,231.5540156,207.3912889,160.2395956,320.7941906,-0.001078809,-0.197789103,-0.087583221,0.170353905,-0.523775695
SCPT,156311,8,8.5,8.25,212,6.475699788,0.051905552,0.003548335,2.012155438,5,1,189.7335259,230.9799445,200.2495558,162.4656678,315.0555456,0.110965682,-0.085744612,0.057021907,0.26611957,-0.396162684
SCPT,156311,8.5,9,8.75,196,10.1853584,0.09997882,0.002742481,1.898395055,5,1,216.7410411,263.8586587,232.7968197,186.1318147,349.3976096,-0.100588623,-0.297298917,-0.172051395,0.051659555,-0.578095897
SCPT,156311,9,9.5,9.25,195,7.271618946,0.073710222,0.003406125,2.026273554,5,1,202.7469034,246.8223172,212.40314,175.5780525,339.730806,-0.038958861,-0.235669156,-0.085486514,0.104915871,-0.555153999
SCPT,156311,9.5,10,9.75,196,6.392276447,0.054270305,0.003843835,2.025989938,5,1,193.9230544,236.0802401,197.7658539,170.5025826,330.5375814,0.010653206,-0.186057088,-0.008969115,0.139364215,-0.522605704
SCPT,156311,10,10.5,10.25,172,7.318566708,0.040972386,0.006129224,1.870791849,5,1,191.4174416,233.0299289,191.816661,172.2269964,323.0595852,-0.106962124,-0.303672419,-0.109045548,-0.001318877,-0.630342304
SCPT,156311,10.5,11,10.75,192,9.85489655,0.081837465,0.001409179,1.864841676,5,1,215.9252391,262.8655085,221.3059933,192.9298546,358.5362024,-0.117436861,-0.314147155,-0.142050957,-0.004831303,-0.624534266
SCPT,156311,11,11.5,11.25,165,5.965065045,0.037293674,0.000745127,1.977971153,5,1,187.9118419,228.7622424,183.2936724,170.2795944,326.2454304,-0.130027453,-0.326737747,-0.10514416,-0.031496285,-0.681704478
SCPT,156311,11.5,12,11.75,169,5.007444914,0.018317472,0.000826222,1.938265204,5,1,173.0797473,210.7057794,162.3786299,158.4316054,300.345228,-0.023853741,-0.220564035,0.039967885,0.064575727,-0.575033858
SCPT,156311,12,12.5,12.25,192,3.229426335,0.012004923,0.000880804,2.120615753,5,1,158.7986898,193.3201441,143.3445768,145.2821208,286.3748122,0.189858074,-0.006852221,0.292244013,0.278817859,-0.399806113
SCPT,156311,12.5,13,12.75,226,9.575345169,0.040598893,0.008836483,1.722214936,5,1,202.7705566,246.8511123,198.051344,190.07931,341.6757765,0.108459923,-0.088250372,0.132008689,0.173093593,-0.413327266
SCPT,156311,13,13.5,13.25,242,15.82678371,0.186623696,0.007233448,1.812157752,5,1,260.2904656,316.8753495,269.4134618,234.4171986,422.2552432,-0.072860457,-0.269570751,-0.107309506,0.031835298,-0.556672247
SCPT,156311,13.5,14,13.75,215,12.16072757,0.07185625,0.00211561,1.716171719,5,1,224.23717,272.9843809,221.9996016,210.6590228,375.7624558,-0.042066258,-0.238776552,-0.032037559,0.020397208,-0.558319149
SCPT,156311,14,14.5,14.25,222,10.77536905,0.025492456,0.007511422,1.593774843,5,1,200.7040471,244.3353617,194.3801043,191.8556401,331.0875154,0.100845961,-0.095864333,0.132861839,0.145934167,-0.399705356
SCPT,156311,14.5,15,14.75,240,11.38507876,0.098327508,0.008567606,1.82852215,5,1,233.4955756,284.2554833,228.3663466,218.3939736,398.2204187,0.027475795,-0.1692345,0.049687801,0.094338273,-0.506366745
SCPT,156311,15,15.5,15.25,260,10.92683358,0.069709127,0.015040124,1.760476658,5,1,222.8352577,271.277705,214.4019112,212.9598165,383.9145961,0.154248887,-0.042461407,0.192829288,0.199578138,-0.389738491
SCPT,156311,15.5,16,15.75,320,10.63068854,0.043074126,0.022365467,1.671869352,5,1,211.1200528,257.0157164,200.6682726,205.6466144,363.5062024,0.415894054,0.219183759,0.466667836,0.442161764,-0.127475364
SCPT,156311,16,16.5,16.25,347,15.49387945,0.147950451,0.033394385,1.75672967,5,1,257.3017846,313.2369552,254.9947622,242.6235877,431.3438721,0.299075125,0.10236483,0.308081776,0.357813559,-0.217580839
SCPT,156311,16.5,17,16.75,311,12.10683392,0.135150842,0.037980564,1.880007366,5,1,249.2227827,303.4016485,239.6808756,234.3709745,428.7975487,0.221445706,0.024735412,0.260484559,0.282887691,-0.321191981
SCPT,156311,17,17.5,17.25,298,13.5455845,0.076633372,0.042577215,1.654041084,5,1,232.656432,283.2339172,223.7435563,229.1007638,401.618021,0.247530662,0.050820368,0.286592928,0.262931563,-0.298407954
SCPT,156311,17.5,18,17.75,262,17.88961125,0.090563319,0.031701591,1.528597005,5,1,242.5371994,295.2626775,240.6206824,243.7207771,414.2632062,0.077189406,-0.119520889,0.085122742,0.07232129,-0.458157032
SCPT,156311,18,18.5,18.25,292,17.01233254,0.098070641,0.026496663,1.580268981,5,1,245.9376282,299.40233,240.7403106,245.4555549,421.3699443,0.171675842,-0.025034452,0.193034999,0.173637911,-0.366757373
SCPT,156311,18.5,19,18.75,287,19.48009211,0.090081471,0.024317123,1.475597243,5,1,244.5588676,297.7238388,243.7111459,250.4058403,420.0213934,0.160026168,-0.036684126,0.16349852,0.136399253,-0.380823431
SCPT,57339,0,0.5,0.25,50.8,1.589416892,0.054082916,0.002686152,2.864304309,2,1,96.63706776,117.645126,376.6931459,49.45107686,127.2511125,-0.643066037,-0.839776331,-2.003534565,0.02691252,-0.918266044
SCPT,57339,0.5,1,0.75,51,0.693312483,0.04034407,0.004780992,3.290808426,2,1,91.04441592,110.8366802,248.1599162,58.67620479,162.1390191,-0.579521842,-0.776232136,-1.582247729,-0.140208642,-1.156628477
SCPT,57339,1,1.5,1.25,55,0.545486536,0.021621217,0.004572547,3.284895656,2,1,88.21214808,107.388702,195.860522,62.35255707,170.6198958,-0.472411502,-0.669121796,-1.270069598,-0.125471498,-1.132105065
SCPT,57339,1.5,2,1.75,78,1.522257715,0.011531124,0.014990677,2.535709662,2,1,109.0513067,132.7581125,173.0469126,75.45479569,172.7558087,-0.335109648,-0.531819943,-0.796853902,0.033175082,-0.79517026
SCPT,57339,2,2.5,2.25,90,3.525977805,0.015869029,0.03464303,2.114388694,2,1,132.8996899,161.7909268,176.1752283,93.84033017,193.2258934,-0.389784962,-0.586495256,-0.671669445,-0.041785052,-0.764050266
SCPT,57339,2.5,3,2.75,93,0.942495003,0.010664939,0.071243247,2.783065913,2,1,104.6540723,127.4049575,159.7082735,79.4257898,191.2503825,-0.118060868,-0.314771162,-0.540749367,0.157776369,-0.72098398
SCPT,57339,3,3.5,3.25,88,0.340025734,0.006531926,0.021432863,3.302540104,2,1,83.50603937,101.6595262,129.8650701,68.99468411,185.8262835,0.052417857,-0.144292437,-0.389159175,0.243307355,-0.747475463
SCPT,57339,3.5,4,3.75,72,0.39943968,0.011897213,0.058584255,3.331424634,2,1,89.43478766,108.8771328,136.2611275,77.24265091,208.580204,-0.216843611,-0.413553905,-0.637906981,-0.070285658,-1.06365752
SCPT,57339,4,4.5,4.25,66,0.592287451,0.027487341,0.074585894,3.295474146,2,1,105.1897096,128.0570378,161.8894066,90.75035126,240.7818142,-0.466110736,-0.662821031,-0.897258685,-0.318457602,-1.294236446
SCPT,57339,4.5,5,4.75,67,0.96496239,0.041410869,0.088760673,3.097518408,2,1,122.8210893,149.5213261,182.7724885,103.9006479,262.1748419,-0.606036119,-0.802746413,-1.003549528,-0.438742514,-1.364318997
SCPT,57339,5,5.5,5.25,75,1.808471051,0.016754854,0.02079612,2.509574402,2,1,132.5883968,161.4119614,162.8566036,108.493245,240.1880055,-0.569761455,-0.76647175,-0.775381967,-0.369199799,-1.163933859
SCPT,57339,5.5,6,5.75,111,1.986689912,0.0121741,0.014283922,2.393761983,2,1,133.3451263,162.3331973,153.3260053,109.8447208,235.9623519,-0.183410501,-0.380120795,-0.323036207,0.010462462,-0.754142065
SCPT,57339,6,6.5,6.25,112,1.245295479,0.018258388,0.011714002,2.74780594,2,1,126.9486033,154.5461258,154.8769404,108.7094969,253.1670775,-0.125283435,-0.321993729,-0.324131997,0.029819713,-0.815550785
SCPT,57339,6.5,7,6.75,149,4.381378832,0.022587625,0.010864286,2.045130185,2,1,160.974973,195.9695324,174.7181425,135.4942409,267.8777476,-0.0773026,-0.274012894,-0.159227755,0.095017169,-0.586584405
SCPT,57339,7,7.5,7.25,182,2.688097556,0.020038808,0.005127798,2.285157298,2,1,148.2134729,180.4337931,161.9451981,127.5547487,267.591949,0.205353068,0.008642774,0.116748693,0.355461013,-0.385456555
SCPT,57339,7.5,8,7.75,108.5,1.067987628,0.021485475,0.030584511,2.847532338,2,1,126.3051473,153.7627881,144.6934489,114.4322434,272.7610624,-0.15195061,-0.348660905,-0.287867186,-0.053232714,-0.92184601
SCPT,57339,8,8.5,8.25,124,6.925252737,0.021791138,0.051599955,1.78077534,2,1,174.3576463,212.2614824,178.6845094,152.5903443,281.4933359,-0.340827062,-0.537537357,-0.365340168,-0.207475277,-0.819827208
SCPT,57339,8.5,9,8.75,143,5.694227117,0.024110922,0.019283823,1.912506815,2,1,173.4538928,211.1612608,177.1420934,152.0715302,289.0847615,-0.193067186,-0.38977748,-0.214107568,-0.061506374,-0.703875307
SCPT,57339,9,9.5,9.25,161,7.082041694,0.046291622,0.047235686,1.922580012,2,1,191.1679963,232.7262564,198.6439698,168.2361964,319.64496,-0.171748238,-0.368458533,-0.210109761,-0.043964558,-0.685806515
SCPT,57339,9.5,10,9.75,160,9.424647021,0.066413765,0.027089167,1.823093603,2,1,205.1681248,249.769891,215.7603433,183.3013108,340.2171785,-0.248655949,-0.445366243,-0.298994455,-0.135957491,-0.754410359
SCPT,57339,10,10.5,10.25,197,14.98897728,0.090801704,0.016449171,1.637070086,2,1,224.8953651,273.7856618,237.8437456,203.9399011,360.0871947,-0.132431521,-0.329141816,-0.188410198,-0.034621619,-0.603142481
SCPT,57339,10.5,11,10.75,191,14.84366024,0.088283575,0.019504326,1.633926124,2,1,224.9572595,273.8610116,236.4321092,205.8903839,363.1012319,-0.163636999,-0.360347293,-0.213387674,-0.075070482,-0.642408243
SCPT,57339,11,11.5,11.25,188,17.13050699,0.114437093,0.044422525,1.618807494,2,1,237.3599891,288.9599868,251.0726496,217.492795,380.3103737,-0.233135967,-0.429846262,-0.289300375,-0.145723761,-0.704545729
SCPT,57339,11.5,12,11.75,180,11.54285275,0.105458453,0.08826229,1.828029521,2,1,228.0135521,277.5817156,236.0528427,206.5690693,379.3492158,-0.236448215,-0.433158509,-0.271098839,-0.137677981,-0.745500344
SCPT,57339,12,12.5,12.25,171,7.783228733,0.062235626,0.049867499,1.934194709,2,1,206.5300351,251.4278688,205.4802804,188.9926557,356.9278916,-0.188782294,-0.385492588,-0.183686514,-0.100044599,-0.73587022
SCPT,57339,12.5,13,12.75,166,6.282813716,0.07166718,0.0220319,2.097244935,2,1,205.3787058,250.0262505,203.2527663,187.4877839,366.655802,-0.212867832,-0.409578126,-0.20246257,-0.121725902,-0.79243575
SCPT,57339,13,13.5,13.25,209,16.42002448,0.147612519,0.029396395,1.71758401,2,1,251.4379121,306.0983277,261.1713485,231.0716,409.6101194,-0.184861837,-0.381572131,-0.222842448,-0.100393367,-0.672871527
SCPT,57339,13.5,14,13.75,246,19.27099776,0.2197868,0.114657098,1.741830443,2,1,272.4741878,331.7077069,286.2273852,246.9356658,435.9461485,-0.10221235,-0.298922644,-0.151455012,-0.003796305,-0.572187187
SCPT,57339,14,14.5,14.25,256,16.14360867,0.171428649,0.101472361,1.772716843,2,1,259.3071562,315.6782771,266.0546676,238.1597794,425.3654325,-0.012835846,-0.20954614,-0.038524361,0.072235654,-0.507771196
SCPT,57339,14.5,15,14.75,178,16.77626454,0.176002062,0.024494362,1.758023701,2,1,262.4918215,319.5552609,268.324799,242.3195399,430.689627,-0.388436375,-0.585146669,-0.410414633,-0.308473718,-0.883604157
SCPT,57339,15,15.5,15.25,163,14.52169734,0.152608688,0.123205158,1.803377266,2,1,254.6987144,310.0680001,255.2862406,236.7281033,425.9064957,-0.446331134,-0.643041428,-0.448635227,-0.373162038,-0.960469628
SCPT,57339,15.5,16,15.75,203,8.991456482,0.127305497,0.144493982,2.031410325,2,1,235.6872929,286.9236609,228.0331689,219.6007958,417.9129334,-0.149299917,-0.346010211,-0.116285117,-0.078605355,-0.722067139
SCPT,57339,16,16.5,16.25,132,0.95600839,0.022048525,0.204231193,2.934191021,2,1,132.9437776,161.8445989,97.87861388,138.6893025,329.8590802,-0.007124392,-0.203834686,0.299073846,-0.049434275,-0.915863611
SCPT,57339,16.5,17.1,16.8,120,1.824499194,0.133920932,0.292298098,3.040776529,2,1,180.162267,219.3279773,164.560857,178.3290972,422.3318746,-0.406366186,-0.60307648,-0.31578871,-0.396138961,-1.258299695
SCPT,61758,0,0.5,0.25,91,7.800245982,0.075683489,0.002528876,1.985151305,2,1,129.6501645,157.8349828,261.5482283,63.94023204,134.5074578,-0.353980274,-0.550690568,-1.05575919,0.352910734,-0.39076014
SCPT,61758,0.5,1,0.75,96,4.393643613,0.062714305,0.002586493,2.287187743,2,1,135.325631,164.7442465,247.6460583,79.40296594,174.0715786,-0.343335764,-0.540046059,-0.947652351,0.18981247,-0.595118394
SCPT,61758,1,1.5,1.25,97,3.05332651,0.094779333,0.00691495,2.616198893,2,1,141.4353423,172.1821559,269.4259298,90.29064093,209.3275783,-0.37713169,-0.573841984,-1.021582531,0.071677168,-0.769189407
SCPT,61758,1.5,2,1.75,95,5.629471256,0.107557175,0.039824724,2.28013116,2,1,165.9286397,202.0000831,260.2318424,109.6393888,233.1876314,-0.557680923,-0.754391217,-1.007696044,-0.143319805,-0.897966523
SCPT,61758,2,2.5,2.25,93,4.091002193,0.03044084,0.035388813,2.156241383,2,1,143.4689642,174.6578695,194.3083051,101.1966111,210.5333071,-0.433519242,-0.630229536,-0.736846606,-0.084465776,-0.817044376
SCPT,61758,2.5,3,2.75,100,3.918514941,0.029024493,0.027831193,2.170094889,2,1,145.4661329,177.0892053,190.2039747,105.9653254,220.1438528,-0.37477311,-0.571483404,-0.642926862,-0.057941736,-0.789111023
SCPT,61758,3,3.5,3.25,123,5.410750939,0.035284338,0.035029331,2.020091532,2,1,158.0263019,192.3798457,195.7667446,118.2137246,236.1730596,-0.250577131,-0.447287425,-0.464739517,0.039690144,-0.652380484
SCPT,61758,3.5,4,3.75,141,10.77908113,0.063157535,0.060393667,1.742866179,2,1,184.5814062,224.7077989,219.9333321,142.597956,265.5283173,-0.269330702,-0.466040996,-0.444564574,-0.011269284,-0.632961601
SCPT,61758,4,4.5,4.25,134,9.485196009,0.065319457,0.013758266,1.828674399,2,1,186.1289877,226.5918111,219.812621,145.3780422,275.0460194,-0.328600116,-0.52531041,-0.494935661,-0.081497737,-0.719098627
SCPT,61758,4.5,5,4.75,144,5.607451143,0.042879192,0.01257177,2.041725428,2,1,169.5563206,206.4163903,198.2048469,134.2539178,266.8171217,-0.163371847,-0.360082141,-0.319487777,0.070080384,-0.616750187
SCPT,61758,5,5.5,5.25,113,5.462192753,0.036373968,0.020209974,2.021670896,2,1,168.4234527,205.0372467,191.2970552,135.6665051,267.8355554,-0.399093541,-0.595803835,-0.526439664,-0.182811887,-0.862985374
SCPT,61758,5.5,6,5.75,157,8.875315901,0.056171233,0.0325112,1.83274092,2,1,188.5949486,229.5938504,211.2846023,154.7053475,291.0604095,-0.183355781,-0.380066075,-0.296960245,0.014723481,-0.617285033
SCPT,61758,6,6.5,6.25,132,11.35603857,0.067295033,0.04030558,1.728753994,2,1,199.1507171,242.4443512,221.3097478,166.5413704,304.9008012,-0.411259988,-0.607970282,-0.516761371,-0.232441827,-0.837184559
SCPT,61758,6.5,7,6.75,164,13.20654429,0.089292316,0.039241348,1.709671666,2,1,211.2790035,257.2092217,235.2464004,178.020016,322.9127668,-0.253313124,-0.450023418,-0.360767049,-0.082029565,-0.677515787
SCPT,61758,7,7.5,7.25,184.5,11.0522863,0.066886108,0.011202062,1.742791677,2,1,202.2147661,246.1744979,219.8647662,172.8069358,316.2765701,-0.091680868,-0.288391162,-0.175363195,0.06547447,-0.538967589
SCPT,61758,7.5,8,7.75,158,11.28735343,0.076967722,0.046931232,1.766153909,2,1,208.0671828,253.299179,225.380305,178.6502904,327.6434136,-0.275265989,-0.471976283,-0.355194187,-0.122835177,-0.72933083
SCPT,61758,8,8.5,8.25,149,12.77836703,0.078278708,0.059166192,1.695049501,2,1,212.1137617,258.2254491,228.2644965,185.3241275,333.913592,-0.353176437,-0.549886731,-0.426558723,-0.218160027,-0.806935947
SCPT,61758,8.5,9,8.75,162,12.17086255,0.0740604,0.065246815,1.710511537,2,1,211.3283713,257.2693216,224.7405107,186.2102048,336.375805,-0.265816851,-0.462527145,-0.327350116,-0.139279834,-0.730632667
SCPT,61758,9,9.5,9.25,142.5,15.10663767,0.087164456,0.066909092,1.621541438,2,1,220.7492381,268.7382029,236.1804759,197.7462508,349.0047548,-0.437685388,-0.634395683,-0.505254241,-0.327642647,-0.895743546
SCPT,61758,9.5,10,9.75,159,13.43612517,0.087326326,0.073161889,1.693294995,2,1,220.6731837,268.6456149,232.9543527,197.3378933,353.4689147,-0.327778598,-0.524488892,-0.381938321,-0.216013252,-0.798891344
SCPT,61758,10,10.5,10.25,181,11.86938244,0.077879956,0.079636226,1.738677238,2,1,216.5754567,263.6570777,224.8289047,194.7041538,352.36345,-0.179441985,-0.37615228,-0.216842658,-0.072984215,-0.66616614
SCPT,61758,10.5,11,10.75,178.5,13.35682006,0.094372274,0.082217835,1.717720882,2,1,225.7598634,274.8380945,235.1685687,203.9104371,365.9770969,-0.234883282,-0.431593576,-0.275713969,-0.133092263,-0.717982153
SCPT,61758,11,11.5,11.25,153,4.21376625,0.04766194,0.091921449,2.241894395,2,1,182.8509374,222.6011412,178.8349866,165.2577035,335.8763851,-0.17823335,-0.374943644,-0.156025597,-0.077068174,-0.786305269
SCPT,61758,11.5,12,11.75,159,2.439082557,0.020988704,0.290470232,2.381426452,2,1,155.6418074,189.4769829,143.0421239,144.431481,304.0192602,0.021346941,-0.175363353,0.105765042,0.096098987,-0.648186853
SCPT,61758,12,12.5,12.25,174,12.25559579,0.07438226,0.091783034,1.71530959,2,1,221.4406199,269.579885,224.4879293,204.7692741,366.5266175,-0.241099172,-0.437809467,-0.254766639,-0.162828554,-0.745015846
SCPT,61758,12.5,13,12.75,225,26.74103575,0.204579542,0.079578775,1.518287262,2,1,271.1144977,330.052432,294.8623049,251.9778779,424.7503883,-0.18644083,-0.383151125,-0.270408082,-0.113240895,-0.635401273
SCPT,61758,13,13.5,13.25,257,29.08995713,0.195405169,0.049578268,1.452032682,2,1,270.4188086,329.2055062,295.8023087,256.8160813,426.6230156,-0.050895815,-0.24760611,-0.14061527,0.000715893,-0.506824671
SCPT,61758,13.5,14,13.75,312,25.68087191,0.19791587,0.038231517,1.532947468,2,1,271.7318776,330.8040249,291.2068589,255.1309702,430.9609681,0.138187352,-0.058522943,0.068969318,0.201226166,-0.323014337
SCPT,61758,14,14.5,14.25,315,18.18313058,0.159821927,0.062623678,1.678551524,2,1,258.6383136,314.864034,265.7116245,240.8693341,421.8775565,0.197142026,0.000431731,0.170161037,0.268318035,-0.292142483
SCPT,61758,14.5,15,14.75,262,21.50779774,0.192042239,0.112989264,1.632141158,2,1,270.5260316,329.3360385,281.2687585,252.9706233,436.4024175,-0.032023825,-0.228734119,-0.070966144,0.035071135,-0.51022029
SCPT,57362,0,0.5,0.25,57,1.870316981,0.055572824,0.028037424,2.770995235,2,1,100.9098177,122.8467346,370.82147,51.65976199,129.9676366,-0.571175956,-0.76788625,-1.872669466,0.098372087,-0.824234202
SCPT,57362,0.5,1,0.75,62,2.383290451,0.053737815,0.037576334,2.621308697,2,1,120.5138144,146.7124697,261.9295211,71.78194885,169.8403257,-0.664630004,-0.861340298,-1.440941079,-0.146498651,-1.00772435
SCPT,57362,1,1.5,1.25,69,1.088270731,0.032047662,0.017568657,2.953132855,2,1,105.277993,128.1645132,218.1759912,71.15960604,180.4963539,-0.4224979,-0.619208194,-1.151195532,-0.030818822,-0.961604073
SCPT,57362,1.5,2,1.75,69,0.668195151,0.035713597,0.037600329,3.283361989,2,1,100.103459,121.8650805,206.9297144,73.61129668,198.889375,-0.372097736,-0.568808031,-1.098272687,-0.064691997,-1.058642261
SCPT,57362,2,2.5,2.25,78,0.800092319,0.028100849,0.072669719,3.11652369,2,1,106.1169584,129.1858623,195.0441871,79.47517212,205.854646,-0.30783304,-0.504543334,-0.916517307,-0.018735846,-0.970461491
SCPT,57362,2.5,3,2.75,83.5,3.026495651,0.030765253,0.074385081,2.329803308,2,1,140.3245624,170.8299021,195.7493732,102.5909855,221.3935068,-0.519111411,-0.715821705,-0.851988501,-0.205903436,-0.97509506
SCPT,57362,3,3.5,3.25,98,2.048530618,0.023817144,0.072589082,2.502269071,2,1,131.2005485,159.7224069,183.7628909,99.4853354,222.8019185,-0.291759578,-0.488469873,-0.628678811,-0.015042772,-0.82131564
SCPT,57362,3.5,4,3.75,113,3.008033658,0.040340724,0.069243626,2.402142431,2,1,149.5950344,182.115694,199.5647778,114.3235428,248.1420911,-0.280544053,-0.477254348,-0.568751066,-0.011644704,-0.786613711
SCPT,57362,4,4.5,4.25,125,5.284661233,0.035821859,0.062186737,2.036628496,2,1,163.1483861,198.6154266,195.5960676,127.1347805,253.2848826,-0.266346394,-0.463056688,-0.447737916,-0.016934051,-0.706201136
SCPT,57362,4.5,5,4.75,118,4.618774819,0.023343647,0.060823125,2.018951724,2,1,155.6322032,189.4652909,178.694846,124.1303929,246.1842156,-0.276810927,-0.473521222,-0.414994956,-0.050647945,-0.735395475
SCPT,57362,5,5.5,5.25,109.5,1.412064571,0.030009106,0.02812436,2.780254818,2,1,132.2245948,160.9690719,171.8591294,109.8846982,258.6191896,-0.188577403,-0.385287697,-0.450750577,-0.003507069,-0.85943212
SCPT,57362,5.5,6,5.75,106,3.532738695,0.022376503,0.035959037,2.166115187,2,1,152.8080927,186.0272433,173.4398396,125.5214678,256.4831119,-0.365743744,-0.562454038,-0.492391699,-0.169037708,-0.883623728
SCPT,57362,6,6.5,6.25,116.5,4.777552755,0.030524517,0.047315649,2.060849339,2,1,166.2342705,202.3721554,184.112628,137.6823649,273.3647798,-0.355506789,-0.552217083,-0.457656406,-0.167058056,-0.85291582
SCPT,57362,6.5,7,6.75,156.5,13.58458955,0.062002913,0.029215341,1.601888963,2,1,201.4160233,245.2021154,220.9413475,173.4149462,308.023365,-0.252316527,-0.449026821,-0.344841261,-0.102631246,-0.67711963
SCPT,57362,7,7.5,7.25,144,10.88208088,0.054804094,0.027798255,1.703608064,2,1,196.923681,239.7331769,212.6868523,169.5934916,308.1549608,-0.313002948,-0.509713242,-0.390007607,-0.163591048,-0.760789476
SCPT,57362,7.5,8,7.75,159,13.11313638,0.063439899,0.045876198,1.6271598,2,1,204.9881123,249.5507454,221.7963616,179.6439838,319.8676276,-0.254047786,-0.450758081,-0.332855469,-0.122072822,-0.699003044
SCPT,57362,8,8.5,8.25,206.5,15.20822946,0.10183529,0.027505914,1.658255256,2,1,222.7777565,271.2077036,243.4641111,194.2235892,345.9765525,-0.075874255,-0.272584549,-0.164669131,0.061290395,-0.516070593
SCPT,57362,8.5,9,8.75,204,15.70048782,0.101032891,0.044042297,1.637088074,2,1,224.5834642,273.4059564,243.6783014,198.2090425,350.8949385,-0.096127423,-0.292837717,-0.177728925,0.02879775,-0.542366864
SCPT,57362,9,9.5,9.25,208,14.41616242,0.105721473,0.017160608,1.702183307,2,1,226.596806,275.8569812,243.7088332,199.5904784,357.7487139,-0.085634173,-0.282344468,-0.158436127,0.041270421,-0.542292744
SCPT,57362,9.5,10,9.75,190,13.13189184,0.093657768,0.019813843,1.724543304,2,1,222.4944339,270.8627891,235.8153702,197.8341408,356.6394983,-0.157878013,-0.354588307,-0.216025097,-0.040404935,-0.629701391
SCPT,57362,10,10.5,10.25,155,8.705451149,0.094864127,0.029638932,1.975866842,2,1,215.4572614,262.2957965,225.5145625,189.2773497,360.6886383,-0.32933745,-0.526047744,-0.374959618,-0.199788281,-0.844589971
SCPT,57362,10.5,11,10.75,180,10.46977854,0.111470448,0.030019666,1.861755324,2,1,220.5559352,268.5028777,235.2347905,199.6233706,373.3122446,-0.203194486,-0.399904781,-0.267627273,-0.103475593,-0.729458336
SCPT,57362,11,11.5,11.25,172,14.36132168,0.100198002,0.033817589,1.686909598,2,1,229.9056254,279.8851092,239.8997858,209.7143817,373.3098957,-0.290174424,-0.486884718,-0.3327268,-0.198252041,-0.774914417
SCPT,57362,11.5,12,11.75,178,7.95229853,0.075385537,0.059035623,1.972912444,2,1,210.9947189,256.8631361,211.5762853,190.3979615,362.1500769,-0.170049554,-0.366759848,-0.17280207,-0.067332866,-0.710275153
SCPT,57362,12,12.5,12.25,204,6.967773645,0.067670977,0.11052383,2.026019084,2,1,206.1101936,250.9167574,202.9134491,187.3016568,360.5388256,-0.010290952,-0.207001246,0.005340465,0.085399539,-0.569479656
SCPT,57362,12.5,13,12.75,173,8.399047843,0.080306876,0.118646023,1.957000743,2,1,216.0910732,263.0673934,213.4289556,197.3471194,372.9217701,-0.222408359,-0.419118654,-0.210012422,-0.131672611,-0.768077071
SCPT,57362,13,13.5,13.25,185,8.333816392,0.085734143,0.133651231,1.979548945,2,1,218.6982759,266.2413793,214.5517741,200.3313009,379.765175,-0.167337219,-0.364047513,-0.148195255,-0.079616675,-0.719197276
SCPT,57362,13.5,14,13.75,165,6.403071043,0.06022693,0.13050163,2.048083815,2,1,204.1565946,248.538463,194.1577113,189.2404758,365.4301811,-0.212941846,-0.40965214,-0.1627253,-0.137073091,-0.795129764
SCPT,57362,14,14.5,14.25,168,7.254185348,0.066233606,0.137093643,1.995494457,2,1,210.3992511,256.1382187,200.0743038,196.1379716,373.6807232,-0.225042942,-0.421753236,-0.174724837,-0.154854369,-0.799437772
SCPT,57362,14.5,15,14.75,216,10.51617469,0.085219191,0.078881393,1.83340534,2,1,226.6365587,275.9053758,220.2993533,213.3224046,390.5853675,-0.048069264,-0.244779558,-0.01970891,0.01247375,-0.592368148
SCPT,57362,15,15.5,15.25,216,10.74310043,0.093322735,0.045077742,1.849537846,2,1,231.4184503,281.7268091,223.9875632,217.6075021,398.6380599,-0.068949137,-0.265659431,-0.036312121,-0.007414583,-0.612775479
SCPT,57362,15.5,16,15.75,195,11.10038233,0.093607363,0.058673285,1.829016222,2,1,232.9515992,283.5932512,224.650751,220.6619555,402.1639528,-0.177831145,-0.374541439,-0.14154742,-0.123632359,-0.72386029
SCPT,57362,16,16.5,16.25,200,15.41912667,0.130990654,0.144938037,1.721695479,2,1,251.9709566,306.7472516,249.0747427,239.9758454,424.4891259,-0.230996463,-0.427706757,-0.219435656,-0.182220908,-0.752569023
SCPT,57362,16.5,17,16.75,203,14.90121663,0.131898884,0.121570827,1.744377584,2,1,252.5444107,307.4453695,247.4046713,240.9579724,428.0347155,-0.218381138,-0.415091432,-0.197819362,-0.171416551,-0.745998324
SCPT,57362,17,17.5,17.25,183,15.01895757,0.124825401,0.11044525,1.723531953,2,1,251.5016689,306.1759447,245.0249512,242.1030347,428.1799808,-0.317963472,-0.514673767,-0.291873894,-0.279877246,-0.85005747
SCPT,57362,17.5,18,17.75,207,14.63654381,0.12301121,0.092438667,1.735312747,2,1,251.4037949,306.0567938,242.8603011,242.8351199,430.3863051,-0.194341598,-0.391051892,-0.159767592,-0.159663901,-0.731964396
SCPT,57362,18,18.5,18.25,206,13.29494949,0.097561559,0.110705158,1.729712938,2,1,242.1216226,294.7567579,229.8903104,236.7554423,420.2590942,-0.161564004,-0.358274298,-0.109726115,-0.13915155,-0.712995243
SCPT,57362,18.5,19,18.75,195,14.37122256,0.12173551,0.052925156,1.743313469,2,1,252.3918941,307.2596972,240.636413,245.7043932,435.7495092,-0.257983456,-0.454693751,-0.210287576,-0.231129601,-0.804068
SCPT,57362,19,19.5,19.25,168,17.28123102,0.136447655,0.179537519,1.66349103,2,1,260.8454781,317.5510169,252.7355083,256.5880212,445.8247689,-0.439964215,-0.636674509,-0.408379541,-0.423507789,-0.975962001
SCPT,57362,19.5,20,19.75,207,16.4081048,0.103718169,0.06710939,1.618871289,2,1,250.2133523,304.6075593,240.0910838,250.7295217,432.8448084,-0.18959517,-0.386305464,-0.148299574,-0.191655962,-0.73766046
SCPT,148992,0,1,0.5,428.6,16.80009465,0.134783772,0.001889769,1.700350725,6,1,163.9557231,199.5982716,261.8973692,88.21271025,169.1940936,0.960927673,0.764217378,0.492571377,1.580773023,0.929477545
SCPT,148992,1,2,1.5,570,14.86959683,0.151791228,0,1.794096728,6,1,191.6276894,233.2858827,272.2785193,123.9687433,235.6364259,1.090081989,0.893371695,0.73881085,1.525606897,0.883346312
SCPT,148992,2,3,2.5,275.7,9.374854925,0.039301673,0.003358256,1.723959381,6,1,164.3227275,200.0450596,202.0617311,119.9305301,224.8864992,0.517480973,0.320770679,0.310740068,0.832400658,0.203717491
SCPT,148992,3,4,3.5,72.9,10.85367869,0.03776535,0.012731043,1.622946447,6,1,171.8612592,209.2224025,200.056015,134.1768378,244.0723086,-0.85759888,-1.054309174,-1.009508763,-0.610069976,-1.208375889
SCPT,148992,4,5,4.5,209.6,5.028160286,0.01972418,0.023626405,1.945904619,6,1,154.3622587,187.9192715,173.9705698,122.0813936,237.7584593,0.305898783,0.109188489,0.186314807,0.54051297,-0.126054329
SCPT,148992,5,6,5.5,219.3,6.519979152,0.027232998,0.035402098,1.854026688,6,1,167.7912938,204.267662,183.9848538,137.6690704,261.4012652,0.267719747,0.071009453,0.175587218,0.465587891,-0.175615986
SCPT,148992,6,7,6.5,155.5,3.705176403,0.016358779,0.07100267,2.021426608,6,1,146.7655151,178.6710619,156.055282,127.4495509,254.1646386,0.057809554,-0.13890074,-0.003564585,0.198925124,-0.491336509
SCPT,148992,7,8,7.5,109.1,0.411456594,0.000624315,0.316130696,2.930660765,6,1,83.17495047,101.2564614,71.44903947,73.57650331,169.3348043,0.271318666,0.074608372,0.423280432,0.393939167,-0.439612953
SCPT,148992,8,9,8.5,148.5,1.589693794,0.002835155,0.086071045,2.333665211,6,1,123.1810981,149.9595977,116.4093809,105.2695967,215.5417052,0.186929343,-0.009780951,0.243471834,0.344060311,-0.37256946
SCPT,148992,9,10,9.5,161.5,2.824123493,0.010017749,0.048021437,2.16016239,6,1,148.1663669,180.3764466,144.2515365,130.7857402,262.005096,0.0861694,-0.110540894,0.112946586,0.210944729,-0.483858811
SCPT,148992,10,11,10.5,126.5,0.665726188,0.003532507,0.272968159,2.814804042,6,1,103.7085925,126.2539386,87.50030395,100.1632184,232.1786561,0.198657338,0.001947043,0.368600041,0.233441269,-0.607264836
SCPT,148992,11,12,11.5,150.9,1.128977787,0.005495944,0.219511798,2.554452713,6,1,119.038937,144.9169668,100.7649549,114.9910358,252.6254247,0.237166725,0.04045643,0.40382674,0.27176319,-0.515290491
SCPT,148992,12,13,12.5,200.8,7.806170641,0.032063327,0.0900308,1.784214206,6,1,192.5391923,234.3955385,187.1628325,179.9850358,329.1803051,0.042009658,-0.154700636,0.070330388,0.109435675,-0.494296253
SCPT,148992,13,14,13.5,190.4,6.554320673,0.0340232,0.105113311,1.900686705,6,1,192.1146444,233.8786975,183.1309719,180.1940028,337.8175079,-0.008965178,-0.205675472,0.038925532,0.055093059,-0.57337871
SCPT,148992,14,15,14.5,185.8,4.196885767,0.017953568,0.054657698,2.027422449,6,1,172.1849315,209.6164384,156.3678041,163.4745784,315.5101593,0.076101744,-0.12060855,0.172459876,0.128013332,-0.529520056
SCPT,148992,15,16,15.5,253.1,6.362795714,0.014086117,0.11907481,1.760775395,6,1,180.1172317,219.2731516,163.7439618,173.2942226,311.8778154,0.340176742,0.143466447,0.435480668,0.378793809,-0.208826826
SCPT,148992,16,17,16.5,237.8,5.834029369,0.010393755,0.135273926,1.770903842,6,1,176.2577576,214.5746614,156.6592142,169.8053929,304.3791977,0.299482529,0.102772234,0.417357148,0.336776951,-0.246844301
SCPT,148992,17,18,17.5,222.5,6.483429098,0.031591357,0.127365638,1.897663552,6,1,197.0386295,239.8731141,178.1572273,192.1896654,357.2602249,0.121527303,-0.075182991,0.222260642,0.146444376,-0.473537336
SCPT,148992,18,19,18.5,237.8,3.669506603,0.073211393,0.152341247,2.435390312,6,1,197.1845325,240.0507352,174.8444155,192.8148161,402.4520581,0.187289981,-0.009420313,0.30753346,0.209699758,-0.526145995
SCPT,148992,19,20,19.5,208.2,5.311219375,0.050660026,0.059720453,2.104217349,6,1,202.6819498,246.7432433,178.5977914,200.1471533,389.8516845,0.026861155,-0.169849139,0.153362854,0.039446294,-0.627267214
SCPT,148992,20,21,20.5,230.3,6.037824607,0.077417986,0.026100239,2.14065492,6,1,218.4021181,265.8808394,192.7188472,214.1381739,417.5904416,0.053044865,-0.143665429,0.17815043,0.072761328,-0.595118341
SCPT,148992,21,22,21.5,266.4,8.967068639,0.116006203,0.082600119,1.984341865,6,1,239.3157198,291.3408762,217.6439393,237.551866,446.7750942,0.107215255,-0.089495039,0.202138517,0.114612956,-0.517056384
SCPT,148992,22,23,22.5,213.5,2.600646893,0.034682229,0.193413077,2.474992542,6,1,179.7058439,218.7723317,138.7160853,182.1022156,382.7704512,0.172315519,-0.024394775,0.43120754,0.159068679,-0.583798633
SCPT,148992,23,24,23.5,196.5,1.588167885,0.007085632,0.705655977,2.437389126,6,1,142.1096157,173.0030104,93.67245483,150.4790669,313.6660316,0.32406373,0.127353436,0.740858257,0.266838447,-0.467666395
SCPT,57363,0,1,0.5,77,3.479155054,0.055775081,0.000841472,2.39650516,2,1,120.5965141,146.8131476,278.0467009,65.61628905,149.6613094,-0.448644957,-0.645355252,-1.283983667,0.159981448,-0.664569382
SCPT,57363,1,1.5,1.25,77,3.060618366,0.110790672,0.008518994,2.66458228,2,1,144.0625815,175.380534,281.6335479,91.54035748,213.7093175,-0.626442377,-0.823152671,-1.296801329,-0.172974519,-1.02081134
SCPT,57363,1.5,2,1.75,110,2.453639544,0.069129908,0,2.664493618,2,1,137.6841077,167.6154355,243.427916,93.77740855,218.8165203,-0.224481621,-0.421191915,-0.7943405,0.159556386,-0.687753206
SCPT,57363,2,2.5,2.25,136,3.115602802,0.076045544,0,2.546307005,2,1,149.8170144,182.3859305,238.7458668,104.9868179,236.6659133,-0.096759759,-0.293470054,-0.562744782,0.258820087,-0.553994612
SCPT,57363,2.5,3,2.75,156,2.076759469,0.097736965,0.003826209,2.866421765,2,1,145.766235,177.4545469,248.488942,106.960472,256.575018,0.067851799,-0.128858495,-0.465542338,0.377396662,-0.497565082
SCPT,57363,3,3.5,3.25,154,1.865652399,0.086372414,0.019399407,2.89681619,2,1,143.9118672,175.1970558,233.4118112,109.2315927,263.2397676,0.067751523,-0.128958771,-0.415851721,0.343482271,-0.536112678
SCPT,57363,3.5,4,3.75,135,3.250487323,0.079097112,0.05443755,2.519878823,2,1,160.9264675,195.9104822,226.2743657,122.2514879,270.996553,-0.175672759,-0.372383053,-0.516473492,0.099194479,-0.696831323
SCPT,57363,4,4.5,4.25,157,6.627035765,0.037413389,0.072321475,1.913493755,2,1,168.5289528,205.1656816,196.650254,131.8216794,255.1472939,-0.070861756,-0.26757205,-0.225180985,0.174795709,-0.485595196
SCPT,57363,4.5,5,4.75,132.5,7.507087203,0.031327656,0.077975671,1.802546827,2,1,169.9796163,206.9317068,191.2109735,136.4137587,256.7023766,-0.24909588,-0.445806175,-0.366794746,-0.029109965,-0.6613347
SCPT,57363,5,5.5,5.25,126,5.385469277,0.028176894,0.072353808,1.972829112,2,1,163.9422974,199.5819273,183.6664011,132.551144,259.0634143,-0.263232614,-0.459942908,-0.376839167,-0.050686656,-0.720790967
SCPT,57363,5.5,6,5.75,124.5,6.928047194,0.026105236,0.069032848,1.787998146,2,1,167.4024074,203.7942351,184.5310859,140.0856183,262.9813036,-0.296094823,-0.492805117,-0.393512221,-0.117948079,-0.747777225
SCPT,57363,6,6.5,6.25,254,43.23698794,0.098738574,0.015761065,1.025462498,2,1,209.8045303,255.4142108,260.5058744,208.426275,323.6687092,0.191157978,-0.005552316,-0.025291144,0.197748886,-0.242386223
SCPT,57363,6.5,7,6.75,261,47.10192734,0.113874634,0.022340114,1.006740699,2,1,215.4450551,262.2809367,272.197885,218.1517156,336.4352863,0.191814495,-0.004895799,-0.042008913,0.179329644,-0.253885409
SCPT,57363,7,7.5,7.25,256,46.31650228,0.135305722,0.022733434,1.063663258,2,1,227.0259853,276.3794603,282.7833768,225.1989554,350.3074313,0.120112961,-0.076597333,-0.099503707,0.128193187,-0.3136337
SCPT,57363,7.5,8,7.75,208,29.1915002,0.051791555,0.03931237,1.11154941,2,1,198.5614309,241.7269594,232.7166653,198.2199035,313.3925718,0.046439552,-0.150270742,-0.112283605,0.048161042,-0.409918548
SCPT,57363,8,8.5,8.25,214,30.58664196,0.071458119,0.051960317,1.15260819,2,1,210.6857266,256.4869715,246.3141665,208.559487,332.1177951,0.015608439,-0.181101855,-0.140631806,0.025751705,-0.439513696
SCPT,57363,8.5,9,8.75,215,45.29399138,0.147484979,0.058409061,1.096913885,2,1,236.8958843,288.3949896,291.2110543,238.2415311,371.4831314,-0.09698271,-0.293693004,-0.303410249,-0.102646968,-0.546865428
SCPT,57363,9,9.5,9.25,189,37.22754741,0.103871607,0.063512726,1.127091298,2,1,226.2791201,275.4702332,271.4390911,228.4723438,359.4432766,-0.180022267,-0.376732561,-0.361990757,-0.189668154,-0.642809365
SCPT,57363,9.5,10,9.75,200,27.11082625,0.077295153,0.068811274,1.240981421,2,1,219.3724698,267.0621371,248.5307887,216.1290622,349.7181514,-0.092453694,-0.289163988,-0.217249369,-0.077558373,-0.558810182
SCPT,57363,10,10.5,10.25,213,27.83628647,0.085113698,0.078563816,1.247358386,2,1,224.0930999,272.8089911,253.9021859,221.7600017,358.7110855,-0.050769424,-0.247479718,-0.175656932,-0.040303558,-0.521225123
SCPT,57363,10.5,11,10.75,207,16.65139464,0.102191489,0.08995882,1.596379588,2,1,230.3872578,280.4714442,244.9303789,211.8831577,370.38772,-0.107042829,-0.303753123,-0.168255209,-0.023316187,-0.581831556
SCPT,57363,11,11.5,11.25,168,11.94204069,0.105273021,0.063062941,1.815978621,2,1,228.5157573,278.1930958,235.7816615,205.0560305,375.2029014,-0.307641188,-0.504351482,-0.338942234,-0.199319282,-0.803502971
SCPT,57363,11.5,12,11.75,178,3.882155354,0.085375247,0.165018187,2.426611614,2,1,190.937881,232.4461161,190.439219,173.5016046,366.1084799,-0.070164595,-0.266874889,-0.067549533,0.025596702,-0.721146132
SCPT,57363,12,12.5,12.25,175,5.370788552,0.060121688,0.07512468,2.153410577,2,1,196.6239431,239.3682785,190.2050597,178.6478286,354.353853,-0.116507012,-0.313217306,-0.083316778,-0.020630456,-0.705510025
SCPT,57363,12.5,13,12.75,178,18.56731838,0.083294231,0.06593919,1.464194987,2,1,227.0738582,276.4377404,240.5344928,221.9004118,376.9027128,-0.243491781,-0.440202075,-0.30107995,-0.220445135,-0.750203548
SCPT,57363,13,13.5,13.25,201,28.02495679,0.079380841,0.103429504,1.231387545,2,1,229.2410526,279.076064,255.4564415,237.0382296,379.3724323,-0.131469173,-0.328179468,-0.239747004,-0.164916527,-0.635213486
SCPT,57363,13.5,14,13.75,223,34.38373942,0.092476172,0.110312624,1.145789742,2,1,233.8019858,284.6285044,269.67831,249.7967636,391.2165671,-0.047302771,-0.244013065,-0.190058033,-0.11347587,-0.562089515
SCPT,57363,14,14.5,14.25,246,38.47015105,0.116741151,0.120515984,1.132355392,2,1,242.8666792,295.6637834,284.4858764,261.4115891,407.2500814,0.012818888,-0.183891406,-0.145352073,-0.060764599,-0.504095911
SCPT,57363,14.5,15,14.75,232,45.83816923,0.136240303,0.143257951,1.065971905,2,1,247.3764851,301.1539819,299.3089242,274.1690547,419.69826,-0.064174036,-0.26088433,-0.25473886,-0.167007532,-0.592798653
SCPT,57363,15,15.5,15.25,227,29.05871714,0.142084707,0.143045997,1.351440793,2,1,257.5557338,313.5461107,281.1347504,260.0491706,424.1401941,-0.126286121,-0.322996415,-0.213884076,-0.135920713,-0.62511403
SCPT,57363,15.5,16,15.75,227,14.56624131,0.111071002,0.101120372,1.687533137,2,1,241.0014872,293.3931148,239.65355,232.7485403,412.0350867,-0.059853087,-0.256563381,-0.054244321,-0.025008627,-0.59615849
SCPT,57363,16,16.5,16.25,225,18.02629075,0.111810228,0.098860767,1.580893942,2,1,248.0167978,301.933493,248.7840796,242.2314124,416.3226058,-0.097396075,-0.294106369,-0.100484968,-0.073793117,-0.615360052
SCPT,57363,16.5,17,16.75,261,17.0912941,0.12672603,0.023007399,1.639176806,2,1,252.0381899,306.8291008,250.951673,244.9485169,426.2465722,0.034939784,-0.16177051,0.039260025,0.063472354,-0.49049758
SCPT,57363,17,17.5,17.25,279,22.31798509,0.127073044,0.066674133,1.484256429,2,1,256.689291,312.4913107,262.7736921,256.6928131,430.4342597,0.083345413,-0.113364881,0.059918607,0.083331692,-0.433582823
SCPT,57363,17.5,18,17.75,264,7.037371466,0.085727991,0.110164955,2.076247039,2,1,221.5250979,269.6827279,198.3523456,212.0797614,408.4305039,0.175413211,-0.021297083,0.285904131,0.218986666,-0.436372672
SCPT,57363,18,18.5,18.25,261,1.695504517,0.042349829,0.304714332,2.742665267,2,1,159.5981289,194.2933744,119.2490848,164.2202425,371.349746,0.491861446,0.295151152,0.783305952,0.463311938,-0.352623923
SCPT,57363,18.5,19,18.75,190,0.8326032,0.028982755,0.684029328,3.098862075,2,1,128.989326,157.0304839,78.29113415,144.7254362,354.0434828,0.387294415,0.190584121,0.886589705,0.272185668,-0.622395666
SCPT,57363,19,19.5,19.25,163,2.439892078,0.060555786,0.290705912,2.616891945,2,1,178.0000237,216.695681,136.3506323,180.9354759,395.3732902,-0.088033483,-0.284743777,0.178520454,-0.10439028,-0.886080156
SCPT,57363,19.5,20,19.75,198,2.100191722,0.052438699,0.225888262,2.670791195,2,1,172.349503,209.8167863,129.6628303,176.220936,390.1387743,0.138742621,-0.057967673,0.423329563,0.116528505,-0.678235477
SCPT,14651,0,5,2.5,113.41,1.582377889,0.032554187,0.035062256,2.738737651,2,3,120.0660258,146.1673357,208.6042779,84.322626,201.2885434,-0.057032235,-0.25374253,-0.609429479,0.296359343,-0.573729847
SCPT,14651,5,7,6,195.92,2.118436295,0.032712424,0.065237221,2.55712612,2,3,146.2805604,178.0806823,177.6476235,121.6310172,271.0561401,0.292179988,0.095469694,0.097904467,0.4767144,-0.324619546
SCPT,14651,7,9,8,207.49,2.39928058,0.029580901,0.069410621,2.470884986,2,3,154.3312605,187.8815346,167.964498,133.1173871,288.1774471,0.295981811,0.099271517,0.21133051,0.443851797,-0.328493281
SCPT,14651,9,11,10,212.39,2.813482898,0.031049316,0.384869332,2.385554542,2,3,158.9949417,193.5590594,159.2301183,145.5547253,307.2960416,0.289551819,0.092841525,0.288073766,0.377872072,-0.36938738
SCPT,14651,11,13,12,375.91,4.858316457,0.082588239,0.080197633,2.286330319,2,3,198.8986379,242.1374722,201.5877541,179.6997495,366.9887341,0.636554415,0.439844121,0.623124962,0.738062353,0.024018603
SCPT,14651,13,15,14,372.42,3.368508187,0.076781134,0.723866797,2.504428099,2,3,187.1120768,227.7886153,178.1952542,176.8802441,377.0023546,0.688314471,0.491604177,0.737142367,0.744549333,-0.012229183
SCPT,14651,15,17,16,399.69,3.533501459,0.07790401,0.107223023,2.475436985,2,3,194.6714285,236.9913042,177.6334403,185.0759273,390.8599846,0.719376091,0.522665797,0.810967144,0.769923088,0.022339846
SCPT,14651,17,19,18,311.99,2.666861015,0.041520019,0.61853026,2.481719814,2,3,174.2785961,212.1652475,144.8535854,174.3065436,370.2984487,0.58231599,0.385605696,0.76724766,0.582155642,-0.171338163
SCPT,14651,19,21,20,366.7,3.68468033,0.061313845,1.210767119,2.387457822,2,3,192.5586324,234.4192047,159.2643804,194.2326897,401.0453687,0.644143384,0.44743309,0.833978484,0.635487203,-0.089530485
SCPT,14651,21,23,22,404.47,4.13254861,0.062535134,1.38156631,2.323552414,2,3,198.9628616,242.2156576,160.2295042,203.1086825,412.250311,0.709459386,0.512749092,0.925970379,0.688836351,-0.019053148
SCPT,57351,0,0.5,0.25,62,1.974281107,0.046207273,0.001339536,2.689739039,2,1,99.39855666,121.0069385,339.7477784,50.35740834,124.8742766,-0.472003208,-0.668713502,-1.701069129,0.20798864,-0.700173059
SCPT,57351,0.5,1,0.75,68,0.926548974,0.01115114,0.003388127,2.820615626,2,1,88.57099649,107.8255609,200.5973719,54.98510588,137.4737037,-0.264296745,-0.46100704,-1.081792069,0.212445359,-0.703924948
SCPT,57351,1,1.5,1.25,85,1.641899053,0.015651219,0.01586671,2.554809291,2,1,108.4836325,132.0670309,188.7184789,71.14095702,164.9407171,-0.243948053,-0.440658347,-0.797605119,0.177988037,-0.662934862
SCPT,57351,1.5,2,1.75,83,1.218434269,0.011214715,0.017720278,2.661665804,2,1,104.4435418,127.1486596,174.3020829,72.90564031,171.8487343,-0.229806048,-0.426516342,-0.741949295,0.129674601,-0.72777403
SCPT,57351,2,2.5,2.25,97,0.713187461,0.020244671,0.004879142,3.092966182,2,1,99.98687912,121.7231572,179.9851478,76.07127778,197.0960905,-0.03032799,-0.227038284,-0.618163357,0.243040212,-0.7089804
SCPT,57351,2.5,3,2.75,81,0.549165849,0.013385828,0.007502813,3.170568891,2,1,94.74368841,115.3401424,162.0149417,74.88135199,196.19853,-0.156726074,-0.353436368,-0.693239409,0.078544267,-0.8846779
SCPT,57351,3,3.5,3.25,96,0.624764717,0.015087192,0.012809519,3.111092193,2,1,100.0990404,121.8597014,160.213016,80.74696826,208.1646706,-0.041811908,-0.238522203,-0.512156088,0.173027775,-0.773981261
SCPT,57351,3.5,4,3.75,104,1.957540796,0.020823489,0.024273673,2.461029627,2,1,128.7814365,156.7774009,174.0222654,101.7261338,226.9786875,-0.213725777,-0.410436071,-0.514792354,0.02210666,-0.780465226
SCPT,57351,4,4.5,4.25,134,4.583493752,0.027262968,0.033677633,2.061571593,2,1,155.8997991,189.7910598,185.876539,121.7644469,244.1951586,-0.151373687,-0.348083982,-0.327242885,0.095751384,-0.600127936
SCPT,57351,4.5,5,4.75,121,2.418311189,0.019978192,0.03897054,2.356002312,2,1,138.8117647,168.9882353,171.4609621,111.634951,240.0993948,-0.137328259,-0.334038553,-0.348565069,0.080556364,-0.685262437
SCPT,57351,5,5.5,5.25,126,0.735375467,0.012350434,0.015196155,2.965976581,2,1,108.2275341,131.7552589,138.9054452,92.92511312,229.3188627,0.152046099,-0.044664195,-0.097511544,0.304487973,-0.598831542
SCPT,57351,5.5,6,5.75,109,0.346408312,0.009515264,0.034339895,3.366682917,2,1,90.47864988,110.1479216,110.9755592,83.68870435,225.588744,0.186233972,-0.010476322,-0.017962107,0.264243868,-0.727365743
SCPT,57351,6,6.5,6.25,131,0.846825814,0.016173097,0.089636221,2.936231323,2,1,114.5893863,139.5001225,140.8552732,101.807333,248.49685,0.133842138,-0.062868156,-0.072535609,0.252115188,-0.640232846
SCPT,57351,6.5,7,6.75,147,4.266102331,0.024402892,0.013114971,2.082766399,2,1,161.9656542,197.175579,176.4418716,135.8437785,270.5298206,-0.096951715,-0.293662009,-0.182558896,0.078927049,-0.609949748
SCPT,57351,7,7.5,7.25,127.5,1.433583079,0.018704423,0.037791377,2.657350542,2,1,132.1420876,160.8686284,151.185392,115.8503772,263.974572,-0.0357614,-0.232471694,-0.170390481,0.095816858,-0.727736416
SCPT,57351,7.5,8,7.75,116,1.328522055,0.018542065,0.019051248,2.706744778,2,1,131.455789,160.0331345,147.3460995,116.6511621,268.0190237,-0.125080399,-0.321790693,-0.239194047,-0.00559777,-0.837467771
SCPT,57351,8,8.5,8.25,111,0.453089391,0.013970172,0.069854949,3.292812326,2,1,102.1320258,124.3346401,108.3277222,99.30458863,260.378125,0.083263855,-0.11344644,0.024369104,0.111338422,-0.8526047
SCPT,57351,8.5,9,8.75,102,0.921462773,0.015990158,0.131857203,2.897503141,2,1,121.7909941,148.2672972,131.0232223,113.0696742,270.3866088,-0.177333599,-0.374043893,-0.250401764,-0.103031401,-0.974880006
SCPT,57351,9,9.5,9.25,139.5,0.551131562,0.011774087,0.162326407,3.137418478,2,1,106.3509055,129.4706676,105.9898842,103.9651161,262.5229087,0.271320545,0.074610251,0.274720944,0.294009181,-0.632273748
SCPT,57351,9.5,10,9.75,125,0.462605029,0.019719338,0.200281263,3.362116419,2,1,105.1604253,128.0213874,102.3988482,107.3718237,284.1264628,0.172826693,-0.023883601,0.199438273,0.152015939,-0.821105693
SCPT,57351,10,10.5,10.25,109,0.621925705,0.021257889,0.249821632,3.199423176,2,1,114.039753,138.8310036,113.6002172,114.3277749,291.2098283,-0.045199216,-0.24190951,-0.041337536,-0.047721659,-0.982696184
SCPT,57351,10.5,11,10.75,161.5,2.575451744,0.022115578,0.053554486,2.343624599,2,1,155.9009898,189.7925093,155.5172026,142.6260902,299.3953322,0.035284018,-0.161426277,0.03774879,0.124278691,-0.617259739
SCPT,57351,11,11.5,11.25,199.5,6.083012331,0.033240873,0.016603833,1.937310582,2,1,185.8299244,226.227734,184.0673016,169.0958001,321.3767684,0.070982366,-0.125727928,0.080512776,0.165348818,-0.476799932
SCPT,57351,11.5,12,11.75,184.5,4.266475661,0.033486886,0.017104437,2.134670298,2,1,177.4610813,216.0395773,175.1169646,162.7312736,324.3946808,0.038898139,-0.157812156,0.052195344,0.125549251,-0.564311462
SCPT,57351,12,12.5,12.25,160.5,2.432429829,0.02905536,0.033897593,2.428219613,2,1,160.0563245,194.8511777,155.1018966,150.0549272,320.5065708,0.002768161,-0.193942133,0.034211644,0.067292534,-0.691608835
SCPT,57351,12.5,13,12.75,163,3.879781877,0.031794579,0.055012814,2.16923999,2,1,174.6688235,212.6403068,168.2100072,163.5048899,328.7181275,-0.069141543,-0.265851837,-0.031463041,-0.003092697,-0.701450428
SCPT,57351,13,13.5,13.25,148,2.901099252,0.03529533,0.044268132,2.370773527,2,1,169.7536279,206.6565905,162.5756684,159.8692963,335.7508352,-0.137135864,-0.333846159,-0.093931272,-0.07714431,-0.819157049
SCPT,57351,13.5,14,13.75,148,3.604344144,0.031170634,0.071175155,2.233482256,2,1,176.0159354,214.2802692,164.9111832,164.9435551,334.0194773,-0.173362259,-0.370072554,-0.108194772,-0.108391051,-0.813987033
SCPT,57351,14,14.5,14.25,175,2.293518374,0.0264521,0.067326004,2.455400739,2,1,160.9705323,195.9641263,146.6803654,153.97986,328.8362474,0.083564655,-0.11314564,0.17653014,0.127964159,-0.630773925
SCPT,57351,14.5,15,14.75,147.5,1.097247372,0.031941114,0.212712242,2.95643898,2,1,141.3616706,172.0924686,125.3058287,142.0101065,338.1022954,0.04250653,-0.154203765,0.163070797,0.037929948,-0.829520323
SCPT,57351,15,15.5,15.25,168.5,0.842518232,0.023221242,0.378651398,3.038156889,2,1,128.204725,156.0753173,103.9618419,134.3798493,326.4858977,0.27330735,0.076597056,0.482911823,0.226265263,-0.661451006
SCPT,57351,15.5,16,15.75,160,0.987125623,0.023912935,0.367165017,2.948486158,2,1,133.9276321,163.0423348,108.5030487,139.0580796,330.8094976,0.17787422,-0.018836074,0.388395544,0.140282131,-0.726368858
SCPT,57351,16,16.5,16.25,175,2.682800426,0.032444563,0,2.391646609,2,1,168.3990708,205.0075645,146.5512818,166.1489044,349.5052404,0.03844939,-0.158260905,0.17741056,0.051901573,-0.691732581
SCPT,57351,16.5,17,16.75,198,15.96221991,0.088012473,0.035554738,1.590673951,2,1,238.7685173,290.6747167,236.8800146,235.3206083,406.3118106,-0.187227505,-0.383937799,-0.179286715,-0.172681844,-0.71885384
SCPT,57351,17,17.5,17.25,306,21.10365606,0.089426944,0.01964638,1.422841397,2,1,241.6853706,294.2256685,247.4276429,247.3149341,411.0465195,0.235948343,0.039238049,0.212466914,0.212922541,-0.295121292
SCPT,57351,17.5,18,17.75,314,24.45138636,0.09118079,0.067352392,1.341247226,2,1,243.6242489,296.5860422,254.1077963,255.0413617,415.5298912,0.253765911,0.057055617,0.211634414,0.207967251,-0.280161566
SCPT,57351,18,18.5,18.25,239,3.220599767,0.044216058,0.129082726,2.31275593,2,1,177.9401058,216.6227376,149.8772542,180.7611051,375.2146085,0.295016542,0.098306248,0.466646898,0.279287254,-0.4510346
SCPT,57351,18.5,19,18.75,234,0.729528521,0.013752436,0.541646447,3.006190487,2,1,119.9466038,146.0219524,74.22903314,133.4774161,321.0281188,0.66827444,0.471564146,1.14816576,0.561388819,-0.316207601
SCPT,57351,19,19.6,19.3,254,1.2342,0.0378,0.4363,2.927218014,2,1,149.4789933,181.9744267,116.375713,157.1819461,368.837104,0.530178397,0.333468103,0.780510404,0.47993024,-0.373020827
SCPT,57358,0,0.5,0.25,66,1.85715713,0.090714793,0.002130786,2.915612429,2,1,104.4487853,127.155043,432.9803403,52.79040663,136.2580752,-0.459042117,-0.655752411,-1.881037581,0.22332526,-0.724895957
SCPT,57358,0.5,1,0.75,66,3.123148089,0.090986824,0.002996296,2.60101149,2,1,132.9938983,161.9056153,288.4213237,77.96596669,182.2386523,-0.700648507,-0.897358802,-1.474767598,-0.166617665,-1.015662362
SCPT,57358,1,1.5,1.25,125,2.976360938,0.178769569,0,2.82385627,2,1,150.1784054,182.8258848,320.8969287,94.86661641,227.3769802,-0.183510219,-0.380220513,-0.94280624,0.27584187,-0.598295609
SCPT,57358,1.5,2,1.75,120,1.736139907,0.110751162,0,3.01250184,2,1,134.3212682,163.521544,273.1200718,92.77998742,232.0476292,-0.112742712,-0.309453006,-0.822419779,0.257260779,-0.659450906
SCPT,57358,2,2.5,2.25,114,2.395173173,0.030270729,0.014162138,2.467126199,2,1,131.2888623,159.8299194,198.6344676,93.64508856,209.5482206,-0.141201503,-0.337911797,-0.555267841,0.196686465,-0.608755434
SCPT,57358,2.5,3,2.75,121,5.00875156,0.023889742,0.049337902,1.98552288,2,1,147.8056743,179.9373427,183.9906958,108.0183183,215.0322247,-0.200107854,-0.396818148,-0.419094644,0.113489719,-0.574997354
SCPT,57358,3,3.5,3.25,118.5,1.575255125,0.01856463,0.020925228,2.569901533,2,1,120.593916,146.8099847,167.2587272,93.83157464,215.2822435,-0.017515875,-0.214226169,-0.344628918,0.233411545,-0.597036967
SCPT,57358,3.5,4,3.75,97.5,2.793782454,0.035402157,0.020952789,2.396488663,2,1,144.6508837,176.096728,190.6149259,111.8941652,243.8316942,-0.394470763,-0.591181057,-0.67040292,-0.137701093,-0.916625831
SCPT,57358,4,4.5,4.25,124.5,6.82793038,0.035689144,0.067949753,1.886239917,2,1,168.3080295,204.8967315,195.7091984,131.8723486,253.6431414,-0.301490094,-0.498200388,-0.45232416,-0.057528682,-0.711622608
SCPT,57358,4.5,5,4.75,124.5,1.49370838,0.024095247,0.034311323,2.685233407,2,1,129.3648,157.4875826,166.3359615,105.7846982,245.1440853,-0.038330604,-0.235040898,-0.289703892,0.162899837,-0.677540425
SCPT,57358,5,5.5,5.25,146.5,3.737208855,0.033768296,0.020020746,2.218030707,2,1,157.7190246,192.005769,185.144163,127.6612935,264.5160115,-0.073789696,-0.27049999,-0.234109352,0.137644816,-0.590876356
SCPT,57358,5.5,6,5.75,112.5,3.094973148,0.025660658,0.024115633,2.273321208,2,1,151.5440538,184.4884133,173.8789606,124.5606929,260.834741,-0.297923145,-0.494633439,-0.435406206,-0.101839869,-0.840933809
SCPT,57358,6,6.5,6.25,131.5,3.639841208,0.027578623,0.020439959,2.20113402,2,1,158.5181157,192.9785757,176.7117809,131.2835378,269.2393546,-0.18686203,-0.383572324,-0.295513197,0.001647457,-0.716593926
SCPT,57358,6.5,7,6.75,132.5,3.307732738,0.033213266,0.039938384,2.291884525,2,1,159.9496735,194.7213416,178.9247632,134.3503691,281.0609928,-0.18827658,-0.384986874,-0.300382755,-0.013868437,-0.751989057
SCPT,57358,7,7.5,7.25,145.5,2.211399856,0.036870089,0,2.566714683,2,1,152.5848124,185.7554238,173.4598258,130.4569518,289.2477481,-0.047544502,-0.244254796,-0.175769934,0.109132786,-0.687107494
SCPT,57358,7.5,8,7.75,130.5,1.761698447,0.044980862,0.013114873,2.751643216,2,1,149.6287883,182.1567857,172.3386571,130.7622231,301.3739027,-0.136784255,-0.333494549,-0.278088251,-0.002007357,-0.836978469
SCPT,57358,8,8.5,8.25,128.5,2.356957386,0.041109949,0.013473874,2.551844415,2,1,157.9484202,192.2850333,173.5291225,137.7220044,303.2780717,-0.206339621,-0.403049915,-0.300416534,-0.069308288,-0.858721209
SCPT,57358,8.5,9,8.75,162.5,6.548593261,0.042829578,0.036360583,1.941777633,2,1,185.8851252,226.294935,193.7941921,162.7427346,311.8267541,-0.134450874,-0.331161169,-0.176118729,-0.001492637,-0.651769756
SCPT,57358,9,9.5,9.25,208,15.44063664,0.087408874,0.041505222,1.608510689,2,1,221.1152583,269.1837928,237.0530479,198.4160588,349.1883275,-0.061146017,-0.257856311,-0.130745867,0.047171946,-0.518073317
SCPT,57358,9.5,10,9.75,182,13.11645167,0.083120467,0.042857819,1.694873546,2,1,218.7987924,266.3637472,230.8401,195.8507744,351.1454148,-0.184145864,-0.380856158,-0.237718576,-0.073346327,-0.657193738
SCPT,57358,10,10.5,10.25,180,12.25832791,0.071195372,0.039732681,1.693736829,2,1,214.2351573,260.8080176,222.9539693,194.158688,348.359666,-0.174117427,-0.370827721,-0.214008483,-0.075718953,-0.660278618
SCPT,57358,10.5,11,10.75,193,20.10671669,0.122363918,0.008938241,1.538276607,2,1,240.059046,292.2457951,258.6664725,220.9950177,379.6938768,-0.218194729,-0.414905023,-0.292849292,-0.135449968,-0.676675152
SCPT,57358,11,11.5,11.25,192,18.88276788,0.102073859,0.059433628,1.526992631,2,1,233.8694438,284.7106272,248.8689017,218.4813033,374.9698603,-0.197267655,-0.393977949,-0.259430886,-0.12920507,-0.669350278
SCPT,57358,11.5,12,11.75,165,20.61924576,0.117420536,0.071427088,1.51143561,2,1,241.1800413,293.6104851,257.5273415,226.5794295,386.3401446,-0.37959824,-0.576308534,-0.445180421,-0.317150092,-0.850772711
SCPT,57358,12,12.5,12.25,186,5.914573635,0.059388973,0.089979608,2.072735728,2,1,197.1900286,240.0574261,193.9797602,180.9619359,354.0420244,-0.058421202,-0.255131497,-0.042007151,0.027459963,-0.643668945
SCPT,57358,12.5,13,12.75,197,5.695000371,0.065141918,0.036307287,2.106311621,2,1,198.237487,241.3325928,193.930966,183.3955159,361.8704357,-0.006262012,-0.202972307,0.015701478,0.071558619,-0.608082507
SCPT,57358,13,13.5,13.25,214,9.805393784,0.115999718,0.061147196,1.948189691,2,1,229.967681,279.9606551,231.0963244,210.2889295,395.4641674,-0.071962767,-0.268673061,-0.076858597,0.017493575,-0.614084167
SCPT,57358,13.5,14,13.75,207,12.34784501,0.122312625,0.071243374,1.825674174,2,1,238.5029042,290.3513616,240.4508621,220.6077312,402.6367271,-0.141662694,-0.338372988,-0.14979696,-0.063667359,-0.665315941
SCPT,57358,14,14.5,14.25,178,9.467154422,0.075327247,0.018849453,1.868297858,2,1,220.3829532,268.2922909,213.2888348,205.9918479,380.7324936,-0.213583179,-0.410293474,-0.180863729,-0.146053044,-0.760313462
SCPT,57358,14.5,15,14.75,180,16.15132505,0.12055395,0.016083514,1.671481819,2,1,247.0179455,300.7174989,249.608825,233.5470459,409.9007256,-0.316504137,-0.513214431,-0.326938142,-0.260426687,-0.822958147
SCPT,57358,15,15.5,15.25,260,21.43582842,0.187392335,0.033320439,1.625124741,2,1,270.3101976,329.073284,280.1033006,254.6858623,438.6904768,-0.038888548,-0.235598843,-0.074476835,0.020650758,-0.523112469
SCPT,57358,15.5,16,15.75,203,10.7906303,0.115236456,0.08257575,1.904302674,2,1,239.0097045,290.9683359,230.4617671,223.5891739,413.0936999,-0.163298177,-0.360008471,-0.126879,-0.096604344,-0.710468465
SCPT,57358,16,16.5,16.25,196,9.882420252,0.077723919,0.087115797,1.848812292,2,1,225.5627105,274.5980824,212.9066627,215.5422111,395.3372936,-0.140483557,-0.337193851,-0.082739207,-0.095042106,-0.701624649
SCPT,57358,16.5,17,16.75,198,11.6525724,0.100956291,0.054309192,1.819262585,2,1,238.1845271,289.9637721,227.439022,227.4705459,412.6621807,-0.184778666,-0.381488961,-0.138615136,-0.138753731,-0.734362263
SCPT,57358,17,17.5,17.25,256,20.32746429,0.176306384,0.042949858,1.641750834,2,1,271.2464678,330.2130913,273.4539758,260.2406804,448.8430432,-0.057850439,-0.254560733,-0.065955885,-0.016429452,-0.561495812
SCPT,57358,17.5,18,17.75,227,22.9362073,0.228005881,0.04794605,1.647009367,2,1,286.3475093,348.5969679,291.0395979,272.6764123,467.8883535,-0.232256123,-0.428966418,-0.248509316,-0.183335772,-0.723279689
SCPT,57358,18,18.5,18.25,223,13.61677705,0.177336236,0.100068615,1.854723728,2,1,260.3640831,316.9649708,251.7882363,249.6524584,454.2881691,-0.1549092,-0.351619494,-0.12141663,-0.112898013,-0.711559959
SCPT,57358,18.5,19,18.75,171,1.742871367,0.026896601,0.329131627,2.637421696,2,1,157.4973154,191.7358622,118.5500662,159.9746929,352.5439228,0.082255144,-0.114455151,0.366328186,0.066647923,-0.723511662
SCPT,57358,19,19.5,19.25,176,2.403149662,0.039763095,0.224178018,2.525078693,2,1,172.8285542,210.3999791,134.7736502,174.3462988,374.2921781,0.018183908,-0.178526386,0.266887289,0.009440451,-0.754552722
SCPT,57358,19.5,20,19.75,168,3.784482937,0.046077558,0.122020773,2.269659654,2,1,190.0106643,231.3173304,155.2145371,189.7683038,385.3102203,-0.123116219,-0.319826513,0.079155709,-0.121839895,-0.830084797
SCPT,57350,0,0.5,0.25,72,2.787790741,0.036327624,0,2.419370578,2,1,103.4277473,125.9120402,287.4749647,51.87649835,121.3389827,-0.362207156,-0.558917451,-1.384469658,0.327800257,-0.52192202
SCPT,57350,0.5,1,0.75,81,3.325987939,0.035089618,0,2.308730438,2,1,122.2838161,148.8672544,222.7269562,72.69339035,161.0826406,-0.41189555,-0.608605844,-1.011497455,0.108198691,-0.687468374
SCPT,57350,1,1.5,1.25,98,3.729471713,0.032482584,0,2.224646507,2,1,132.071587,160.7828016,205.6915372,85.06414247,182.468465,-0.298376623,-0.495086917,-0.741410176,0.141561889,-0.621609885
SCPT,57350,1.5,2,1.75,107,4.651484374,0.040828722,0,2.144827053,2,1,145.4328973,177.0487445,209.4796325,98.42752106,205.3074272,-0.306885959,-0.503596253,-0.671797681,0.083508384,-0.651679666
SCPT,57350,2,2.5,2.25,116,8.191072891,0.063104438,0.002129136,1.910049095,2,1,168.8421251,205.546935,222.6638501,118.8123635,232.6539439,-0.375373916,-0.572084211,-0.652073045,-0.02395528,-0.695961939
SCPT,57350,2.5,3,2.75,142,9.147870462,0.079334487,0.005179519,1.901513295,2,1,180.1084868,219.2625057,231.9836475,130.1458253,252.4654133,-0.237732316,-0.434442611,-0.490839827,0.087171503,-0.575447205
SCPT,57350,3,3.5,3.25,138,10.14082802,0.076885503,0.01102581,1.830661856,2,1,185.0135428,225.2338782,229.3397002,138.0476994,262.5568281,-0.293175341,-0.489885636,-0.507950626,-0.000345588,-0.643213861
SCPT,57350,3.5,4,3.75,162,13.94918695,0.120595693,0.014934692,1.759277567,2,1,206.0108574,250.7958264,252.9280034,156.1535353,289.3725039,-0.240332538,-0.437042832,-0.445508541,0.036756612,-0.580118464
SCPT,57350,4,4.5,4.25,150,11.67432132,0.101871951,0.017550866,1.821267488,2,1,201.2872935,245.0454008,242.4184276,155.4194989,291.8530948,-0.294097915,-0.490808209,-0.480029979,-0.035492612,-0.665615281
SCPT,57350,4.5,5,4.75,151,12.78031416,0.098481391,0.025473182,1.756115632,2,1,204.6013752,249.079935,240.6506052,161.9640567,299.0922936,-0.303783738,-0.500494032,-0.466066274,-0.070094602,-0.683472363
SCPT,57350,5,5.5,5.25,145,14.30204953,0.108965332,0.029058926,1.715281069,2,1,211.9785654,258.0608622,246.5640802,170.6940743,311.1045462,-0.379751421,-0.576461715,-0.530888177,-0.163139172,-0.763395275
SCPT,57350,5.5,6,5.75,172,14.38121668,0.118382105,0.035069266,1.735282081,2,1,217.1341679,264.3372479,250.6254325,176.4259688,321.8286005,-0.233020971,-0.429731265,-0.376465047,-0.025406871,-0.62652463
SCPT,57350,6,6.5,6.25,164,10.92251656,0.108375147,0.032549426,1.875688013,2,1,211.2652025,257.1924205,241.410986,172.2917617,324.2922309,-0.2532478,-0.449958095,-0.386634389,-0.049322901,-0.681778629
SCPT,57350,6.5,7,6.75,185,13.82307805,0.113104331,0.030294729,1.746574441,2,1,219.3656201,267.0537984,247.0192634,182.7441506,333.1028282,-0.170384011,-0.367094305,-0.289110498,0.012268735,-0.588095411
SCPT,57350,7,7.5,7.25,185,14.2547684,0.11917381,0.044801658,1.742377483,2,1,223.5186535,272.1096652,249.6941084,188.0591435,341.5817169,-0.189139046,-0.385849341,-0.299880777,-0.016400681,-0.613231114
SCPT,57350,7.5,8,7.75,167,16.39294048,0.140571028,0.052778502,1.704792634,2,1,233.4785574,284.2347656,260.6969649,198.1767881,355.3096931,-0.335096429,-0.531806724,-0.445364866,-0.171165689,-0.754995972
SCPT,57350,8,8.5,8.25,156,14.89949437,0.131300124,0.05625695,1.741477457,2,1,231.0167424,281.2377734,254.4870619,197.7788268,357.5431337,-0.392634179,-0.589344473,-0.48939399,-0.237293363,-0.829400001
SCPT,57350,8.5,9,8.75,182,8.025467084,0.091535227,0.033137211,2.007827738,2,1,207.4609078,252.5611051,222.4562645,178.4831045,344.7043305,-0.130936239,-0.327646533,-0.200723831,0.019512743,-0.638680349
SCPT,57350,9,9.5,9.25,227,18.18215785,0.150127936,0.029979322,1.660006434,2,1,242.696983,295.4571967,265.9203944,212.4688012,375.0790002,-0.066863664,-0.263573959,-0.158246977,0.066154858,-0.502186654
SCPT,57350,9.5,10,9.75,236.5,16.65945387,0.153947476,0.064583209,1.721422218,2,1,243.9026251,296.9249349,264.2389391,213.3511793,381.1113192,-0.03082086,-0.227531154,-0.110905558,0.103008671,-0.477143301
SCPT,57350,10,10.5,10.25,196,18.13597248,0.180014276,0.069039781,1.716728004,2,1,253.1631715,308.1986436,274.5246051,221.8654071,394.1466595,-0.255919568,-0.452629862,-0.336926234,-0.123956264,-0.698608413
SCPT,57350,10.5,11,10.75,220,15.09558966,0.138236238,0.054298983,1.747694184,2,1,240.790209,293.1359066,255.1350766,214.2161235,384.9446329,-0.090298506,-0.2870088,-0.148165571,0.026642118,-0.559471967
SCPT,57350,11,11.5,11.25,268.5,20.94003072,0.193343642,0.039028406,1.648195686,2,1,261.2514599,318.0452555,282.5920882,233.8336625,407.7488119,0.027367523,-0.169342772,-0.051153559,0.138240896,-0.417800414
SCPT,57350,11.5,12,11.75,256.5,18.9800399,0.193617023,0.068497512,1.711319129,2,1,261.410306,318.2386334,278.5755431,233.3820991,412.0401632,-0.018962562,-0.215672856,-0.082560608,0.094451644,-0.473992163
SCPT,57350,12,12.5,12.25,245.5,17.89097373,0.183482157,0.076317375,1.731301637,2,1,259.4235757,315.8200052,272.998622,233.0613493,413.3305597,-0.055165206,-0.2518755,-0.1061698,0.051995227,-0.520950712
SCPT,57350,12.5,13,12.75,254,19.21597106,0.195208204,0.042238706,1.706573811,2,1,264.7240368,322.2727404,278.4418927,239.3348286,421.137999,-0.041353646,-0.23806394,-0.091875127,0.059470739,-0.505626302
SCPT,57350,13,13.5,13.25,262.5,20.27427723,0.190316987,0.026279032,1.665497466,2,1,265.7165665,323.4810375,278.8890267,243.2720926,424.0278423,-0.012179119,-0.208889413,-0.060562867,0.076070542,-0.479548037
SCPT,57350,13.5,14,13.75,258,20.04712121,0.199101086,0.094860162,1.686716954,2,1,268.7862356,327.2180259,280.1218626,246.3145601,430.5058943,-0.040956815,-0.23766711,-0.082265147,0.046350166,-0.512001431
SCPT,57350,14,14.5,14.25,236,18.50838056,0.18757458,0.065825381,1.717165815,2,1,265.9183095,323.7266377,273.1966031,244.715738,430.8075351,-0.119357349,-0.316067644,-0.146359889,-0.036265479,-0.601829631
SCPT,57350,14.5,15,14.75,264.5,18.53485486,0.19477469,0.078724203,1.72805828,2,1,268.7451185,327.1679703,274.4071276,247.8996915,436.7236455,-0.015922164,-0.212632458,-0.036771619,0.064817057,-0.501459354
SCPT,57350,15,15.5,15.25,283,18.19036204,0.191891303,0.106101456,1.734903734,2,1,268.8022722,327.2375488,272.1864729,249.2257891,439.5113,0.051470836,-0.145239458,0.038959504,0.127087629,-0.44021653
SCPT,57350,15.5,16,15.75,254.5,17.48991706,0.193075894,0.113006536,1.760877317,2,1,269.339194,327.8911927,269.9616405,250.1825031,443.3417338,-0.056670694,-0.253380988,-0.058979041,0.017110172,-0.555040045
SCPT,57350,16,16.5,16.25,221,18.60185624,0.19521163,0.114773841,1.726583607,2,1,272.1307315,331.2895862,272.759813,254.8496571,447.7072658,-0.20811988,-0.404830174,-0.210428901,-0.14251109,-0.705976893
SCPT,57350,16.5,17,16.75,215,18.83916602,0.202607895,0.116752604,1.730407725,2,1,275.0810687,334.8813011,274.4333221,258.2728276,453.3844189,-0.246427822,-0.443138116,-0.244070297,-0.18337847,-0.746102344
SCPT,57350,17,17.5,17.25,228,16.3824442,0.178190588,0.121672004,1.776318853,2,1,267.5499206,325.7129469,261.1597418,252.5020593,448.7466906,-0.159960539,-0.356670833,-0.135786629,-0.102073775,-0.677112936
SCPT,57350,17.5,18,17.75,253,16.30391358,0.166257201,0.121239664,1.757642527,2,1,265.4178809,323.1174203,257.394795,252.8818996,447.9337739,-0.047916004,-0.244626299,-0.017221585,0.000466909,-0.571255907
SCPT,57350,18,18.5,18.25,249,19.7424871,0.159031862,0.059238426,1.627222994,2,1,267.8288803,326.0525499,264.6665206,260.999698,449.1325346,-0.072895374,-0.269605668,-0.061017724,-0.047066354,-0.589865125
SCPT,57350,18.5,19,18.75,258.5,17.86205258,0.154370467,0.11983043,1.679665503,2,1,265.8248434,323.6128529,257.7309803,258.5670252,450.1371401,-0.027941915,-0.224652209,0.002979365,-0.000259252,-0.554656598
SCPT,57350,19,19.5,19.25,233.5,16.0534073,0.146584965,0.138394416,1.729210684,2,1,262.5103486,319.5778157,249.6702569,255.3939132,449.7522797,-0.117108427,-0.313818722,-0.066958998,-0.089625034,-0.655514865
SCPT,57350,19.5,20,19.75,259.5,15.71581824,0.172302101,0.15544016,1.791491449,2,1,269.6843336,328.3113627,254.0519501,259.8996849,462.2216883,-0.038495438,-0.235205732,0.021217929,-0.001539027,-0.577287918
SCPT,14526,0,5,2.5,245.5,3.840690356,0.019056502,0.004446868,2.102934223,2,3,133.5944871,162.6367669,182.9235183,91.64222129,188.9885589,0.608487951,0.411777657,0.294228815,0.985404851,0.261610469
SCPT,14526,5,7,6,307.09,7.734458766,0.100784783,0.00466564,2.083974947,2,3,201.846475,245.7261435,239.3360841,160.9135647,316.7742041,0.41963348,0.222923186,0.24927209,0.646273509,-0.031048366
SCPT,14526,7,9,8,366.99,7.876112324,0.135865653,0,2.152121298,2,3,217.033558,264.2147663,245.564978,179.2776645,354.4482812,0.525282613,0.328572319,0.401773011,0.716398797,0.034772157
SCPT,14526,9,11,10,393.68,8.116096422,0.192036281,0.005845461,2.228569035,2,3,233.0957381,283.7687246,255.7421096,197.224845,392.4955982,0.524089134,0.32737884,0.431368844,0.691193974,0.003013074
SCPT,14526,11,13,12,399.76,3.502747875,0.092066193,0.072289059,2.528839794,2,3,190.7119484,232.1710676,190.8840274,172.9834281,371.3086107,0.740100201,0.543389907,0.73919831,0.837668569,0.073830815
SCPT,14526,13,15,14,411.14,4.318061259,0.094218918,0.069910811,2.412116932,2,3,202.2530165,246.2210635,192.9375526,186.4606694,387.8796802,0.709414319,0.512704024,0.756567214,0.79071346,0.0582386
SCPT,14526,15,17,16,291.42,2.348457958,0.035737261,0.033753504,2.528137017,2,3,169.7172822,206.6123435,144.0229777,163.5726527,352.1366863,0.540631519,0.343921225,0.704792671,0.577508275,-0.189253888
SCPT,14526,17,19,18,445.59,3.521426514,0.036501598,1.130655768,2.287867608,2,3,179.0188887,217.9360384,148.3242201,179.4955261,364.8986618,0.911907923,0.715197629,1.099998693,0.909248963,0.19977957
SCPT,14526,19,21,20,416.22,3.050908055,0.049362506,0.340298738,2.449968378,2,3,183.7701208,223.7201471,146.1550623,185.6535046,389.3551708,0.817528334,0.620818039,1.046545838,0.807331909,0.066722004
SCPT,14526,21,23,22,377.42,3.679691461,0.08906944,0.165226974,2.492872593,2,3,206.6840452,251.6153594,166.1476762,205.6928183,431.2772867,0.60216735,0.405457056,0.820481617,0.606974743,-0.133392614
SCPT,192469,0,1,0.5,250,2.120415779,0.059653485,0,2.719533132,8,2,109.3118349,133.0752773,305.709639,59.06105622,145.1079473,0.82725625,0.630545955,-0.201174842,1.442889158,0.543982988
SCPT,192469,1,1.5,1.25,202,2.537310399,0.147325417,0.075398189,2.864404958,8,2,142.6203628,173.6247895,304.5609681,91.44127106,221.9249859,0.348081403,0.151371109,-0.410603593,0.792570778,-0.094071726
SCPT,192469,1.5,2,1.75,192,1.465733216,0.062477315,0.162817129,2.954825571,8,2,122.3785413,148.982572,236.2616878,86.48220184,215.4495863,0.450376333,0.253666039,-0.207444665,0.797556738,-0.115231572
SCPT,192469,2,2.5,2.25,178,0.891192455,0.052139421,0.095829669,3.209273044,8,2,111.913209,136.2421674,208.4767553,85.0738932,223.5099025,0.464059899,0.267349605,-0.158043999,0.73826334,-0.227672169
SCPT,192469,2.5,3,2.75,164,0.821730043,0.04054177,0.126224694,3.192815988,8,2,110.1975326,134.1535179,189.4729187,87.08889709,227.486588,0.397591922,0.200881628,-0.144379677,0.632937025,-0.327224855
SCPT,192469,3,3.5,3.25,134,0.727247199,0.034699865,0.194901254,3.226104608,8,2,107.2243843,130.5340331,173.1903904,88.49764887,232.3683251,0.222916111,0.026205817,-0.256551712,0.414863815,-0.550483921
SCPT,192469,3.5,4,3.75,176,0.540940523,0.030949763,0.142679448,3.376195269,8,2,101.2553921,123.2674339,156.4550033,87.41927394,236.8749068,0.552838035,0.356127741,0.117715545,0.699768211,-0.297048187
SCPT,192469,4,4.5,4.25,181,0.936237299,0.031674221,0.30051308,3.046436195,8,2,115.675699,140.8225901,166.143795,98.14733832,246.2401424,0.447706454,0.250996159,0.085643383,0.612027229,-0.307810217
SCPT,192469,4.5,5,4.75,138,1.239293742,0.038195581,0.518673682,2.926803525,8,2,125.2645475,152.4959708,171.8622871,107.0550432,260.054124,0.096825805,-0.09988449,-0.219439815,0.253910561,-0.633636093
SCPT,192469,5,5.5,5.25,142,0.973538054,0.02266433,0.491050587,2.946995649,8,2,115.163755,140.1993539,148.1015374,101.8105549,248.786585,0.209471986,0.012761692,-0.042071044,0.332713277,-0.560768383
SCPT,192469,5.5,6,5.75,142,0.999905131,0.019820545,0.577918953,2.898890953,8,2,115.2532547,140.3083101,141.2692764,103.6626115,250.2337359,0.208695136,0.011984842,0.005159227,0.314685552,-0.566568367
SCPT,192469,6,6.5,6.25,176,0.723664621,0.010839781,0.430922489,2.961863663,8,2,104.2157726,126.8713753,118.8281464,96.32086805,235.7226827,0.524020509,0.327310214,0.392805694,0.602799001,-0.292172046
SCPT,192469,6.5,7,6.75,192,2.259179636,0.072581579,0,2.73034699,8,2,160.6151623,195.531502,199.9764042,135.7544906,310.36675,0.178484165,-0.01822613,-0.040704009,0.346647334,-0.480259291
SCPT,192469,7,7.5,7.25,190,1.390853607,0.033950566,0.011833963,2.829244901,8,2,138.6664838,168.8113716,163.4606755,121.2441294,285.2817031,0.314952419,0.118242125,0.150451628,0.449217961,-0.406453052
SCPT,192469,7.5,8,7.75,216,1.361554757,0.026524925,0.028919241,2.782763242,8,2,136.4247826,166.0823441,153.7899723,120.6388355,280.9318351,0.459504988,0.262794694,0.339690552,0.582477157,-0.262833653
SCPT,192469,8,8.5,8.25,160,1.864087423,0.038259284,0.086621187,2.681528447,8,2,150.0595707,182.6812165,167.0198286,132.3999646,300.0288728,0.064141462,-0.132568832,-0.042938724,0.189346439,-0.628704897
SCPT,192469,8.5,9,8.75,128,1.993107838,0.061826027,0,2.761296024,8,2,160.1211636,194.9301122,181.2476459,141.4097367,324.2960554,-0.223900537,-0.420610832,-0.347834042,-0.099631347,-0.929626586
SCPT,192469,9,9.5,9.25,133,1.957565579,0.110239513,0.049437135,2.948224997,8,2,169.5137603,206.3645778,199.7494814,150.2836351,354.5216841,-0.242584977,-0.439295271,-0.40671486,-0.122175281,-0.980420384
SCPT,192469,9.5,10,9.75,166,1.773869071,0.088588321,0.365885703,2.945237004,8,2,161.493181,196.6003943,181.3571067,147.6470748,348.9529396,0.027524869,-0.169185425,-0.088480264,0.117162992,-0.742949281
SCPT,192469,10,10.5,10.25,149,1.238123269,0.021960017,0.409124834,2.798434255,8,2,133.2079069,162.1661475,130.7051665,126.6195064,294.0090616,0.112035189,-0.084675106,0.131002157,0.162759729,-0.679664283
SCPT,192469,10.5,11,10.75,160,1.302460547,0.032998993,0.32356061,2.860751584,8,2,140.4620106,170.9972303,140.2566443,133.6903824,313.8705403,0.13023675,-0.066473544,0.131699898,0.179647268,-0.673806793
SCPT,192469,11,11.5,11.25,137,1.695426366,0.065072318,0.177982162,2.878188027,8,2,159.2787743,193.9045948,165.2434456,148.784044,347.4805443,-0.150675039,-0.347385333,-0.187438888,-0.08251496,-0.93072775
SCPT,192469,11.5,12,11.75,157,2.059079382,0.105184186,0.118307066,2.891490783,8,2,174.579405,212.5314496,184.8543827,161.1647528,374.4948049,-0.106133876,-0.30284417,-0.163322589,-0.026181346,-0.869332125
SCPT,192469,12,12.5,12.25,162,1.09247202,0.039312775,0.011789838,3.021928602,8,2,142.8055513,173.8502363,136.4846882,137.1477449,331.4547044,0.126112412,-0.070597883,0.171383901,0.166537561,-0.715894827
SCPT,192469,12.5,13,12.75,181,0.563898731,0.006970589,0.039359137,3.019314789,8,2,109.8214171,133.6956383,83.00822201,109.2210278,266.0913306,0.499641465,0.302931171,0.779557368,0.505123425,-0.385342567
SCPT,192469,13,13.5,13.25,168,0.949696694,0.009209566,0.137798231,2.769248482,8,2,124.6589847,151.758764,102.614099,121.7841484,279.6784999,0.298382092,0.101671798,0.492988639,0.321713777,-0.50967675
SCPT,192469,13.5,14,13.75,244,0.847244625,0.009714392,0.249294296,2.846964726,8,2,121.2412445,147.5980368,96.48431547,121.576069,284.0374387,0.699385908,0.502675614,0.927787764,0.696628076,-0.151937831
SCPT,192469,14,14.5,14.25,325,1.502375453,0.037578759,0.024267507,2.803889755,8,2,153.3134478,186.6424582,138.0944248,149.1930163,343.178416,0.751340678,0.554630384,0.855887494,0.778584303,-0.054425293
SCPT,192469,14.5,15,14.75,324,9.611863497,0.250498402,0,2.219132231,8,2,260.1600072,316.7165305,266.0416543,230.335744,449.1343844,0.219446662,0.022736368,0.197090624,0.341205515,-0.326578624
SCPT,192469,15,15.5,15.25,295,8.51070671,0.390851267,0.029500958,2.430022423,8,2,270.7602125,329.6211283,281.7875642,237.0355288,479.4743241,0.085741752,-0.110968543,0.045821888,0.218765316,-0.485714989
SCPT,192469,15.5,16,15.75,276,8.70321543,0.428595482,0.052098877,2.448550623,8,2,276.1678212,336.2043041,285.6384173,241.7856865,489.3132163,-0.000607863,-0.197318157,-0.03432587,0.132349125,-0.572601943
SCPT,192469,16,16.5,16.25,275,9.259671482,0.437437975,0.06378229,2.417904284,8,2,280.8222611,341.8705787,287.3568892,246.4995522,494.7357331,-0.020950849,-0.217661143,-0.043953862,0.109410921,-0.58725265
SCPT,192469,16.5,17,16.75,277,8.237031,0.348958381,0,2.413413589,8,2,268.8342928,327.2765303,267.8825153,239.8891786,483.6917779,0.029922328,-0.166787966,0.033468997,0.143840445,-0.557430375
SCPT,192469,17,17.5,17.25,296,6.959031685,0.309250733,0,2.475787913,8,2,258.3283185,314.4866486,252.1749089,233.702734,479.1139479,0.136128126,-0.060582168,0.160236525,0.236309514,-0.481579002
SCPT,192469,17.5,18,17.75,266,5.682888424,0.27580808,0.042457961,2.563866084,8,2,246.9936866,300.6879662,236.0020696,226.631,474.7511574,0.074133533,-0.122576761,0.119655734,0.160173165,-0.579294479
SCPT,192469,18,18.5,18.25,291,5.862031046,0.316797359,0.012599356,2.590012513,8,2,253.4130676,308.5028649,241.5771279,232.0646166,486.9013603,0.138302432,-0.058407863,0.186134475,0.226307415,-0.51473829
SCPT,192469,18.5,19,18.75,290,5.106423811,0.30794835,0.030262137,2.664918381,8,2,246.9786158,300.6696192,231.550528,228.6762683,487.9417911,0.160579166,-0.036131128,0.22508281,0.237573595,-0.520315195
SCPT,192469,19,19.5,19.25,308,5.696161034,0.364100373,0.028803175,2.653231057,8,2,257.8216212,313.8697997,242.0197715,237.2855965,502.4209057,0.177831828,-0.018878466,0.24108036,0.260835319,-0.489338443
SCPT,192469,19.5,20,19.75,326,3.459373623,0.207693744,0.012984508,2.779267032,8,2,221.5823688,269.752449,195.8255841,212.2970878,468.3698462,0.386102993,0.189392699,0.509672995,0.42891073,-0.362360872
SCPT,192469,20,20.5,20.25,318,2.797982818,0.118144424,0.114893043,2.738192695,8,2,200.672436,244.2968786,167.1098185,197.859498,437.3235591,0.460377476,0.263667182,0.643400191,0.47449421,-0.318621948
SCPT,192469,20.5,21,20.75,313,4.169070188,0.223243184,0.151573395,2.686809145,8,2,230.3774682,280.4595265,200.3701485,222.4232466,479.3934964,0.306484061,0.109773766,0.446036792,0.341621107,-0.426318565
SCPT,192469,21,21.5,21.25,331,3.576222173,0.159389064,0.52710204,2.679095442,8,2,216.2427327,263.2520224,180.7927598,212.9697936,461.0987915,0.425716836,0.229006542,0.604766974,0.440968034,-0.331493943
SCPT,192469,21.5,22,21.75,319,7.216010028,0.429900193,0.038603879,2.563983417,8,2,278.6453487,339.2204244,252.4857559,257.5094337,530.4246822,0.135251281,-0.061459013,0.233836268,0.214134747,-0.50848687
SCPT,192469,22,22.5,22.25,314,6.421969274,0.39991763,0.039284772,2.611364195,8,2,271.3810351,330.3769123,241.1666729,253.3032784,528.0376107,0.145869119,-0.050841175,0.263904703,0.214805486,-0.519774528
SCPT,192469,22.5,23,22.75,346,3.971187029,0.160597532,0.027547507,2.616724184,8,2,225.2220873,274.1834106,184.5526364,220.4840011,469.9502717,0.429351805,0.232641511,0.62850406,0.45061364,-0.306188109
SCPT,192469,23,23.5,23.25,326,3.545943407,0.088530868,0.408358195,2.510838883,8,2,205.8805698,250.6372154,160.5701611,207.707091,436.9713655,0.459601139,0.262890845,0.708166393,0.45076851,-0.292970286
SCPT,192469,23.5,24,23.75,356,3.582678874,0.09066571,1.497139103,2.510829687,8,2,202.3665264,246.3592495,154.9716086,209.6639634,440.7266992,0.564850191,0.368139896,0.831688801,0.529424656,-0.213494223
SCPT,192469,24,24.5,24.25,386,11.23863359,0.410374642,0.031156711,2.283680486,8,2,300.7000839,366.0696674,265.9281724,281.8138162,543.7241591,0.249724,0.053013706,0.372611126,0.314590743,-0.342604688
SCPT,192469,24.5,25,24.75,339,16.57478391,0.603975211,0,2.172029607,8,2,337.8732026,411.3238988,310.233921,309.4958002,576.3533415,0.003329423,-0.193380872,0.088673511,0.091055585,-0.530720805
SCPT,192469,25,25.5,25.25,405,11.29219182,0.518011535,0.043653569,2.353004068,8,2,313.0061087,381.050915,275.308657,290.7600656,566.2194425,0.25766436,0.060954066,0.38599421,0.331388657,-0.335094644
SCPT,192469,25.5,26,25.75,356,5.887605414,0.273099794,0.092377285,2.54897287,8,2,260.5763849,317.2234251,210.5266115,252.4049375,521.0795108,0.312034688,0.115324394,0.525318665,0.343896038,-0.380971911
SCPT,192469,26,26.5,26.25,318,3.068092884,0.077324723,0.488789058,2.562203623,8,2,200.4008317,243.9662299,143.6630133,208.0527391,442.264446,0.461731863,0.265021569,0.794581011,0.424259782,-0.329856615
SCPT,192469,26.5,27,26.75,334,3.362406802,0.079523821,1.542419932,2.513319135,8,2,199.7875344,243.2196071,142.050481,212.4178401,446.3062097,0.513886519,0.317176225,0.854958499,0.452585714,-0.289864292
SCPT,192469,27,27.5,27.25,333,3.527890789,0.12897764,1.483708941,2.622943608,8,2,212.6780704,258.9124335,153.7317729,223.8014507,477.6661106,0.448362874,0.25165258,0.772933141,0.397383212,-0.360769485
SCPT,192469,27.5,28,27.75,338,3.383594959,0.135977133,1.674813654,2.66337478,8,2,211.4534698,257.4216154,149.9246191,224.5698537,483.0274049,0.469040922,0.272330628,0.812913267,0.408859084,-0.357027496
SCPT,192469,28,28.5,28.25,340,3.661746395,0.178121444,1.649663758,2.696732025,8,2,221.9758919,270.2315206,160.3074506,233.4425047,502.840665,0.426376837,0.229666542,0.75185208,0.376009803,-0.391327733
SCPT,192469,28.5,29,28.75,330,3.985646177,0.17362009,1.724680673,2.636562777,8,2,225.6798571,274.7406956,162.1082678,236.9606556,503.7156409,0.379975221,0.183264927,0.710828223,0.331198537,-0.42291925
SCPT,57365,0,0.5,0.25,65,1.117309199,0.062494574,0.026928917,3.119835382,2,1,91.06680118,110.8639319,408.4722189,47.57134118,129.3274152,-0.337206046,-0.53391634,-1.838036634,0.312156766,-0.687960021
SCPT,57365,0.5,1,0.75,65,1.917403894,0.113546038,0.035423184,2.956856407,2,1,123.4701263,150.3114581,325.1762663,74.02502362,186.8864191,-0.641611965,-0.838322259,-1.609980123,-0.130015923,-1.056113778
SCPT,57365,1,1.5,1.25,65,2.614655391,0.125813387,0.037547767,2.797559687,2,1,141.6305971,172.4198574,295.0987718,90.43724575,217.0183272,-0.778834969,-0.975545264,-1.51292285,-0.330268923,-1.205594537
SCPT,57365,1.5,2,1.75,82,3.39480632,0.050749556,0.067257246,2.389325004,2,1,141.9292221,172.7834008,225.87105,95.77704605,210.7041814,-0.54860925,-0.745319544,-1.013245014,-0.155303806,-0.943735919
SCPT,57365,2,2.5,2.25,96,5.372747632,0.029997736,0.073962787,1.992247795,2,1,148.7027809,181.0294724,194.1246784,105.119242,210.5566029,-0.437601363,-0.634311658,-0.704152433,-0.090747152,-0.785406323
SCPT,57365,2.5,3,2.75,97,2.529789564,0.04106652,0.044968514,2.504408579,2,1,139.5678638,169.9087038,204.1669662,102.4020056,229.5589934,-0.363839983,-0.560550278,-0.744227142,-0.05419532,-0.86144907
SCPT,57365,3,3.5,3.25,82,2.970721452,0.032822784,0.056128978,2.362710199,2,1,143.988069,175.2898232,192.7694722,107.7864551,232.9273987,-0.563011195,-0.759721489,-0.854775783,-0.273432755,-1.044007564
SCPT,57365,3.5,4,3.75,111.5,3.066539851,0.023916332,0.052738984,2.275153446,2,1,143.3857735,174.5565938,179.4353493,109.7729387,231.8707469,-0.251514124,-0.448224418,-0.475790381,0.015610552,-0.7321555
SCPT,57365,4,4.5,4.25,187,9.433684606,0.050413271,0.05340608,1.774407208,2,1,180.8008199,220.105346,210.4967158,142.1742525,265.9274466,0.033712634,-0.16299766,-0.118361434,0.274055181,-0.352114897
SCPT,57365,4.5,5,4.75,208.5,12.1838274,0.080288132,0.03837986,1.730754008,2,1,198.2094319,241.2984389,230.5975383,158.1492693,291.1523156,0.050614832,-0.146095462,-0.100734891,0.276399712,-0.33390751
SCPT,57365,5,5.5,5.25,157,13.99786972,0.099847601,0.020450517,1.704915326,2,1,209.089876,254.5441969,242.2560602,168.9367379,307.5414631,-0.286518383,-0.483228677,-0.433749462,-0.073278508,-0.672364112
SCPT,57365,5.5,6,5.75,160,12.07168456,0.135828169,0.005538188,1.872623912,2,1,217.2549451,264.484281,255.8810453,174.008286,327.2077066,-0.305897711,-0.502608005,-0.469538855,-0.083929103,-0.715421342
SCPT,57365,6,6.5,6.25,182,12.59557335,0.108859994,0.007371792,1.78745628,2,1,213.9674198,260.4820762,245.025976,175.9293626,324.8228614,-0.161817072,-0.358527367,-0.297357542,0.033924122,-0.579273305
SCPT,57365,6.5,7,6.75,197,19.77766911,0.196948189,0.010379429,1.691499474,2,1,245.4784368,298.8433143,284.7169472,201.4828351,358.9574728,-0.220005381,-0.416715675,-0.36829179,-0.022500463,-0.600000193
SCPT,57365,7,7.5,7.25,230.5,21.78016059,0.185684008,0.014711465,1.613688485,2,1,246.4802724,300.0629403,282.947974,207.3911693,362.9895662,-0.067031097,-0.263741391,-0.205012181,0.105644145,-0.454123228
SCPT,57365,7.5,8,7.75,251,22.17066088,0.206976219,0.00534041,1.637112282,2,1,253.5692738,308.693029,289.9914901,213.7373229,374.4730417,-0.010184116,-0.20689441,-0.144398639,0.160705141,-0.400066876
SCPT,57365,8,8.5,8.25,215,21.76967737,0.19211405,0.013283791,1.624864679,2,1,251.9668376,306.7422371,284.8911548,215.5823413,376.7344163,-0.158659454,-0.355369748,-0.281469166,-0.002704903,-0.560902445
SCPT,57365,8.5,9,8.75,219.5,18.2665006,0.168872921,0.027971559,1.691114336,2,1,245.6026967,298.9945873,272.7561038,211.4011824,375.5486769,-0.112362944,-0.309073238,-0.217225771,0.037594566,-0.537035863
SCPT,57365,9,9.5,9.25,191,20.87343298,0.172530992,0.009303787,1.617096326,2,1,250.2714055,304.6782327,277.3864798,219.2509132,382.3130276,-0.270272523,-0.466982817,-0.37313834,-0.137943368,-0.693966289
SCPT,57365,9.5,10,9.75,207,20.59072292,0.175833817,0.033183275,1.629267102,2,1,252.2564265,307.0947801,277.7185227,222.4007174,388.3627842,-0.197727342,-0.394437637,-0.293889299,-0.071761995,-0.62922112
SCPT,57365,10,10.5,10.25,158,1.975613173,0.049962174,0.119975795,2.716503172,2,1,158.5679215,193.0392087,158.732536,144.9564484,328.2209598,-0.003587995,-0.200298289,-0.004625589,0.086161692,-0.731092006
SCPT,57365,10.5,11,10.75,168,5.542939592,0.088070774,0.059375518,2.200423587,2,1,198.9834516,242.2407237,203.8871869,178.6264418,360.3510094,-0.169257684,-0.365967978,-0.193602856,-0.061332728,-0.763114603
SCPT,57365,11,11.5,11.25,185,5.231957821,0.058489829,0.02330106,2.148789645,2,1,192.5021186,234.3504052,189.0433971,173.4108377,345.4881429,-0.039751334,-0.236461628,-0.021620778,0.064692261,-0.624602499
SCPT,57365,11.5,12,11.75,177,5.492172576,0.083334073,0.024043486,2.209163688,2,1,202.3205628,246.3032939,200.65432,182.0236758,365.8967381,-0.133703652,-0.330413946,-0.125433894,-0.027987033,-0.726201425
SCPT,57365,12,12.5,12.25,217,6.176441251,0.098239822,0.060693938,2.184265577,2,1,210.9590738,256.819742,209.8758369,189.8623536,378.1026079,0.028233202,-0.168477092,0.033381251,0.133597998,-0.555268255
SCPT,57365,12.5,13,12.75,214,2.013863675,0.016889986,0.05355086,2.461465231,2,1,152.0622513,185.1192625,133.7426259,141.1629574,301.3021361,0.34168603,0.144975736,0.470058764,0.416061065,-0.342137521
SCPT,57365,13,13.5,13.25,195,1.942200766,0.034169925,0.026279176,2.620105064,2,1,159.1784191,193.7824233,142.1986667,150.488158,333.3481088,0.202973852,0.006263558,0.315774417,0.259115162,-0.536187757
SCPT,57365,13.5,14,13.75,185,7.583139721,0.161506684,0.019188425,2.198948774,2,1,233.2531411,283.9603457,231.8432444,210.4503047,415.9489127,-0.231768481,-0.428478775,-0.225705648,-0.128893718,-0.810206622
SCPT,57365,14,14.5,14.25,204,10.49752432,0.197648417,0.025785981,2.060950701,2,1,251.1679977,305.7697363,252.6226564,226.5077503,431.9309495,-0.208002035,-0.404712329,-0.213776905,-0.104659168,-0.750145743
SCPT,57365,14.5,15,14.75,207,2.695747208,0.07684261,0.030805357,2.638887378,2,1,184.8646922,225.0526687,168.1845673,173.8509701,381.5044946,0.11309463,-0.083615665,0.207656802,0.174520355,-0.611403839
SCPT,57365,15,15.5,15.25,210,10.51009358,0.215435521,0.035635483,2.09932881,2,1,257.744843,313.7763306,254.5641927,232.5192545,444.3663567,-0.204862584,-0.401572878,-0.192445504,-0.101865506,-0.749541819
SCPT,57365,15.5,16,15.75,196,4.243902572,0.108622785,0.052333196,2.459155355,2,1,209.1043002,254.5617567,191.4643767,194.5179682,407.1107065,-0.064718512,-0.261428806,0.02341289,0.007590119,-0.730970495
SCPT,57365,16,16.5,16.25,185,4.025938904,0.053018358,0.042359824,2.304721695,2,1,193.7582317,235.8795864,167.4499719,183.4780989,373.6673222,-0.046255328,-0.242965623,0.099671194,0.008260517,-0.703010064
SCPT,57365,16.5,17,16.75,302,1.153550782,0.014191297,0.012358961,2.741139927,2,1,139.0403636,169.2665295,101.9246569,138.5378617,314.3313894,0.775662741,0.578952447,1.086193135,0.77928336,-0.040020792
SCPT,57365,17,17.5,17.25,288,1.440533589,0.038295892,0.032196222,2.841801215,2,1,156.6295831,190.6794925,122.7396018,156.6029566,360.8965213,0.609076806,0.412366512,0.852895428,0.609246817,-0.225630793
SCPT,57365,17.5,18,17.75,270,2.112098953,0.052002081,0.260319958,2.682575144,2,1,172.4403006,209.9273225,139.9938322,171.0848335,379.3385398,0.448370866,0.251660572,0.656823593,0.456262423,-0.340007092
SCPT,57365,18,18.5,18.25,294,2.076900477,0.05629529,0.675496714,2.713946721,2,1,170.7582399,207.8795964,136.0997835,173.1314605,385.9276083,0.543331013,0.346620719,0.770191448,0.529528574,-0.272070041
SCPT,57365,18.5,19,18.75,350,2.830701995,0.087187038,0.803157423,2.647257997,2,1,189.7107296,230.9521925,156.3848915,189.1361133,412.2588371,0.612432718,0.415722424,0.805612933,0.615466223,-0.163718243
SCPT,57365,19,19.5,19.25,350,3.486810515,0.153236506,0.812972377,2.686819275,2,1,209.6358695,255.2088846,178.6169273,205.7397405,447.2718971,0.512561084,0.315850789,0.672689713,0.53132118,-0.245233526
SCPT,57365,19.5,20,19.75,455,2.11505801,0.087484723,0.603275785,2.824150919,2,1,180.5190518,219.7623239,142.8263412,184.0551148,417.0020833,0.924461097,0.727750802,1.158667924,0.905062169,0.087206201
SCPT,14541,0,5,2.5,442.16,6.972676828,0.120814979,0,2.198676737,2,3,176.0807056,214.3591199,282.2977662,116.4025897,241.3360102,0.920729363,0.724019069,0.448709385,1.334617024,0.605481612
SCPT,14541,5,7,6,402.2,14.5138773,0.360297232,0.002470003,2.082513831,2,3,258.6451529,314.8723601,321.0895897,195.8288336,375.5754527,0.441492421,0.244782127,0.225229298,0.719708497,0.068490087
SCPT,14541,7,9,8,316.45,3.297015482,0.056964298,0.010839556,2.433363437,2,3,172.0754388,209.4831429,184.9110133,147.1409715,314.5417953,0.609232273,0.412521979,0.537290551,0.765774134,0.006048289
SCPT,14541,9,11,10,350.48,1.682863699,0.02643023,0.289153434,2.655847072,2,3,144.0011195,175.3057107,138.1280078,133.3767833,299.7862279,0.88948257,0.692772276,0.931122796,0.966125563,0.156233996
SCPT,14541,11,13,12,379.66,2.17860408,0.033248604,0.099046894,2.553552303,2,3,160.1496569,194.9647997,149.0643866,148.4547768,324.1204511,0.863167382,0.666457087,0.934897778,0.938995737,0.158160906
SCPT,14541,13,15,14,306.74,2.128148448,0.032612484,0.305606096,2.563073013,2,3,159.8985897,194.6591527,139.8934395,154.2038888,336.1437608,0.651460683,0.454750389,0.785119497,0.687724803,-0.091538445
SCPT,14541,15,17,16,380.09,2.853220162,0.078227317,0.260113055,2.609241885,2,3,186.0373263,226.4802234,164.7507537,179.5254158,390.4521275,0.714460734,0.51775044,0.835974319,0.750091277,-0.026897302
SCPT,14541,17,18,17.5,358.27,5.089986028,0.120693914,0.069954954,2.323776594,2,3,215.9834581,262.9363837,198.9332729,207.4168441,424.4430378,0.50608507,0.309374776,0.588317436,0.546556384,-0.169490918
SCPT,114319,0,2,1,152,3.380408842,0.019180143,0.000400343,2.170603179,4,1,117.847293,143.4662698,194.6897015,71.33398761,152.9074531,0.254490861,0.057780567,-0.247526496,0.756507622,-0.005952336
SCPT,114319,2,3,2.5,297,8.681839644,0.045575323,0.001296368,1.795755669,4,1,165.3766455,201.3280901,207.9855907,119.9429883,228.8925093,0.585506566,0.388796272,0.356263337,0.906715606,0.260479637
SCPT,114319,3,4,3.5,176,11.59751175,0.040747629,0.001663269,1.595198535,4,1,173.6299209,211.3755559,203.0878254,136.2118541,246.4371255,0.013557852,-0.183152442,-0.143154528,0.256272571,-0.336622897
SCPT,114319,4,5,4.5,200,17.80116674,0.033563755,0.082611744,1.317315869,4,1,178.2803636,217.0369644,201.5551522,152.9691226,257.0198813,0.114959979,-0.081750315,-0.007745685,0.268081279,-0.250836074
SCPT,114319,5,6,5.5,237,10.84700879,0.018540927,0.076774156,1.50027264,4,1,169.2756019,206.0746457,183.621834,143.4138937,249.4811426,0.336531974,0.13982168,0.255181749,0.50232533,-0.051323191
SCPT,114319,6,7,6.5,190,7.594768943,0.018276248,0.071124579,1.690545639,4,1,167.442217,203.842699,179.0507932,142.5715832,259.1253755,0.126385754,-0.070324541,0.059354546,0.28717986,-0.310287948
SCPT,114319,7,8,7.5,191,7.255311225,0.026868654,0.076267214,1.792395993,4,1,176.5783369,214.9649319,184.6583449,152.1934262,282.4182738,0.078508815,-0.118201479,0.033766095,0.227121176,-0.391115784
SCPT,114319,8,9,8.5,212,7.897233353,0.031148658,0.070852398,1.742541025,4,1,180.7442766,220.0365106,189.7565582,161.5013606,297.3707674,0.159503079,-0.037207215,0.110844297,0.272072707,-0.338393461
SCPT,114319,9,10,9.5,216,5.314799564,0.021990863,0.062710965,1.935911651,4,1,172.5298708,210.0363645,171.7904504,152.8685582,291.4857647,0.224708022,0.027997728,0.229002985,0.345699952,-0.299712762
SCPT,114319,10,11,10.5,195,4.001583675,0.022741504,0.056568731,2.091726621,4,1,167.6392845,204.0826072,165.1193928,151.3160745,299.652115,0.151185004,-0.045525291,0.166330754,0.253628701,-0.429622627
SCPT,114319,11,12,11.5,199,4.275960349,0.040982672,0.044524843,2.178794263,4,1,180.5832885,219.8405251,178.8996169,164.5369151,331.2025888,0.097112721,-0.099597573,0.106479975,0.190169872,-0.509425414
SCPT,114319,12,13,12.5,201,3.177097576,0.037443979,0.033967326,2.325599178,4,1,172.2113259,209.6485706,165.5229336,160.1448718,333.5918161,0.154582547,-0.042127748,0.194195151,0.227226054,-0.50661323
SCPT,114319,13,14,13.5,174,2.235947149,0.042496783,0.029061452,2.591500715,4,1,167.0646219,203.3830179,155.2096522,157.1844265,344.9053443,0.040674604,-0.15603569,0.114278501,0.101635492,-0.684214716
SCPT,114319,14,15,14.5,171,1.762106152,0.028575731,0.007546136,2.634679426,4,1,155.6826888,189.5267516,136.8806569,149.915754,332.9573037,0.093843667,-0.102866627,0.222554128,0.13159006,-0.666350708
SCPT,114319,15,16,15.5,201,2.616491367,0.041287617,0.010936755,2.482261924,4,1,173.7605989,211.5346422,154.2657686,166.6847156,356.2635449,0.145626424,-0.05108387,0.264628023,0.187200811,-0.572365844
SCPT,114319,16,17,16.5,225,6.020921418,0.053794264,0.006740915,2.050332244,4,1,204.3526724,248.7771664,187.033992,195.4831007,376.9336667,0.096253115,-0.10045718,0.184810026,0.140626468,-0.515968819
SCPT,114319,17,18,17.5,220,3.628546166,0.061498159,0.006389172,2.390336461,4,1,193.8064273,235.9382593,170.7016076,186.7987668,387.8508161,0.126767683,-0.069942611,0.253710499,0.163595622,-0.566993225
SCPT,114319,18,19,18.5,215,4.655033893,0.073659906,0.005354319,2.278769981,4,1,206.1724829,250.9925879,181.9628629,199.6055666,403.4261863,0.041924914,-0.15478538,0.166835412,0.074294776,-0.629355509
SCPT,114319,19,20,19.5,221,3.972094291,0.049996144,0.006480905,2.262737826,4,1,193.6257202,235.7182681,163.0377443,191.70914,388.2974975,0.132235683,-0.064474611,0.304180968,0.142183374,-0.56360909
SCPT,14550,0,4,2,369.17,3.959496521,0.065739798,0.004762245,2.35974102,2,3,149.6125423,182.137008,242.7586425,101.1357487,220.3174173,0.903208342,0.706498048,0.419189533,1.294793582,0.51618793
SCPT,14550,4,6,5,341.55,4.747874012,0.110190278,0.010927247,2.389602539,2,3,184.3119973,224.3798228,239.7087135,143.5441788,304.7330141,0.616864122,0.420153828,0.354069589,0.866851227,0.114058052
SCPT,14550,6,8,7,337.03,6.312228191,0.153108055,0.008124037,2.310287244,2,3,208.6462227,254.0040973,248.6661214,168.9465298,347.3813451,0.479531844,0.282821549,0.304060829,0.690589674,-0.030251207
SCPT,14550,8,10,9,379.32,4.454172715,0.104666709,0.016771098,2.414293689,2,3,195.1870823,237.6190567,215.7815723,167.0243165,351.5681615,0.664421681,0.467711387,0.564113519,0.820240766,0.075976567
SCPT,14550,10,12,11,300.23,6.939454454,0.145827439,0.017361671,2.242386383,2,3,223.0264353,271.510443,233.8762038,193.5520098,387.5297946,0.297258539,0.100548245,0.249756916,0.439002587,-0.255243888
SCPT,14550,12,14,13,336.74,3.715838681,0.089009987,0.009858663,2.483568581,2,3,195.2261544,237.6666228,189.6688342,177.8989226,377.432782,0.545152466,0.348442172,0.574031545,0.638095581,-0.114081373
SCPT,14550,14,16,15,375.48,4.528710149,0.136149174,0.105149461,2.490853541,2,3,215.0740417,261.8292682,204.419445,197.326127,414.2210182,0.557222859,0.360512564,0.608031222,0.643347381,-0.098194484
SCPT,14550,16,18,17,442.72,4.673063885,0.136588963,0.2652969,2.467337992,2,3,218.5767716,266.0934611,198.2829959,205.3070913,427.8526848,0.705800206,0.509089912,0.803242234,0.768430651,0.034158574
SCPT,14550,18,20,19,415.37,4.399109506,0.121597574,0.042260869,2.470179868,2,3,217.2768084,264.5108972,187.8865034,207.9147105,433.2882287,0.647997534,0.451287239,0.793331614,0.692041739,-0.042233472
SCPT,14550,20,22,21,415.61,4.180034377,0.183877237,0.041243389,2.627081791,2,3,228.4954381,278.1683594,192.4563852,219.6328527,468.7838917,0.598231075,0.401520781,0.769877763,0.63779002,-0.120394557
SCPT,14550,22,24,23,525.2,7.357436856,0.314482904,0.018344567,2.448665689,2,3,271.0200692,329.9374756,233.1782397,255.5034357,516.5303479,0.661586268,0.464875974,0.811976004,0.720543286,0.016645099
SCPT,57359,0,0.5,0.25,57,1.570931243,0.066541588,0.005224933,2.928338719,2,1,98.16296428,119.5027391,406.7189857,50.22464595,130.7158612,-0.543577731,-0.740288025,-1.965071226,0.126545406,-0.829974702
SCPT,57359,0.5,1,0.75,57,0.658501938,0.044671982,0.024889506,3.344592952,2,1,90.75655533,110.4862413,250.9253824,58.73725689,164.238589,-0.465129438,-0.661839732,-1.482104346,-0.030022958,-1.058268914
SCPT,57359,1,1.5,1.25,57,0.429557061,0.028976456,0.017951116,3.501734898,2,1,85.37378136,103.933299,198.2918043,61.72584985,176.9266656,-0.403987776,-0.60069807,-1.246688437,-0.079651536,-1.13268406
SCPT,57359,1.5,2,1.75,78,0.606013339,0.018618889,0.003401689,3.183035014,2,1,93.17138969,113.4260396,183.9530639,68.76331385,182.6094666,-0.17773187,-0.374442165,-0.857971811,0.126038453,-0.850640984
SCPT,57359,2,2.5,2.25,79,0.833010439,0.029449166,0.014386921,3.101187785,2,1,106.2555777,129.3546163,196.4938385,80.24949588,207.1744592,-0.29639945,-0.493109744,-0.911183222,-0.015692628,-0.964113384
SCPT,57359,2.5,3,2.75,82.5,1.936169413,0.026612378,0.029976047,2.528829897,2,1,126.3627061,153.8328596,189.8319433,95.04879228,216.5420881,-0.426358098,-0.623068393,-0.833340878,-0.141592069,-0.964986637
SCPT,57359,3,3.5,3.25,113,4.747641083,0.030987874,0.051681604,2.065975634,2,1,153.2240292,186.5336008,192.3876685,114.7654709,231.9954465,-0.304513275,-0.501223569,-0.532124624,-0.015502844,-0.719329926
SCPT,57359,3.5,4,3.75,136.5,6.245630781,0.034392185,0.049704084,1.93051342,2,1,163.3601296,198.8732012,195.1041132,125.3358727,244.3664055,-0.179632533,-0.376342827,-0.357208715,0.085327499,-0.582344146
SCPT,57359,4,4.5,4.25,129.5,8.975502409,0.048914945,0.014918027,1.793136012,2,1,178.931212,217.8293015,208.3290291,140.8055349,264.78887,-0.32332056,-0.520030854,-0.475437819,-0.083698872,-0.71525191
SCPT,57359,4.5,5,4.75,148,11.05697235,0.060712317,0.007009867,1.719478587,2,1,189.5856826,230.7999615,217.8484027,152.3785583,280.5625277,-0.2476288,-0.444339094,-0.386587146,-0.029155666,-0.639584342
SCPT,57359,5,5.5,5.25,153.5,5.31408785,0.047026313,0.023475912,2.071719815,2,1,170.3170848,207.342538,200.6740743,138.0423024,276.873518,-0.103961337,-0.300671631,-0.267981504,0.10614039,-0.589860221
SCPT,57359,5.5,6,5.75,124,2.820122746,0.029554987,0.009968145,2.35770501,2,1,150.9665571,183.7853739,177.7816475,124.3535379,265.4872971,-0.196776771,-0.393487065,-0.360274532,-0.002847055,-0.761285429
SCPT,57359,6,6.5,6.25,132,4.883990771,0.030439148,0.039930556,2.047445948,2,1,166.6793706,202.9140163,183.5849097,138.0878123,273.3098306,-0.233270108,-0.429980402,-0.329875361,-0.045087881,-0.72780414
SCPT,57359,6.5,7,6.75,137,6.183602591,0.034389716,0.034680633,1.935363613,2,1,175.4329541,213.5705528,189.4169463,147.4415819,283.6458598,-0.247276016,-0.44398631,-0.323969725,-0.073451117,-0.727745562
SCPT,57359,7,7.5,7.25,141,7.486964105,0.03988444,0.022676987,1.857674854,2,1,183.8569164,223.8258113,196.4640933,156.5193012,294.8669668,-0.265397937,-0.462108231,-0.331719793,-0.104419442,-0.737764404
SCPT,57359,7.5,8,7.75,153,4.882283815,0.048622009,0.038018655,2.137619603,2,1,178.0425062,216.7473989,194.3911648,152.4178004,306.7441049,-0.151584399,-0.348294694,-0.239434521,0.003812485,-0.695575944
SCPT,57359,8,8.5,8.25,146,3.476900686,0.03218924,0.012783168,2.251014458,2,1,164.4516372,200.2019931,174.6158199,142.7245784,294.6318699,-0.119009906,-0.315720201,-0.178981624,0.022689874,-0.702120057
SCPT,57359,8.5,9,8.75,135.5,1.787356303,0.048122591,0.010718569,2.750684415,2,1,152.7416219,185.9463223,170.1985502,136.2997095,313.5587448,-0.119776108,-0.316486402,-0.227994058,-0.005884567,-0.839015086
SCPT,57359,9,9.5,9.25,135,1.552278678,0.040530411,0.020665079,2.805358417,2,1,147.8406736,179.9799505,159.7722022,133.7227751,310.6605339,-0.090860386,-0.28757068,-0.168474286,0.009505964,-0.833426007
SCPT,57359,9.5,10,9.75,152,0.750061731,0.019390489,0.192647629,3.065937504,2,1,118.6863027,144.4876729,116.9319935,114.9496919,284.5216909,0.24739662,0.050686326,0.262288007,0.27938595,-0.626928972
SCPT,57359,10,10.5,10.25,135.5,0.969103053,0.021364197,0.256763294,2.933978166,2,1,126.9350941,154.5296798,124.4773283,121.9187482,292.3567584,0.065295754,-0.13141454,0.084848043,0.105616816,-0.769003192
SCPT,57359,10.5,11,10.75,121.5,3.558665778,0.046037337,0.060201254,2.317459144,2,1,175.5346673,213.6943776,177.7874483,158.7996823,330.1245187,-0.367922295,-0.564632589,-0.380674464,-0.267729285,-0.99955565
SCPT,57359,11,11.5,11.25,136,6.796772165,0.066005621,0.049751003,2.005720246,2,1,200.5131437,244.1029576,203.7303261,181.8853517,351.6407078,-0.388224914,-0.584935208,-0.404142303,-0.290721667,-0.949955052
SCPT,57359,11.5,12,11.75,163,1.781902592,0.039183891,0.021668691,2.717238796,2,1,156.8059813,190.8942381,153.7649194,145.3890372,328.9561548,0.038740947,-0.157969347,0.058325262,0.114337036,-0.702174273
SCPT,57359,12,12.5,12.25,199,9.82339301,0.09511994,0.014274498,1.900812656,2,1,223.0323873,271.5176889,226.9516716,202.4393219,377.8147116,-0.114012171,-0.310722465,-0.131432269,-0.017135372,-0.64109907
SCPT,57359,12.5,13,12.75,193,13.81886672,0.08833332,0.05119203,1.679227849,2,1,229.1083369,278.9144971,233.4056185,213.699524,378.962527,-0.17150479,-0.368215084,-0.190087603,-0.101880746,-0.674747138
SCPT,57359,13,13.5,13.25,223,17.77498732,0.12766542,0.021673791,1.62674926,2,1,246.9814431,300.6730611,256.5340541,230.9256318,402.18791,-0.102141433,-0.298851727,-0.140089649,-0.034923947,-0.589747646
SCPT,57359,13.5,14,13.75,192,17.76671516,0.160928214,0.036946756,1.69223,2,1,257.1687368,313.074984,266.8594877,237.829314,418.3826083,-0.292237061,-0.488947355,-0.329226884,-0.214057876,-0.778900973
SCPT,57359,14,14.5,14.25,177,21.57521297,0.154060873,0.034265777,1.562844322,2,1,259.3526849,315.7337034,271.6883338,246.1248168,420.4006904,-0.382039121,-0.578749415,-0.428505845,-0.32968906,-0.865058549
SCPT,57359,14.5,15,14.75,179,24.25035926,0.171513998,0.008236221,1.522904775,2,1,266.4114189,324.3269447,281.4016182,254.9767761,430.4177943,-0.397655996,-0.59436629,-0.452397089,-0.353786661,-0.877370546
SCPT,57359,15,15.5,15.25,213,16.64749337,0.154104719,0.041575672,1.720991549,2,1,257.6900107,313.7095783,260.6516579,241.6268513,426.8783065,-0.190465188,-0.387175482,-0.201892706,-0.126102434,-0.695206811
SCPT,57359,15.5,16,15.75,210,10.29099086,0.109047605,0.024296056,1.912461568,2,1,235.5889,286.8038783,227.5062925,221.0528118,409.9959995,-0.114980806,-0.311691101,-0.080070366,-0.05129411,-0.669039872
SCPT,57359,16,16.5,16.25,246,5.367605742,0.062708714,0.014443025,2.160241508,2,1,204.3719456,248.8006294,185.6474146,193.9199986,382.7248743,0.18538994,-0.011320355,0.281482282,0.23788584,-0.441984851
SCPT,57359,16.5,17,16.75,229,1.445011519,0.019382906,0.074166776,2.665798468,2,1,147.2122123,179.2148671,113.7882076,146.8569803,327.8787795,0.441846837,0.245136542,0.699383111,0.444262813,-0.358921962
SCPT,57359,17,17.5,17.25,215,0.980518776,0.020231303,0.311475561,2.915688728,2,1,134.096915,163.2484183,96.89848176,140.5207916,331.2224089,0.472075243,0.275364949,0.796974177,0.425282567,-0.432152052
SCPT,57359,17.5,18,17.75,188,1.481821299,0.044814594,0.626195225,2.86188678,2,1,155.0707312,188.7817597,122.255484,160.5777445,371.0990209,0.19256062,-0.004149674,0.430328976,0.157663748,-0.680026967
SCPT,165739,0,1,0.5,268.2,4.249456707,0.043236228,0,2.184169995,8,1,120.5594468,146.7680222,245.4539874,66.91002205,146.5760354,0.799590005,0.602879711,0.088623465,1.388384209,0.604188664
SCPT,165739,1,2,1.5,208.7,19.91410611,0.123107465,0.005927825,1.560012596,8,1,189.1609389,230.2828821,253.098585,126.8208095,229.3991226,0.098299633,-0.098410661,-0.192881263,0.498122673,-0.094565566
SCPT,165739,2,3,2.5,163.4,1.898426701,0.017464528,0.020388366,2.481555385,8,1,121.3819776,147.769364,174.2279521,88.98727991,199.7981622,0.297258769,0.100548475,-0.064163329,0.607707745,-0.201106486
SCPT,165739,3,4,3.5,173.5,2.208305981,0.012033672,0.040996553,2.33244569,8,1,127.7143552,155.4783455,160.7615424,96.94500913,207.7372273,0.306381429,0.109671135,0.076255435,0.582033698,-0.180096352
SCPT,165739,4,5,4.5,190.1,3.118703649,0.013373921,0.05500739,2.152333371,8,1,140.3495083,170.8602709,162.3986045,110.2817602,225.1226932,0.30341445,0.106704156,0.157496415,0.544511702,-0.169095307
SCPT,165739,5,6,5.5,197,6.040208072,0.031595446,0.030452668,1.930258952,8,1,169.0405479,205.7884931,189.6402238,137.7818416,266.2259048,0.153065114,-0.04364518,0.038075011,0.357532153,-0.301141486
SCPT,165739,6,7,6.5,174.4,7.488096575,0.04276178,0.039794505,1.867163206,8,1,182.2481027,221.8672555,199.795056,152.6825362,289.371942,-0.044017449,-0.240727743,-0.13594061,0.132990672,-0.506361346
SCPT,165739,7,8,7.5,182,7.774575909,0.045988059,0.033029,1.852915022,8,1,186.9227171,227.5580903,200.9445571,160.7278001,303.009915,-0.026688567,-0.223398861,-0.099022348,0.124294435,-0.509758841
SCPT,165739,8,9,8.5,130.1,1.064154844,0.01425512,0.041185462,2.765710989,8,1,123.0871896,149.8452743,125.1628794,113.4103271,264.682907,0.055410423,-0.141299872,0.038687461,0.13729093,-0.710229147
SCPT,165739,9,10,9.5,140.5,0.648032223,0.009576194,0.344675961,3.001656288,8,1,107.0586454,130.332264,99.81316048,105.3782229,257.5835618,0.271830717,0.075120422,0.341907446,0.287651488,-0.60613669
SCPT,165739,10,11,10.5,166.7,1.049340859,0.019343604,0.366511494,2.86438584,8,1,127.7053026,155.4673249,124.4258808,123.123874,290.5219707,0.266470504,0.06976021,0.292485586,0.303004836,-0.555483414
SCPT,165739,11,12,11.5,193.6,1.352761845,0.020641403,0.550540815,2.727473023,8,1,135.825411,165.3526743,128.0814452,131.694582,300.3814949,0.354423856,0.157713562,0.413127823,0.385308706,-0.439259142
SCPT,165739,12,13,12.5,189.4,1.655833131,0.023749584,0.602929555,2.638560851,8,1,144.7871917,176.2626682,134.0014071,140.3937471,312.9080286,0.26859616,0.071885865,0.34601088,0.299410226,-0.502048128
SCPT,165739,13,14,13.5,154.7,1.084619997,0.009540498,0.511212406,2.697118214,8,1,124.5757968,151.6574918,102.4349248,125.1174465,282.5094043,0.216573417,0.019863123,0.41226004,0.212234889,-0.602224082
SCPT,165739,14,15,14.5,145.9,0.938311917,0.006886187,0.59485023,2.723935032,8,1,118.4912677,144.250239,91.02057558,121.658125,275.4361053,0.208082188,0.011371894,0.471835869,0.181706598,-0.635434224
SCPT,165739,15,16,15.5,170.1,1.368093226,0.01724018,0.273497716,2.690768272,8,1,139.6343732,169.9896718,113.6942132,141.2097817,316.5055827,0.197359113,0.000648819,0.402873995,0.186139901,-0.620954381
SCPT,165739,16,17,16.5,267.3,2.307981857,0.048102797,0.507177762,2.61061726,8,1,171.2248844,208.4476853,151.6018476,168.698907,368.8670045,0.445393817,0.248683523,0.567113963,0.460256113,-0.322064535
SCPT,165739,17,18,17.5,187.2,1.700953016,0.041920487,0.642040726,2.758831863,8,1,158.5792478,193.0529974,132.6233019,162.2475043,366.9383952,0.165923109,-0.030787185,0.344664771,0.14305459,-0.67301641
SCPT,165739,18,19,18.5,177.9,1.402238185,0.041830449,0.627645389,2.875762066,8,1,152.8771165,186.1112723,122.1126907,160.2277707,371.5026495,0.151587156,-0.045123138,0.376277282,0.104625225,-0.736334401
SCPT,165739,19,20,19.5,208.3,1.37767214,0.034851576,0.621487511,2.840973339,8,1,151.0654842,183.9058069,115.1622963,159.7400225,367.6111673,0.321265935,0.124555641,0.592636942,0.265431714,-0.568046421
SCPT,165739,20,21,20.5,201.5,1.34268112,0.027394076,0.681888628,2.797582172,8,1,147.6532224,179.7517491,107.1195132,158.1860222,360.7541479,0.310922949,0.114212654,0.631844225,0.242017685,-0.582407314
SCPT,165739,21,22,21.5,183.8,1.508707077,0.028393711,0.742884205,2.73600021,8,1,152.6242167,185.8033943,110.2649865,163.4952743,367.1522665,0.18586941,-0.010840885,0.510961772,0.117064123,-0.691928447
SCPT,165739,22,23,22.5,224.4,1.806641283,0.024099531,0.701045639,2.58904449,8,1,157.3752178,191.5872217,112.7096924,167.6321129,364.0541676,0.354797297,0.158087003,0.688614755,0.2916584,-0.483872495
SCPT,165739,23,24,23.5,193.8,1.386022104,0.031008741,0.735490241,2.808032082,8,1,152.2404699,185.3362243,103.1686528,166.7716681,379.6006088,0.24136539,0.044655095,0.630461645,0.150201079,-0.672292971
SCPT,165739,24,25,24.5,213.3,1.825872149,0.028857577,0.982217226,2.622212375,8,1,160.2648444,195.105028,110.7353116,174.5024873,380.8333303,0.285871901,0.089161607,0.655556852,0.20076063,-0.579662201
SCPT,165739,25,26,25.5,235.8,2.967783864,0.047002323,1.021783839,2.453502113,8,1,186.2527964,226.7425347,138.8481609,197.0593509,411.3730066,0.235879117,0.039168823,0.52960302,0.179479031,-0.556516373
SCPT,165739,26,26.53,26.265,238.4,2.3579,0.0835,0.8769,2.743962599,8,1,188.90142,229.966946,139.304805,201.0592445,444.7581777,0.232724644,0.036014349,0.537285561,0.170350322,-0.623580778
SCPT,192465,0,1,0.5,90,4.477613382,0.100220535,0,2.350032091,8,1,128.5783802,156.530202,295.6532049,68.66713455,156.0936169,-0.356729011,-0.553439305,-1.189377492,0.270538976,-0.550646265
SCPT,192465,1,1.5,1.25,196,0.948261179,0.040572866,0,3.103317285,8,1,104.2743887,126.942734,222.5917753,71.30280225,186.3106341,0.631088882,0.434378587,-0.127224831,1.01117903,0.050699303
SCPT,192465,1.5,2,1.75,164,1.261340792,0.054110872,0.013541315,2.99666051,8,1,117.9306882,143.5677943,224.7504806,83.62812521,211.2253807,0.329769364,0.13305907,-0.315124384,0.673486538,-0.25305929
SCPT,192465,2,2.5,2.25,121,0.434650434,0.022482762,0.015774615,3.42901622,8,1,90.05381381,109.6307299,165.1180153,71.54368652,199.2957628,0.295383123,0.098672828,-0.310869917,0.525482282,-0.498999421
SCPT,192465,2.5,3,2.75,128,0.598527978,0.028573778,0.035915349,3.294309959,8,1,100.8235234,122.7416807,173.6987925,80.82232585,216.8631046,0.238658568,0.041948274,-0.305292458,0.459777027,-0.527236036
SCPT,192465,3,3.5,3.25,146,0.928343665,0.037119733,0.07801177,3.095124581,8,1,115.4035176,140.4912389,187.0188691,92.17848715,234.8375508,0.235171786,0.038461492,-0.247602894,0.459879846,-0.47528738
SCPT,192465,3.5,4,3.75,132,0.857621459,0.032573209,0.23101681,3.109309864,8,1,112.5674801,137.0386715,171.6391559,93.81474545,239.2690674,0.159249057,-0.037461237,-0.26259242,0.341479878,-0.594786801
SCPT,192465,4,4.5,4.25,112,0.376384809,0.014595021,0.197062463,3.412843551,8,1,87.99920572,107.1294678,120.8492551,80.71613738,221.1490699,0.241171083,0.044460788,-0.076045072,0.327560348,-0.680338127
SCPT,192465,4.5,5,4.75,110,0.446089694,0.013242605,0.238982757,3.288807672,8,1,92.15533747,112.1891065,120.836841,84.62984364,224.8924207,0.177004762,-0.019705532,-0.093960848,0.2621934,-0.715141792
SCPT,192465,5,5.5,5.25,122,0.536481568,0.020970107,0.254829659,3.286247007,8,1,100.7845254,122.6942048,132.711472,92.83789165,245.2027648,0.191036219,-0.005674075,-0.084156344,0.273166173,-0.698064435
SCPT,192465,5.5,6,5.75,136,0.508483049,0.022009871,0.234601146,3.32954843,8,1,101.120666,123.1034194,128.4472151,94.86555447,252.3991324,0.29634037,0.099630075,0.057136844,0.360194213,-0.618356808
SCPT,192465,6,6.5,6.25,196,1.335482934,0.028815028,0.38784792,2.795093642,8,1,129.063235,157.12046,155.4712902,114.0986775,268.8860879,0.417812181,0.221101887,0.231653574,0.541050993,-0.316173165
SCPT,192465,6.5,7,6.75,190,1.849183965,0.019732803,0.675228371,2.531587164,8,1,134.7274158,164.0159844,150.6921372,118.3811371,261.6367301,0.343770477,0.147060183,0.231785143,0.473114677,-0.319932943
SCPT,192465,7,7.5,7.25,180,1.88132606,0.018307788,0.838643291,2.506042407,8,1,134.853405,164.1693627,146.4620457,120.3066115,263.8622246,0.288768551,0.092058257,0.206190529,0.402913271,-0.382470239
SCPT,192465,7.5,8,7.75,178,1.94108663,0.017599271,0.842488284,2.479364811,8,1,136.4825286,166.1526435,144.7087241,122.7092526,267.042199,0.265586939,0.068876645,0.207060627,0.371965793,-0.405623144
SCPT,192465,8,8.5,8.25,171,2.159659933,0.022972684,0.777498749,2.472079182,8,1,143.8842233,175.1634023,152.1231479,129.6300343,281.0850771,0.172654585,-0.024055709,0.11697318,0.276979054,-0.496993833
SCPT,192465,8.5,9,8.75,196,2.940374045,0.032679292,0.365188987,2.377688599,8,1,158.7653506,193.2795573,166.9627492,141.845074,299.3604935,0.210687329,0.013977035,0.16034393,0.323379225,-0.423533852
SCPT,192465,9,9.5,9.25,184,7.573657654,0.149160186,0.039828794,2.184369554,8,1,220.666608,268.6376097,247.3664396,187.2508315,372.4448698,-0.181717244,-0.378427538,-0.295935041,-0.017513305,-0.705153269
SCPT,192465,9.5,10,9.75,213,2.776257284,0.068342977,0.085673431,2.581445427,8,1,172.913282,210.5031259,187.669691,154.1294705,338.4992476,0.208501957,0.011791663,0.126608711,0.323499199,-0.463229704
SCPT,192465,10,10.5,10.25,257,2.211954978,0.054957918,0.801144729,2.669388904,8,1,160.15396,194.9700383,168.1410015,148.5447822,332.6728008,0.472940482,0.276230188,0.424273163,0.548189608,-0.258083342
SCPT,192465,10.5,11,10.75,270,2.581481816,0.051550845,1.067809037,2.558811056,8,1,164.0371846,199.6974422,167.0787333,153.095782,334.2987022,0.498328821,0.301618527,0.479956801,0.567358207,-0.213612952
SCPT,192465,11,11.5,11.25,232,3.156860702,0.066541226,1.387194663,2.503435766,8,1,174.682881,212.6574203,177.2835352,163.0187724,350.097176,0.28376515,0.087054856,0.268987027,0.352872009,-0.41147339
SCPT,192465,11.5,12,11.75,212,3.376172919,0.070787072,1.4059024,2.479115616,8,1,179.1257323,218.0661089,179.7350136,167.4628915,357.0059164,0.1684983,-0.028211994,0.165102655,0.235824491,-0.52116608
SCPT,192465,12,12.5,12.25,226,3.362006233,0.074764091,1.392814014,2.496558607,8,1,180.9409997,220.2759997,179.753901,170.0818603,363.3519513,0.222363989,0.025653695,0.228946301,0.284255147,-0.474836928
SCPT,192465,12.5,13,12.75,229,3.714622664,0.09082448,1.125793965,2.489777477,8,1,190.2915707,231.6593034,189.2360577,177.3129639,376.7302992,0.185164525,-0.011545769,0.190726785,0.255805675,-0.497807541
SCPT,192465,13,13.5,13.25,254,5.630943039,0.125507504,1.93087411,2.32709176,8,1,211.3703796,257.3204621,210.8144149,195.4609261,397.9744796,0.183722319,-0.012987975,0.186356071,0.261973774,-0.449053615
SCPT,192465,13.5,14,13.75,199,4.703252905,0.092053741,1.462473411,2.348404284,8,1,199.8951572,243.3506262,193.4682786,187.5426856,385.3411851,-0.00448819,-0.201198485,0.028191261,0.059298349,-0.660824312
SCPT,192465,14,14.5,14.25,210,2.303507914,0.067050607,0.196907279,2.694946855,8,1,174.7149388,212.6964473,164.3134679,166.4744983,371.1789382,0.183951806,-0.012758488,0.245331537,0.232265396,-0.569576729
SCPT,192465,14.5,15,14.75,279,2.067452217,0.062162582,0.320570442,2.743227826,8,1,170.1117779,207.0925992,156.4361647,164.4454466,370.4690076,0.494756044,0.298045749,0.578563749,0.528632898,-0.283558009
SCPT,192465,15,15.5,15.25,240,1.936918704,0.059658244,0.357782414,2.771828463,8,1,167.6740288,204.1249046,151.0554543,163.8649724,371.4359168,0.358617134,0.161906839,0.462991907,0.381596174,-0.436737427
SCPT,192465,15.5,16,15.75,215,1.456365494,0.054988333,0.376352062,2.923895605,8,1,156.9781574,191.1038437,136.7629115,157.619573,369.751975,0.314531358,0.117821063,0.452389174,0.310453664,-0.542194415
SCPT,192465,16,16.5,16.25,198,1.979425477,0.052717403,0.555099298,2.723100695,8,1,166.3791851,202.5485732,143.91763,165.5976326,371.492234,0.173997599,-0.022712695,0.319025909,0.178706084,-0.629260929
SCPT,192465,16.5,17,16.75,169,1.70066275,0.045528819,0.554851293,2.779694575,8,1,159.5910557,194.2847635,133.2431573,161.4121625,366.8725639,0.057284073,-0.139426221,0.237723005,0.045937606,-0.775115835
SCPT,192465,17,17.5,17.25,186,1.472998457,0.033762942,0.621153799,2.791650551,8,1,150.7440506,183.5144964,120.272746,155.4972262,355.1448254,0.210163304,0.01345301,0.435984627,0.17911878,-0.646778992
SCPT,192465,17.5,18,17.75,187,1.687251753,0.03410666,0.836772607,2.712424596,8,1,154.5289556,188.1222068,122.7536358,159.9670507,358.5531474,0.190727123,-0.005983171,0.420929231,0.156140756,-0.650968281
SCPT,192465,18,18.5,18.25,209,2.15587521,0.033291819,1.005456518,2.557873698,8,1,162.3331,197.6229044,130.2085285,166.6636719,360.6023254,0.252683855,0.05597356,0.473197021,0.226356411,-0.545441508
SCPT,192465,18.5,19,18.75,212,2.812383408,0.029757739,1.286317735,2.373390536,8,1,169.1127422,205.8763818,136.5601033,172.8558696,358.5229569,0.226020668,0.029310374,0.43982144,0.204128151,-0.525406419
SCPT,192465,19,19.5,19.25,199,2.288028432,0.030850275,1.084784559,2.504609705,8,1,163.9963248,199.6476997,128.8324612,169.5341225,362.0606583,0.193460807,-0.003249487,0.434792015,0.160250606,-0.598506937
SCPT,192465,19.5,20,19.75,204,2.379734086,0.031245581,1.164210276,2.484984329,8,1,165.6959731,201.7168368,129.3412675,171.8975973,365.1271537,0.207965372,0.011255078,0.455665598,0.171221059,-0.582125665
SCPT,192465,20,20.5,20.25,234,1.954957222,0.035235127,1.006917369,2.631233903,8,1,161.6337873,196.7715672,122.6508979,169.9509822,372.6865984,0.369987911,0.173277617,0.645979023,0.31981106,-0.465416732
SCPT,192465,20.5,21,20.75,211,1.990127997,0.030530379,1.107219652,2.586696147,8,1,160.1822683,195.0045005,119.4805684,169.5186857,368.1201464,0.27554579,0.078835496,0.568704383,0.218894973,-0.556551236
SCPT,192465,21,21.5,21.25,208,2.192767708,0.031692419,1.075834628,2.533583093,8,1,164.3897914,200.1267026,122.7823068,173.5813498,372.4144988,0.235297695,0.038587401,0.527125155,0.180891715,-0.582469398
SCPT,192465,21.5,22,21.75,210,3.070318273,0.047744645,1.016646461,2.437269201,8,1,184.2230508,224.2715401,144.5112447,189.7291234,396.0954899,0.130960275,-0.06575002,0.373750208,0.101510142,-0.634547788
SCPT,192465,22,22.5,22.25,262,3.929212297,0.100436032,0.919976128,2.482902489,8,1,208.8363393,254.2355435,171.4394434,210.4310657,439.6179764,0.226793624,0.03008333,0.424114399,0.219186383,-0.517561611
SCPT,192465,22.5,23,22.75,224,3.50588013,0.091750106,0.97998976,2.53552238,8,1,203.1011172,247.253534,161.9310712,206.729926,436.5602557,0.097942082,-0.098768212,0.324475293,0.080232816,-0.667280357
SCPT,192465,23,23.5,23.25,226,2.591712724,0.064044007,1.190245738,2.613433237,8,1,183.5926938,223.504149,138.6800364,193.2748324,417.9895237,0.207815316,0.011105022,0.488365616,0.156421821,-0.61492137
SCPT,192465,23.5,24,23.75,222,2.579824998,0.066048392,1.024507819,2.624488025,8,1,185.4345751,225.7464392,139.1118759,194.7904423,421.9184178,0.179975257,-0.016735037,0.46739891,0.130753056,-0.642134591
SCPT,192465,24,24.5,24.25,276,2.491815831,0.052798732,1.286790137,2.586592098,8,1,179.0771961,218.0070213,130.4401143,191.3557855,411.8747371,0.43258389,0.235873596,0.749486639,0.366266419,-0.400318401
SCPT,192465,24.5,25,24.75,246,2.401649035,0.036544168,1.458917664,2.516499159,8,1,171.1923513,208.4080798,120.6587668,185.6679551,394.5613465,0.36254375,0.165833456,0.712365083,0.281371645,-0.472443097
SCPT,192465,25,25.5,25.25,260,2.606812115,0.032965416,1.653872444,2.442182532,8,1,172.0467973,209.448275,121.0232955,187.3109556,391.5226734,0.412915114,0.216204819,0.764698579,0.327911531,-0.409361797
SCPT,192465,25.5,26,25.75,246,2.620030616,0.025053598,1.641560967,2.377446704,8,1,168.7485814,205.4330556,116.9748086,184.2274476,379.6935785,0.376921613,0.180211319,0.743372935,0.289160413,-0.434033019
SCPT,192465,26,26.5,26.25,240,2.550519697,0.020886383,1.629715152,2.354130409,8,1,165.6961529,201.7170557,112.8853234,181.734394,372.5538751,0.370483216,0.173772922,0.754266457,0.278092676,-0.439742735
SCPT,192465,26.5,27,26.75,264,3.005870356,0.030312113,1.471778996,2.33930559,8,1,178.2735617,217.0286838,125.4435275,192.9362982,393.385333,0.392629869,0.195919575,0.744093426,0.31358903,-0.398840519
SCPT,192465,27,27.5,27.25,241,3.18363621,0.032171148,1.75102708,2.318706121,8,1,180.5800549,219.8365886,127.2524558,196.5118392,398.4723849,0.288622736,0.091912442,0.638623979,0.204074254,-0.502841265
SCPT,192465,27.5,28,27.75,259,3.208477783,0.024844516,1.910422908,2.255277177,8,1,176.3330297,214.6662971,122.5794471,193.5327641,387.106435,0.38445364,0.187743346,0.748068694,0.29138124,-0.401871619
SCPT,140253,0,2,1,744,1.458399083,0.026546126,0,2.704209298,7,2,102.7666303,125.1072021,229.6948129,64.15413954,156.7947107,1.979580342,1.782870048,1.175289507,2.450752417,1.55710366
SCPT,140253,2,3,2.5,199,11.05287886,0.095899416,0,1.827119597,7,2,184.9421928,225.1470174,243.8356585,132.2458113,252.845486,0.07326152,-0.123448775,-0.203189643,0.408642427,-0.23947375
SCPT,140253,3,4,3.5,104,2.823856284,0.027734921,0.044311842,2.335283188,7,2,140.9700831,171.6157534,184.4511365,107.7328819,232.1468633,-0.304156792,-0.500867087,-0.572993686,-0.035263948,-0.802979304
SCPT,140253,4,5,4.5,139,5.714784075,0.075409057,0.035827276,2.166908258,7,2,179.2763718,218.2494961,223.621233,138.9939124,283.3104162,-0.254454658,-0.451164953,-0.475479764,4.38E-05,-0.712069241
SCPT,140253,5,6,5.5,159,8.744451344,0.065462594,0.024833972,1.872906676,7,2,190.3030884,231.6733251,218.3698349,154.4574746,293.6079386,-0.179713801,-0.376424096,-0.317285914,0.028985389,-0.613341133
SCPT,140253,6,7,6.5,173,7.634663696,0.077780522,0.033947445,2.00577161,7,2,196.0595416,238.6811811,222.2151183,160.9728129,312.9422365,-0.125126802,-0.321837096,-0.25035432,0.072056108,-0.592727031
SCPT,140253,7,8,7.5,180,5.598440952,0.054264032,0.018840849,2.065183358,7,2,181.2551266,220.658415,199.4239491,155.4824953,308.9520302,-0.006948727,-0.203659022,-0.102476105,0.146423696,-0.540229172
SCPT,140253,8,9,8.5,201,9.625359978,0.041049628,0.013134049,1.715292125,7,2,192.502117,234.3504033,200.6078153,170.0761139,308.7783363,0.043197757,-0.153512537,0.001953074,0.167058843,-0.429318753
SCPT,140253,9,10,9.5,164,5.940117079,0.06823749,0.024686849,2.103336327,7,2,193.2110978,235.2135104,201.3831298,170.6945339,338.0820837,-0.163916934,-0.360627229,-0.205342784,-0.04000918,-0.723422289
SCPT,140253,10,11,10.5,208,4.770452963,0.03945076,0.042149574,2.098952957,7,2,179.3583163,218.3492546,178.1535525,162.4979878,322.3945196,0.148152508,-0.048557786,0.154892247,0.246872461,-0.438237932
SCPT,140253,11,12,11.5,268,16.10965949,0.0542831,0.0159261,1.465330671,7,2,212.1921123,258.3208324,221.3253294,203.9160356,346.9928519,0.233494926,0.036784632,0.191353282,0.273278662,-0.2583172
SCPT,140253,12,13,12.5,256,18.42858108,0.06808778,0.009848195,1.437615294,7,2,222.2049441,270.5103667,232.8566201,216.8214194,365.3526978,0.141577317,-0.055132977,0.094754545,0.166103382,-0.355685738
SCPT,140253,13,14,13.5,277,14.08348958,0.046649711,0.01815243,1.51569985,7,2,211.7116989,257.7359813,212.801361,206.5150709,353.9646552,0.268792068,0.072081774,0.263658353,0.293644114,-0.245179558
SCPT,140253,14,15,14.5,240,12.03045015,0.053549199,0.012824936,1.664437816,7,2,218.5977963,266.1190564,213.8958316,208.3057651,366.5186339,0.093405428,-0.103304866,0.115149795,0.141631899,-0.423410439
SCPT,140253,15,16,15.5,265,5.940697562,0.100463719,0.069810226,2.219212308,7,2,215.1430278,261.9132513,201.894681,201.9800417,402.4224682,0.208426773,0.011716479,0.271983646,0.271560937,-0.417772627
SCPT,140253,16,17,16.5,312,13.29752721,0.215266226,0.052579419,1.952408086,7,2,267.3668135,325.4900338,266.2118413,245.8781242,454.1184537,0.154381639,-0.042328655,0.1587108,0.238167205,-0.375354887
SCPT,14540,0,5,2.5,184.14,1.772506425,0.014156351,0.024842778,2.502673479,2,3,115.3824064,140.4655382,179.7992282,79.98760437,180.7875386,0.467444453,0.270734159,0.023855509,0.833824661,0.018373816
SCPT,14540,5,7,6,144.61,1.429128125,0.012987635,0.030689429,2.600468965,2,3,126.6456309,154.1772898,150.4797568,106.4462116,239.6848146,0.132647585,-0.064062709,-0.039788105,0.306400662,-0.505284324
SCPT,14540,7,9,8,440.46,2.570248109,0.026231644,0.290909679,2.396514485,2,3,150.1700045,182.8156577,163.0362812,133.109206,283.8553211,1.076051619,0.879341325,0.993846875,1.196649746,0.43935496
SCPT,14540,9,11,10,325.97,3.408661641,0.051155854,0.302015468,2.393199227,2,3,173.2679433,210.9348875,181.7155331,155.9643026,328.3698759,0.631966151,0.435255857,0.584362893,0.737178201,-0.007335291
SCPT,14540,11,13,12,391.11,1.971644055,0.022085938,0.73534507,2.522386457,2,3,146.7645704,178.6699118,137.7838793,141.4510666,307.1073155,0.980159109,0.783448815,1.043302485,1.017035012,0.241791602
SCPT,14540,13,15,14,365.87,3.248290038,0.054012645,0.127724459,2.433353985,2,3,182.0215692,221.5914756,173.5646127,170.8943094,360.0547875,0.698152887,0.501442592,0.745728141,0.761232787,0.016021872
SCPT,14540,15,17,16,324.63,2.483293384,0.050608178,0.570753277,2.573823655,2,3,172.0807077,209.4895573,153.9290744,169.7240024,368.5815688,0.634722474,0.43801218,0.746194132,0.64851247,-0.126975969
SCPT,14540,17,19,18,333.54,2.127155813,0.039575207,0.055434882,2.614465373,2,3,171.1552711,208.3629388,144.1190492,168.0519225,367.3810406,0.667191635,0.470481341,0.839123109,0.685489804,-0.096636769
SCPT,14540,19,21,20,363.21,2.89737598,0.074467575,0.374830025,2.585061965,2,3,190.7917476,232.2682144,160.5721133,190.6757083,410.5765186,0.643798673,0.447088379,0.816238034,0.644407057,-0.122581136
SCPT,14540,21,23,22,394.09,3.441970859,0.095524649,0.071172742,2.547275262,2,3,207.2341253,252.2850221,172.5983958,204.9106919,435.0029774,0.642730115,0.446019821,0.825611826,0.654005075,-0.098773566
SCPT,14540,23,24,23.5,428.12,3.494326268,0.091071421,0.119471174,2.523825742,2,3,206.9168977,251.898832,165.8357424,208.3469943,439.6685769,0.727086278,0.530375984,0.948405735,0.720198598,-0.026617679
SCPT,57341,0,0.5,0.25,68,3.557907356,0.059217015,0,2.388729966,2,1,112.5826794,137.0571749,315.7828019,55.95496213,129.5303388,-0.504180174,-0.700890468,-1.535546936,0.194960586,-0.644407425
SCPT,57341,0.5,1,0.75,75,3.081460102,0.036261113,0,2.354765286,2,1,120.8030224,147.064549,223.3021819,72.09465667,161.6804279,-0.476673192,-0.673383486,-1.091037817,0.039508182,-0.768133606
SCPT,57341,1,1.5,1.25,82,2.242206994,0.066843759,0.028583341,2.706800211,2,1,129.3177503,157.4303047,252.1170702,83.93433802,199.6622524,-0.455553309,-0.652263603,-1.123174297,-0.023315556,-0.889907954
SCPT,57341,1.5,2,1.75,92,2.750068763,0.041894079,0.084087656,2.464094547,2,1,134.4433691,163.6701885,216.6538726,91.44865936,205.1964853,-0.379354486,-0.57606478,-0.856512446,0.006010862,-0.802179408
SCPT,57341,2,2.5,2.25,96,5.279513966,0.026571594,0.081882144,1.97597659,2,1,146.5944289,178.462783,189.4127673,103.8044038,207.236092,-0.423321595,-0.620031889,-0.679580396,-0.078160205,-0.769510493
SCPT,57341,2.5,3,2.75,111,7.700529394,0.044453625,0.080729955,1.860908298,2,1,165.1309523,201.0289854,206.422853,120.9985243,233.8547772,-0.397208608,-0.593918902,-0.620396548,-0.086248149,-0.745170111
SCPT,57341,3,3.5,3.25,134,9.927336408,0.048425867,0.035077982,1.723671887,2,1,173.7581706,211.531686,209.4397591,132.4447811,247.2038432,-0.259824709,-0.456535003,-0.446596352,0.011673988,-0.612373473
SCPT,57341,3.5,4,3.75,155.3333333,11.28701382,0.064200327,0.01024939,1.720042435,2,1,185.6594672,226.020221,220.6568662,143.7418453,266.184886,-0.178340829,-0.375051123,-0.351035508,0.077554396,-0.538617782
SCPT,57341,4,4.5,4.25,159.3333333,12.10984014,0.069394491,0.026427147,1.69718112,2,1,191.568719,233.2140928,224.1223098,151.3413207,277.7200028,-0.184248147,-0.380958441,-0.341193485,0.051460756,-0.555614978
SCPT,57341,4.5,5,4.75,155,9.849844321,0.063063342,0.023471523,1.795851417,2,1,188.5039712,229.4830953,218.5424768,150.3362064,281.7105798,-0.195693957,-0.392404251,-0.343555281,0.030550955,-0.597455114
SCPT,57341,5,5.5,5.25,152,11.54561165,0.066742285,0.037978769,1.716124881,2,1,194.9680322,237.3523871,221.8296584,158.9130227,291.4358335,-0.248955087,-0.445665381,-0.378029262,-0.044476505,-0.650939336
SCPT,57341,5.5,6,5.75,169.6666667,9.596068606,0.064015034,0.004608836,1.816591316,2,1,192.9981506,234.9542703,217.5087905,158.1612336,296.2196811,-0.128844879,-0.325555173,-0.248403538,0.07022075,-0.557265617
SCPT,57341,6,6.5,6.25,156.3333333,14.7905279,0.0797614,0.020867263,1.611220084,2,1,207.4098352,252.4989299,232.3560619,175.4580608,312.3223288,-0.282706236,-0.479416531,-0.396280465,-0.115409565,-0.69204528
SCPT,57341,6.5,7,6.75,164,12.3086826,0.070104672,0.034147186,1.690239465,2,1,203.4487792,247.6767747,224.0666539,172.7209775,312.7520862,-0.215547846,-0.41225814,-0.312077142,-0.051811018,-0.645544392
SCPT,57341,7,7.5,7.25,169,12.74059865,0.07889467,0.03424133,1.698853107,2,1,208.9913672,254.4242731,229.1126676,178.8148051,323.4792337,-0.212394231,-0.409104525,-0.304315166,-0.056451947,-0.649236204
SCPT,57341,7.5,8,7.75,170.6666667,14.01366704,0.093395364,0.05962913,1.68552124,2,1,217.1735861,264.3852353,237.8172578,187.2868581,336.5262242,-0.240984633,-0.437694928,-0.331790218,-0.092929106,-0.678963742
SCPT,57341,8,8.5,8.25,164.6666667,14.98217953,0.095160319,0.064907626,1.649793424,2,1,220.3712407,268.2780322,239.9254745,192.7177551,342.9027957,-0.291390353,-0.488100648,-0.376405124,-0.157303481,-0.733523784
SCPT,57341,8.5,9,8.75,181.3333333,15.27562044,0.111851934,0.053153641,1.682434765,2,1,227.7407051,277.2495541,247.5758845,199.1016255,355.4941276,-0.227870765,-0.42458106,-0.311380181,-0.093478417,-0.673171772
SCPT,57341,9,9.5,9.25,198,14.44296352,0.11299751,0.062789899,1.719570516,2,1,228.792173,278.5296019,246.1133505,200.7498118,360.8625281,-0.144547019,-0.341257313,-0.217525174,-0.013792385,-0.600230047
SCPT,57341,9.5,10,9.75,181,12.77889305,0.115687693,0.078640675,1.800936247,2,1,228.8395924,278.5873299,243.3344608,200.5449983,366.4953801,-0.234524257,-0.431234551,-0.295939848,-0.102541621,-0.705488884
SCPT,57341,10,10.5,10.25,181,13.55341869,0.11612672,0.084534756,1.766347059,2,1,231.546762,281.8830146,244.6861364,205.1510001,371.5122059,-0.246284818,-0.442995112,-0.301479282,-0.125249263,-0.719084688
SCPT,57341,10.5,11,10.75,169.6666667,13.82926744,0.12475894,0.088677751,1.774349931,2,1,235.7473698,286.996798,247.8640058,209.7370504,379.5990895,-0.328925037,-0.525635331,-0.379044504,-0.212018878,-0.80527994
SCPT,57341,11,11.5,11.25,185.6666667,12.09804007,0.103000079,0.09200586,1.802034046,2,1,228.0579548,277.6357711,235.0393219,205.0677647,374.1756828,-0.205646833,-0.402357127,-0.235799876,-0.099387533,-0.700772476
SCPT,57341,11.5,12,11.75,174.6666667,10.57529326,0.086367888,0.038598718,1.832018184,2,1,220.7767675,268.771717,223.5877668,200.6281146,369.3882314,-0.234272694,-0.430982988,-0.246924634,-0.138573623,-0.748968813
SCPT,57341,12,12.5,12.25,191.3333333,12.82836522,0.086758461,0.074205135,1.719864114,2,1,226.0744476,275.2210666,229.3680007,208.7705461,374.0604851,-0.166847252,-0.363557546,-0.181310596,-0.087218676,-0.670400402
SCPT,57341,12.5,13,12.75,174.3333333,10.21315604,0.085412879,0.056790808,1.853938048,2,1,222.3103352,270.6386689,220.7282597,204.0246593,376.4665554,-0.243105136,-0.439815431,-0.235963175,-0.15727169,-0.769860038
SCPT,57341,13,13.5,13.25,183.3333333,14.22918497,0.078757175,0.042770308,1.631597295,2,1,226.7269744,276.0154471,229.0125319,214.8550291,377.0875078,-0.212440548,-0.409150842,-0.222470737,-0.158657528,-0.721171287
SCPT,57341,13.5,14,13.75,204,20.07964636,0.121858164,0.114392301,1.538739674,2,1,247.3334679,301.1016131,257.9007512,236.5343887,403.8925496,-0.192617505,-0.389327799,-0.234454832,-0.14797361,-0.683028882
SCPT,57341,14,14.5,14.25,209.3333333,19.50467458,0.10470068,0.110961572,1.514877067,2,1,242.1218854,294.7570779,250.4871601,234.9217299,399.5145575,-0.14551338,-0.342223675,-0.179479784,-0.115324516,-0.646322326
SCPT,57341,14.5,15,14.75,207.3333333,22.0326913,0.12822694,0.095232454,1.496478568,2,1,252.3495335,307.2081277,263.5343358,245.4812642,414.1525742,-0.19648736,-0.393197654,-0.239855862,-0.168892823,-0.691906638
SCPT,57341,15,15.5,15.25,216,21.57008434,0.141093333,0.100890404,1.537537317,2,1,257.5557031,313.5460733,266.6097449,248.9808479,422.820835,-0.175957612,-0.372667906,-0.210507552,-0.14209757,-0.671670124
SCPT,57341,15.5,16,15.75,189,19.3830715,0.144828387,0.120353721,1.610388094,2,1,258.5553961,314.7630909,262.6769667,247.9246903,427.4007168,-0.313362954,-0.510073248,-0.329177999,-0.271378017,-0.815975005
SCPT,57341,16,16.5,16.25,220.6666667,21.46261418,0.140148675,0.136604244,1.538590481,2,1,259.21013,315.5601582,265.5263241,253.0959294,429.2840053,-0.160985778,-0.357696072,-0.185060718,-0.137115317,-0.66546545
SCPT,57341,16.5,17,16.75,225.3333333,19.73773067,0.145308773,0.129994158,1.600015317,2,1,260.8597948,317.5684458,262.8399442,252.9358449,434.3591207,-0.146402291,-0.343112585,-0.153964482,-0.115555092,-0.656290872
SCPT,57341,17,17.5,17.25,229,18.44944103,0.135376447,0.148451403,1.620848813,2,1,257.9226373,313.9927759,256.3589593,251.0675692,433.3798532,-0.118937681,-0.315647975,-0.112856644,-0.092000099,-0.637892599
SCPT,57341,17.5,18,17.75,205.3333333,14.46929299,0.131469163,0.159468192,1.761123481,2,1,253.579508,308.705488,243.4555399,243.7753196,434.0860265,-0.21104274,-0.407753034,-0.170299663,-0.171612305,-0.748608057
SCPT,57341,18,18.5,18.25,195.3333333,16.97332624,0.132913788,0.162763406,1.666792412,2,1,257.7737406,313.8115103,250.7679476,251.6064138,438.2884073,-0.277374725,-0.474085019,-0.249820499,-0.253158516,-0.808169657
SCPT,57341,18.5,19,18.75,218,17.17262971,0.160474597,0.167611644,1.714721294,2,1,266.636109,324.6004805,258.1507137,257.9344881,452.2804519,-0.201389778,-0.398100073,-0.169048513,-0.168210568,-0.729807393
SCPT,57341,19,19.5,19.25,187,15.93737635,0.127261497,0.171256881,1.691698881,2,1,256.5328235,312.3008286,245.0358619,252.1513609,441.5389787,-0.316148006,-0.512858301,-0.270295958,-0.298920929,-0.859157686
SCPT,57341,19.5,20,19.75,207,19.29139805,0.151987214,0.179141003,1.627888048,2,1,267.9856324,326.2433786,260.796025,264.9131193,455.4348498,-0.258214576,-0.45492487,-0.231019795,-0.246683127,-0.788533883
SCPT,94658,0,3,1.5,136,0.653363709,0.005540361,0,2.876171345,6,1,85.11184377,103.6144185,181.9068717,59.07956656,147.5098685,0.468688685,0.271978391,-0.290839976,0.833769765,-0.081240193
SCPT,94658,3,4,3.5,281,8.780120971,0.050371413,0.002412689,1.812943375,6,1,174.7961068,212.7952605,212.1871611,133.1843608,252.8030859,0.474734479,0.278024184,0.280885949,0.746620329,0.1057438
SCPT,94658,4,5,4.5,151,1.339904245,0.01360325,0.024699463,2.624224291,6,1,119.4123417,145.3715464,162.6138734,97.7874016,224.2147219,0.234697277,0.037986983,-0.074098679,0.434484086,-0.395324336
SCPT,94658,5,6,5.5,171,2.077725048,0.012436676,0.039715819,2.363239921,6,1,132.4991923,161.3033645,158.6102587,109.3565552,233.9812509,0.255087007,0.058376713,0.075213567,0.447049864,-0.313577431
SCPT,94658,6,7,6.5,172,3.563677338,0.01230678,0.008967019,2.058869418,6,1,148.4804171,180.7587686,161.1064289,123.7250402,244.7663121,0.147041399,-0.049668896,0.065429281,0.329432791,-0.35280945
SCPT,94658,7,8,7.5,165,8.22767292,0.040961248,0.015399391,1.816718967,6,1,187.7342072,228.5459914,202.4554649,160.4947673,298.609441,-0.129081697,-0.325791991,-0.204574462,0.027684135,-0.593191028
SCPT,94658,8,9,8.5,226,11.20075058,0.065152187,0.018582153,1.721388332,6,1,205.029294,249.6008796,220.1423099,180.5643537,328.1595471,0.097382133,-0.099328161,0.026260799,0.224447755,-0.372964915
SCPT,94658,9,10,9.5,189,2.829798181,0.03036102,0.069283079,2.379019118,6,1,161.6820113,196.8302746,170.3845482,143.3926834,302.5529327,0.156115502,-0.040594792,0.103689084,0.27616011,-0.470509231
SCPT,94658,10,11,10.5,156,2.722710231,0.019956211,0.191979588,2.305120039,6,1,156.1377973,190.0807967,155.5706536,141.6101448,293.7673328,-0.000882926,-0.19759322,0.002756015,0.096778185,-0.632932062
SCPT,94658,11,12,11.5,213,4.330223956,0.025126814,0.068426269,2.07741979,6,1,173.1481353,210.7890343,169.0787072,158.2769154,310.8236678,0.207144664,0.01043437,0.230927836,0.296946038,-0.377933601
SCPT,94658,12,13,12.5,208,4.51254985,0.020787949,0.135071314,2.019768905,6,1,173.3334654,211.0146535,164.3096008,160.4150339,309.8267699,0.182320795,-0.014389499,0.235785622,0.259773661,-0.398475255
SCPT,94658,13,14,13.5,182,3.518608721,0.016618568,0.187104378,2.125109327,6,1,165.7781788,201.8169133,152.5067825,155.2101754,306.3006603,0.093356065,-0.10335423,0.176797617,0.159226518,-0.520560483
SCPT,94658,14,15,14.5,163,6.489974507,0.036467823,0.052730453,1.889432476,6,1,192.2333655,234.0232276,183.3900502,184.5747899,347.0141067,-0.164959878,-0.361670173,-0.117865106,-0.124304546,-0.755615232
SCPT,94658,15,16,15.5,167,2.560774148,0.032571231,0.171397407,2.413406549,6,1,165.8389055,201.8908415,148.733766,162.9302986,345.3934325,0.006976944,-0.18973335,0.11583591,0.024671319,-0.726690339
SCPT,94658,16,17,16.5,151,1.153547151,0.013699588,0.13318203,2.736017484,6,1,136.4495753,166.1125265,108.963091,137.5518641,311.6956801,0.101324702,-0.095385592,0.326270627,0.093278797,-0.724747491
SCPT,94658,17,18,17.5,177,5.550369022,0.035944594,0.161301935,1.988058465,6,1,192.8150904,234.7314144,173.0521786,189.9314493,362.8364928,-0.085581916,-0.28229221,0.022556573,-0.070513481,-0.717802567
SCPT,94658,18,19,18.5,146,9.08761581,0.050621755,0.154047657,1.799901328,6,1,216.2482566,263.2587472,199.885244,213.0533436,386.1337574,-0.392820462,-0.589530757,-0.3141368,-0.377935952,-0.972577209
SCPT,140263,0,2,1,298,2.489464307,0.102717513,0.025288217,2.768035383,7,2,129.724158,157.9250619,299.4651051,77.524707,187.6910405,0.831683152,0.634972858,-0.004904414,1.346496801,0.462296277
SCPT,140263,2,3,2.5,271,2.361698739,0.088947151,0.266967287,2.761517294,7,2,144.7394775,176.2045813,239.9592763,105.2332609,247.5405993,0.627183402,0.430473107,0.121649594,0.945939402,0.090544215
SCPT,140263,3,4,3.5,282,2.608368944,0.075270203,0.921538891,2.649562883,7,2,148.5348791,180.8250702,215.5631848,115.710445,264.1649627,0.641087264,0.44437697,0.268653004,0.890816164,0.065333304
SCPT,140263,4,5,4.5,270,2.434328699,0.059652355,0.817741494,2.633494657,7,2,148.4807028,180.7591164,196.3592864,120.5528137,273.0778536,0.597966957,0.401256662,0.318475884,0.806334015,-0.011334974
SCPT,140263,5,6,5.5,271,1.328492898,0.04225285,0.325059933,2.911076634,7,2,132.3586239,161.1322378,171.2076722,113.5485997,273.5230905,0.716603734,0.51989344,0.459241544,0.869887884,-0.009267224
SCPT,140263,6,7,6.5,197,1.278034479,0.056035983,0.476799978,3.009319106,7,2,135.7046549,165.2056669,169.5116962,121.1025801,295.9425765,0.372722859,0.176012565,0.1502818,0.486565773,-0.406961708
SCPT,140263,7,8,7.5,193,1.081885172,0.01579866,0.646734443,2.803614889,7,2,118.9664017,144.8286629,126.1673299,110.7650907,259.9814504,0.483849075,0.28713878,0.425081148,0.555278531,-0.297920095
SCPT,140263,8,9,8.5,213,2.286928928,0.071382696,0.232254782,2.717967892,7,2,163.5225794,199.0709663,184.1998872,144.7795462,328.2954697,0.264341084,0.06763079,0.145270654,0.386079951,-0.432621859
SCPT,140263,9,10,9.5,201,1.682626544,0.04108656,0.649845203,2.763352687,7,2,146.2314493,178.0208948,152.0046654,136.4735651,313.5641176,0.318114273,0.121403978,0.279393694,0.387173975,-0.444698953
SCPT,140263,10,11,10.5,203,1.34587487,0.015402824,0.460620291,2.670323886,7,2,132.090637,160.8059929,124.0403708,125.2593951,282.632299,0.429717648,0.233007354,0.492598896,0.482819231,-0.330940777
SCPT,140263,11,12,11.5,239,1.868544611,0.03438581,0.351770563,2.670059757,7,2,152.4439308,185.5839158,146.7971191,143.9692547,321.8252499,0.44966669,0.252956396,0.487412061,0.506863784,-0.297545144
SCPT,140263,12,13,12.5,266,4.238740252,0.16491779,0.0141793,2.578661494,7,2,211.760188,257.7950115,220.9518246,188.8347472,405.4478615,0.228041863,0.031331569,0.185551619,0.34262403,-0.421495978
SCPT,140263,13,14,13.5,299,2.898578144,0.130736223,0.042080618,2.746354421,7,2,194.5838404,236.8846752,194.67599,179.1589515,400.0006698,0.429580447,0.232870153,0.429106986,0.512170165,-0.291022648
SCPT,140263,14,15,14.5,282,3.186337297,0.137109749,0.022134812,2.698795447,7,2,200.9147573,244.5918785,195.8941171,185.9965486,410.1165813,0.339026346,0.142316052,0.364332777,0.416178953,-0.374534393
SCPT,140263,15,16,15.5,310,4.160393129,0.212127577,0.041455148,2.671726476,7,2,223.2717809,271.8091246,218.6424264,204.1606356,442.3172146,0.32818252,0.131472225,0.349134658,0.417665184,-0.355455007
SCPT,140263,16,17,16.5,331,5.268885567,0.279299155,0.061211524,2.6143176,7,2,242.1912968,294.8415787,235.8131738,219.8928788,466.5478033,0.312390479,0.115680185,0.33907852,0.408977862,-0.343242112
SCPT,140263,17,18,17.5,310,4.412899939,0.30840117,0.050175323,2.755412433,7,2,238.6322455,290.5088206,227.6434772,219.686249,479.0595204,0.261648652,0.064938358,0.308791589,0.34437191,-0.435252552
SCPT,140263,18,19,18.5,276,2.292529931,0.08434316,0.015004425,2.769134712,7,2,186.2941665,226.7928983,156.4702973,182.3158258,408.5014877,0.393073901,0.196363607,0.567534667,0.414660376,-0.39209469
SCPT,140263,19,20,19.5,332,2.785219987,0.109556916,0.144300474,2.720177118,7,2,197.0820833,239.9260144,164.7400024,194.4393183,428.9153694,0.52151466,0.324804366,0.700766481,0.535014843,-0.256124656
SCPT,140263,20,21,20.5,415,6.446311455,0.202699792,1.028713055,2.390701419,7,2,243.7480057,296.7367025,214.3677556,234.144024,473.4808556,0.532143592,0.335433298,0.660585496,0.572342107,-0.13183296
SCPT,57356,0,0.5,0.25,93,3.106435897,0.040533409,0,2.31547072,2,1,103.6849664,126.2251765,251.1843319,53.17258732,123.177976,-0.10875764,-0.305467934,-0.993587566,0.559056506,-0.281030775
SCPT,57356,0.5,1,0.75,93,1.848790592,0.081368006,0.048496959,2.88496577,2,1,119.0848586,144.9728714,299.8195473,71.62885485,178.9152053,-0.247236843,-0.443947138,-1.170581292,0.2611015,-0.654312487
SCPT,57356,1,1.5,1.25,98,1.116311563,0.035732881,0.023611518,2.974424355,2,1,107.1575696,130.4526935,227.6671499,72.06892835,183.103021,-0.089332886,-0.28604318,-0.842917215,0.307344479,-0.625081472
SCPT,57356,1.5,2,1.75,80,0.795590913,0.022091849,0.015405269,3.06165675,2,1,99.98829736,121.7248837,193.5190125,72.53436215,187.0915635,-0.223026518,-0.419736812,-0.883349129,0.097966224,-0.849571507
SCPT,57356,2,2.5,2.25,72,0.826311366,0.013853125,0.017023831,2.930865873,2,1,100.6486706,122.5288164,171.6023942,75.29267908,187.8157388,-0.334969825,-0.531680119,-0.86851402,-0.044716788,-0.95879525
SCPT,57356,2.5,3,2.75,94,0.894554312,0.013956508,0.045727325,2.893540475,2,1,105.8909289,128.9106961,169.0493106,80.61069251,197.979822,-0.119114809,-0.315825104,-0.586895669,0.15366348,-0.744870334
SCPT,57356,3,3.5,3.25,78,3.5157978,0.018659093,0.010830841,2.078924505,2,1,136.8653289,166.6186613,175.3140675,105.3757952,216.7079976,-0.562288615,-0.758998909,-0.80987021,-0.300824136,-1.021841987
SCPT,57356,3.5,4,3.75,134,11.32815765,0.055960241,0.010659792,1.685010147,2,1,182.4339187,222.0934663,214.5596142,142.1867681,261.4806708,-0.308548218,-0.505258513,-0.470747821,-0.059301662,-0.668520564
SCPT,57356,4,4.5,4.25,136,13.16324547,0.067623981,0.023279087,1.639541112,2,1,191.7627748,233.4503345,223.1138147,152.8418353,276.9593739,-0.343604174,-0.540314469,-0.495027135,-0.116748745,-0.711215945
SCPT,57356,4.5,5,4.75,155,12.35268219,0.073967507,0.024159804,1.700574763,2,1,196.0376916,238.6545811,226.8227853,157.3882452,288.0946105,-0.234881828,-0.431592122,-0.380743914,-0.015290535,-0.619863818
SCPT,57356,5,5.5,5.25,147,9.643155209,0.070359447,0.038022442,1.837862715,2,1,193.1729866,235.1671142,222.3781056,155.5254544,293.0515759,-0.273153505,-0.469863799,-0.413946525,-0.056376825,-0.689916034
SCPT,57356,5.5,6,5.75,138,5.378333558,0.049509314,0.020377909,2.100807956,2,1,175.2812601,213.3858818,201.7480065,142.4391864,285.2632678,-0.239138199,-0.435848493,-0.379765741,-0.031661461,-0.726158815
SCPT,57356,6,6.5,6.25,146.5,6.416559997,0.037090038,0.01338596,1.928477377,2,1,175.6358169,213.8175162,192.9766406,145.9979492,280.9891676,-0.1813872,-0.378097495,-0.27554372,0.003432853,-0.651290691
SCPT,57356,6.5,7,6.75,159,10.07090595,0.062766405,0.055442231,1.783069086,2,1,197.2050026,240.0756553,216.6145755,166.2688352,307.8313127,-0.215339608,-0.412049902,-0.309215422,-0.044701765,-0.660647745
SCPT,57356,7,7.5,7.25,149.5,10.30985372,0.061516779,0.057088454,1.764028918,2,1,198.857541,242.0874412,215.927079,169.9010293,312.6936342,-0.285292301,-0.482002595,-0.367644361,-0.127919694,-0.737927514
SCPT,57356,7.5,8,7.75,185.5,14.11394221,0.087508624,0.065039727,1.663676955,2,1,215.2044005,261.9879658,235.221175,186.4689071,333.7076378,-0.148533395,-0.345243689,-0.23747136,-0.005209625,-0.587210392
SCPT,57356,8,8.5,8.25,166.5,13.24199603,0.082356422,0.070272055,1.686531285,2,1,214.1233325,260.6718831,231.2597566,187.0644568,336.2138751,-0.25155686,-0.448267154,-0.328546257,-0.116457937,-0.702752181
SCPT,57356,8.5,9,8.75,188.5,10.46317574,0.080529588,0.073932567,1.824088341,2,1,211.0700277,256.9548164,224.9160567,183.4709928,339.6775988,-0.113091956,-0.309802251,-0.176629245,0.027041429,-0.588898922
SCPT,57356,9,9.5,9.25,183,9.946946339,0.077413633,0.079182923,1.844371877,2,1,210.4230937,256.1672445,221.6381159,184.3737533,342.6025172,-0.139634083,-0.336344377,-0.19155979,-0.007478813,-0.62708478
SCPT,57356,9.5,10,9.75,179,8.244509626,0.080343157,0.080491473,1.96597061,2,1,208.4250548,253.7348494,217.8307068,182.6679978,348.3983582,-0.152193721,-0.348904016,-0.196332381,-0.020284479,-0.665960727
SCPT,57356,10,10.5,10.25,150,6.468890486,0.058587865,0.063611201,2.037287954,2,1,196.0363272,238.6529201,199.438083,173.9590973,337.9537672,-0.267664691,-0.464374985,-0.284868533,-0.148184905,-0.812273809
SCPT,57356,10.5,11,10.75,170,7.500854135,0.068009551,0.049502257,1.961862288,2,1,202.5321217,246.5608438,207.0807194,182.6187526,349.2238034,-0.175100063,-0.371810357,-0.197310229,-0.071602224,-0.71991455
SCPT,57356,11,11.5,11.25,183,15.71503205,0.123723123,0.086428692,1.693704442,2,1,239.0204231,290.9813846,251.5872662,216.2040071,383.9422736,-0.267062848,-0.463773142,-0.318303759,-0.166736286,-0.741006059
SCPT,57356,11.5,12,11.75,214,15.96685346,0.138391661,0.095484165,1.716029848,2,1,244.7238919,297.924738,256.7308245,221.3870182,393.9359401,-0.134154588,-0.330864883,-0.182052145,-0.033936368,-0.610212292
SCPT,57356,12,12.5,12.25,210.5,12.96429524,0.107563469,0.104682015,1.772051679,2,1,233.2592508,283.9677835,238.5570538,212.8514911,384.6906154,-0.102664846,-0.29937514,-0.125122848,-0.011109044,-0.602953762
SCPT,57356,12.5,13,12.75,222.5,12.65760437,0.118805567,0.11297452,1.814438864,2,1,237.2585447,288.8364893,241.1938033,216.2704874,393.5924539,-0.064223351,-0.260933645,-0.080673672,0.028397221,-0.570388891
SCPT,57356,13,13.5,13.25,179,13.37664896,0.120536842,0.115900863,1.784396578,2,1,239.976562,292.1453798,243.0680282,220.6086205,398.3560722,-0.293155454,-0.489865749,-0.30595555,-0.209004378,-0.799960453
SCPT,57356,13.5,14,13.75,177,10.53524102,0.102008902,0.12288779,1.883766477,2,1,230.4437278,280.5401904,227.4820483,212.3974251,392.7849724,-0.263856969,-0.460567263,-0.250921594,-0.182309434,-0.797112586
SCPT,57356,14,14.5,14.25,174.5,16.73267632,0.132606412,0.121922489,1.674856533,2,1,249.7150049,304.0008755,254.4103946,234.3439154,411.5095505,-0.358395545,-0.55510584,-0.377023948,-0.294865019,-0.857907487
SCPT,57356,14.5,15,14.75,220,20.8869648,0.199724971,0.103492195,1.663102995,2,1,272.0437519,331.183698,282.3128913,252.7273703,438.5384164,-0.21233536,-0.409045654,-0.249388453,-0.138683774,-0.68981987
SCPT,57356,15,15.5,15.25,217.5,19.83483287,0.201010872,0.124510076,1.696453091,2,1,272.5126151,331.7544879,279.7571696,253.3256527,442.4554451,-0.225486056,-0.422196351,-0.251723125,-0.152476975,-0.71014092
SCPT,57356,15.5,16,15.75,224,19.75395054,0.169244246,0.129440347,1.644876864,2,1,265.5749794,323.3086706,270.857503,251.8377868,436.2063533,-0.170251157,-0.366961452,-0.189946812,-0.117139125,-0.666469367
SCPT,57356,16,16.5,16.25,199.5,7.856150739,0.10581633,0.158781223,2.046886955,2,1,225.6567528,274.7125686,212.2015852,213.9459466,410.8185919,-0.123200815,-0.31991111,-0.06172246,-0.069909161,-0.722337499
SCPT,57356,16.5,17,16.75,184,8.545700261,0.103061437,0.036048321,1.990581279,2,1,228.7267367,278.4499404,213.7056774,217.9094199,412.822391,-0.217592244,-0.414302538,-0.149663972,-0.169143714,-0.808081697
SCPT,57356,17,17.5,17.25,172.5,3.68859198,0.033683622,0.112993455,2.206608874,2,1,179.7766015,218.8584713,149.855943,177.4085901,357.4037027,-0.041317741,-0.238028035,0.140722784,-0.028058254,-0.728468726
SCPT,57356,17.5,18,17.75,192,4.78591335,0.070708642,0.123416722,2.251576568,2,1,204.0693637,248.4322688,176.3289929,197.4440684,397.195714,-0.060964582,-0.257674876,0.085143844,-0.027959974,-0.72693377
SCPT,57356,18,18.5,18.25,186,1.413894714,0.016902353,0.463027514,2.657962225,2,1,143.9628863,175.259166,103.813765,148.2376855,329.1105631,0.256191141,0.059480847,0.583148101,0.226929705,-0.570647079
SCPT,57356,18.5,19,18.75,187,1.349489803,0.016824109,0.575235826,2.684283719,2,1,141.9010316,172.749082,99.53001193,148.2999409,331.0561281,0.275978763,0.079268468,0.630649391,0.231871766,-0.571179315
SCPT,57356,19,19.5,19.25,161,1.301235518,0.016435507,0.654621099,2.700946259,2,1,140.2132197,170.6943544,95.85944184,148.320332,332.1686097,0.138240103,-0.058470191,0.518521394,0.082030025,-0.724238336
SCPT,57356,19.5,20,19.75,189,1.324107008,0.017133548,0.619540781,2.699844448,2,1,141.9905549,172.8580668,96.56327074,150.2752151,336.1878639,0.285986474,0.08927618,0.671548566,0.229278635,-0.575923107
SCPT,156310,0,1,0.5,186,4.385016731,0.038111124,0,2.145696627,5,1,117.3750607,142.8913782,227.7436372,63.18150471,137.635461,0.460372219,0.263661925,-0.202473924,1.079735062,0.301138071
SCPT,156310,1,1.5,1.25,132,9.095709101,0.066861107,0.001042038,1.862146597,5,1,159.8569942,194.6085147,226.7539003,102.9217777,202.1648702,-0.191477707,-0.388188001,-0.541063367,0.248832663,-0.426281631
SCPT,156310,1.5,2,1.75,132,7.9782919,0.06067701,0,1.915143353,5,1,162.4297665,197.7405852,221.4836803,110.1123187,217.3402827,-0.207443779,-0.404154074,-0.517546986,0.181300999,-0.498662326
SCPT,156310,2,2.5,2.25,157,8.491563561,0.07647843,0,1.936575909,5,1,173.5304218,211.2544266,231.3409522,121.5020412,238.8745858,-0.100107121,-0.296817415,-0.387646801,0.256314743,-0.419692863
SCPT,156310,2.5,3,2.75,175,6.51650408,0.14767061,0.001560543,2.285371216,5,1,186.3824807,226.9004113,269.5607124,130.6337478,273.2696414,-0.063014936,-0.259725231,-0.432007669,0.292388385,-0.445673031
SCPT,156310,3,3.5,3.25,179,6.681475472,0.134061333,0.001227516,2.240795302,5,1,188.7590741,229.7936555,259.1566727,136.2542714,281.58621,-0.053085656,-0.24979595,-0.370046987,0.272863023,-0.453052847
SCPT,156310,3.5,4,3.75,152,7.415309357,0.092201618,0.003390682,2.070217228,5,1,186.2743086,226.7687235,236.8044419,139.534314,278.33208,-0.203339844,-0.400050138,-0.44335414,0.085569971,-0.604934412
SCPT,156310,4,4.5,4.25,190,11.48067116,0.190827867,0.002148353,2.015020619,5,1,219.3663266,267.0546584,279.3604886,163.4439745,316.8152046,-0.143718984,-0.340429279,-0.38547895,0.150553804,-0.511294581
SCPT,156310,4.5,5,4.75,200,13.36963169,0.225602662,0,1.974993801,5,1,231.9262925,282.3450517,290.1433273,174.7317068,333.4115054,-0.14810225,-0.344812544,-0.372057666,0.135065673,-0.511060113
SCPT,156310,5,5.5,5.25,191,12.45861032,0.235263822,0.002471499,2.031263273,5,1,234.2983998,285.2328345,290.2446097,178.4691777,343.6585997,-0.204322088,-0.401032382,-0.418450621,0.067857516,-0.587375294
SCPT,156310,5.5,6,5.75,227,7.456457154,0.110282233,0.001935478,2.118308359,5,1,201.0168251,244.7161349,236.8821007,159.6394156,317.4706642,0.121561406,-0.075148888,-0.042612534,0.352032398,-0.3354354
SCPT,156310,6,6.5,6.25,222,6.645385783,0.092760739,0.002728461,2.138072265,5,1,195.7287135,238.2784338,225.299816,158.4070278,316.7613081,0.125947796,-0.070762498,-0.014754649,0.337509536,-0.355471137
SCPT,156310,6.5,7,6.75,236,6.52285155,0.101674339,0.00173974,2.178935981,5,1,199.5737441,242.9593406,228.0388773,162.6350861,326.8231663,0.167647993,-0.029062302,0.034315676,0.37232285,-0.325587444
SCPT,156310,7,7.5,7.25,259,6.790578754,0.09833257,0.002769949,2.142066676,5,1,201.4177163,245.2041763,225.1839903,166.4011614,331.4441011,0.25144712,0.054736826,0.139910259,0.442426554,-0.246631109
SCPT,156310,7.5,8,7.75,195,6.363112126,0.083954346,0,2.139155691,5,1,197.6958711,240.6732344,216.5274889,165.7474241,330.0705855,-0.013730287,-0.210440581,-0.10471795,0.162534471,-0.526306969
SCPT,156310,8,8.5,8.25,216,10.74969068,0.207432881,0,2.081349641,5,1,239.0346428,290.9986956,269.8487178,196.0629025,378.645002,-0.101330083,-0.298040377,-0.22258309,0.096842869,-0.561320688
SCPT,156310,8.5,9,8.75,252,11.56527226,0.228996826,0.001692804,2.066899077,5,1,246.2715252,299.8088133,276.1243478,203.0672778,389.5094937,0.022994399,-0.173715895,-0.091422212,0.215891745,-0.435459152
SCPT,156310,9,9.5,9.25,238,11.26402087,0.224900251,0.001473686,2.078439197,5,1,246.65004,300.2696139,272.7378272,205.1396299,394.0229146,-0.035699816,-0.232410111,-0.13624032,0.148579805,-0.504138393
SCPT,156310,9.5,10,9.75,243,9.740877089,0.168560625,0,2.078640895,5,1,234.4399529,285.40516,251.8262429,199.0337727,384.2021785,0.035861953,-0.160848342,-0.035677894,0.199586921,-0.458107477
SCPT,156310,10,10.5,10.25,218,9.367490576,0.117358541,0.004190155,1.993053218,5,1,223.5426371,272.1388626,233.3667953,194.7469096,371.0982773,-0.025107103,-0.221817398,-0.068116382,0.112794247,-0.531971863
SCPT,156310,10.5,11,10.75,201,18.27829185,0.247140872,0.002602316,1.811517647,5,1,268.4008292,326.7488356,291.5077003,231.1381517,415.8314428,-0.289176586,-0.485886881,-0.371761513,-0.139710683,-0.726975085
SCPT,156310,11,11.5,11.25,210,11.9250526,0.166767925,0,1.954638761,5,1,244.3858881,297.5132551,255.1196469,213.046265,398.4123092,-0.151640954,-0.348351248,-0.194625108,-0.014401818,-0.640379891
SCPT,156310,11.5,12,11.75,194,9.028874101,0.105184942,0.014649679,1.985313452,5,1,223.2572259,271.7914055,224.6048354,199.3942538,378.6140365,-0.140466427,-0.337176721,-0.146484412,-0.02742588,-0.668659154
SCPT,156310,12,12.5,12.25,207,16.28710336,0.144111817,0.00793487,1.713010472,5,1,247.659869,301.4989709,258.4484501,225.4181433,400.3586,-0.179337516,-0.37604781,-0.221977461,-0.085238299,-0.659641852
SCPT,156310,12.5,13,12.75,212,27.25045252,0.292690705,0.005999584,1.624274241,5,1,290.5765308,353.7453418,316.942671,260.3440678,445.1452346,-0.315280712,-0.511991006,-0.402134634,-0.205417819,-0.741814324
SCPT,156310,13,13.5,13.25,259,8.461392231,0.086453483,0.021717865,1.914972784,5,1,212.9970948,259.300811,210.2491709,200.951501,380.2932847,0.195549536,-0.001160758,0.208534706,0.253764472,-0.384114695
SCPT,156310,13.5,14,13.75,256,24.87517721,0.095568736,0.007179748,1.342219975,5,1,237.7554682,289.4414396,257.0026619,239.1199858,392.0252337,0.073934743,-0.122775551,-0.003908998,0.068211986,-0.426148765
SCPT,156310,14,14.5,14.25,256,27.40613775,0.130780853,0.006085613,1.368237788,5,1,252.5209489,307.4168074,274.0192538,251.3595705,412.3444029,0.013683233,-0.183027061,-0.068020929,0.018292979,-0.476681485
SCPT,156310,14.5,15,14.75,264,26.14722366,0.084208865,0.016855103,1.280805451,5,1,234.3934043,285.3484921,255.1537719,243.0245877,392.6850329,0.118948185,-0.07776211,0.034082713,0.082786481,-0.397058744
SCPT,156310,15,15.5,15.25,247,21.90104338,0.132320767,0.001908609,1.509706148,5,1,254.9443005,310.3669745,264.6211389,248.2467073,419.4239178,-0.031656755,-0.228367049,-0.068910802,-0.005034703,-0.529493809
SCPT,156310,15.5,16,15.75,254,25.2352259,0.152951913,0,1.467704162,5,1,263.8208036,321.1731522,277.4895858,258.7401646,431.35429,-0.037935832,-0.234646126,-0.088449137,-0.018490066,-0.529595504
SCPT,156310,16,16.5,16.25,274,31.48580243,0.161132513,0.005457768,1.353506024,5,1,268.4575419,326.8178771,294.1360442,270.6169739,438.451128,0.020435336,-0.176274958,-0.070914289,0.012423666,-0.470120247
SCPT,156310,16.5,17,16.75,266,23.90418299,0.278539223,0.018999866,1.687498885,5,1,295.5532894,359.8040045,303.7877584,274.4828883,473.4426331,-0.105352848,-0.302063142,-0.132832986,-0.031392613,-0.576534442
SCPT,148995,0,1,0.5,398,7.603789962,0.06305665,0,1.92377546,6,1,134.1613431,163.3268525,251.266117,73.88773538,152.3876044,1.087408876,0.890698582,0.459939401,1.683905153,0.960024701
SCPT,148995,1,2,1.5,394.4,9.896565611,0.043786222,0.001907971,1.711282245,6,1,156.2782891,190.2518302,206.3289729,105.4480178,199.8691668,0.9257273,0.729017006,0.647893772,1.319147514,0.679702636
SCPT,148995,2,3,2.5,456.5,10.05723983,0.03372349,0.004917199,1.644889252,6,1,161.8627542,197.0503095,195.2495333,119.6206306,220.5702729,1.03683992,0.840129626,0.849310302,1.339263376,0.727372358
SCPT,148995,3,4,3.5,95.7,6.194981957,0.017345908,0.012013736,1.806266222,6,1,151.8233986,184.8284853,175.4117404,116.0280063,219.6796332,-0.461499696,-0.65820999,-0.605917714,-0.192613297,-0.830951974
SCPT,148995,4,5,4.5,95.7,9.679363424,0.025783968,0.024963949,1.614794697,6,1,168.6916988,205.3638072,188.1188599,137.1720477,247.3810464,-0.566854483,-0.763564777,-0.675855698,-0.360017662,-0.949711547
SCPT,148995,5,6,5.5,175,6.139521175,0.017237005,0.035205321,1.809367095,6,1,160.248554,195.0851962,172.6833983,131.3982867,246.2022889,0.088059901,-0.108650393,0.013326124,0.286552907,-0.341367537
SCPT,148995,6,7,6.5,133.4,1.890134016,0.005128953,0.080094238,2.261731327,6,1,124.1258347,151.1097118,127.9535625,105.0596189,217.5044273,0.072056286,-0.124654008,0.041684728,0.238824146,-0.488867072
SCPT,148995,7,8,7.5,111.4,0.438703582,0.002318408,0.314109006,2.981150069,6,1,87.14394632,106.0882825,80.62294507,82.94281093,201.2313043,0.245566021,0.048855726,0.32334404,0.294975982,-0.591327687
SCPT,148995,8,9,8.5,134.4,0.543922981,0.002181796,0.287180469,2.852940985,6,1,93.64801897,114.006284,84.13951192,88.13848407,206.4087758,0.361277153,0.164566859,0.468344151,0.421911168,-0.429038123
SCPT,148995,9,10,9.5,182.3,2.738486758,0.009541072,0.083791339,2.15613058,6,1,145.8207369,177.5208971,143.2051681,129.6812887,260.2904816,0.223275644,0.02656535,0.241375338,0.340573867,-0.356144562
SCPT,148995,10,11,10.5,138.2,1.009983433,0.005110618,0.21861863,2.611923123,6,1,114.8004281,139.7570429,99.94712898,109.6698752,244.3501309,0.185506698,-0.011203596,0.324060575,0.231227193,-0.569900248
SCPT,148995,11,12,11.5,136.6,0.565291804,0.002258398,0.415132732,2.841752983,6,1,97.04124047,118.1371623,75.36957857,96.68219012,223.8940528,0.3419209,0.145210605,0.594653221,0.345627738,-0.494116014
SCPT,148995,12,13,12.5,137.2,0.627766093,0.002173699,0.425395625,2.778386307,6,1,100.5641273,122.4258941,76.65784478,100.1375722,227.7132624,0.310644109,0.113933815,0.58208777,0.314894752,-0.506647501
SCPT,148995,13,14,13.5,200.4,3.905192765,0.012102191,0.149559942,1.969707897,6,1,160.2440456,195.0797077,145.3279508,153.496061,294.2114366,0.223617431,0.026907137,0.321322451,0.266640464,-0.383983312
SCPT,148995,14,15,14.5,326.5,7.124592191,0.020795996,0.108719222,1.760191928,6,1,186.77804,227.3819617,176.0058485,178.584582,322.8582405,0.558508989,0.361798695,0.617912724,0.603367611,0.011216606
SCPT,148995,15,16,15.5,338.8,8.483730195,0.018549456,0.130877203,1.643643945,6,1,189.5601243,230.7688469,177.4259189,184.797926,323.9285433,0.58070371,0.383993416,0.646856799,0.606147026,0.044887017
SCPT,148995,16,17,16.5,299,7.86040607,0.014789265,0.136155033,1.672429491,6,1,188.2736238,229.2026725,173.2472543,182.519608,319.3638295,0.462547223,0.265836929,0.545723784,0.493585965,-0.065887411
SCPT,148995,17,18,17.5,305.9,5.877616456,0.049818364,0.361145567,2.038943952,6,1,200.7363546,244.3746925,183.856177,196.7951,378.7792273,0.421265873,0.224555579,0.509104446,0.441095165,-0.213695271
SCPT,148995,18,19,18.5,250.5,5.967106093,0.065551347,0.401978912,2.105692762,6,1,208.0390147,253.2648874,188.2114358,204.9099858,398.141172,0.185733288,-0.010977006,0.285892931,0.200888131,-0.463347725
SCPT,148995,19,20,19.5,220.4,2.461077413,0.022309752,0.969209852,2.397035038,6,1,163.1232245,198.5847951,131.4495154,167.3714281,348.4376847,0.300938184,0.104227889,0.516821213,0.275228614,-0.458015327
SCPT,148995,20,21,20.5,175.8,3.053352156,0.035959049,0.124451702,2.370978424,6,1,181.7721682,221.2878569,150.4666378,182.1433761,376.0668094,-0.033407094,-0.230117389,0.155605601,-0.035447172,-0.760419827
SCPT,148995,21,22,21.5,294.9,5.065458169,0.030660748,0.050068392,1.977503297,6,1,190.533785,231.954173,164.5473564,195.9188847,374.2197627,0.436806788,0.240096494,0.583437906,0.408935596,-0.23820691
SCPT,148995,22,23,22.5,325.4,14.72440197,0.025857673,0.032805884,1.384731937,6,1,211.4213435,257.3825051,202.1790702,228.1166453,373.1925779,0.431202164,0.23449187,0.475901404,0.355198094,-0.137039386
SCPT,148995,23,24,23.5,354.7,6.340319418,0.07432765,0.104098308,2.056600789,6,1,217.2984087,264.5371932,187.7089685,223.2415705,430.1469139,0.490000798,0.293290503,0.636379638,0.463017901,-0.192854449
SCPT,148995,24,25,24.5,340.7,7.858089098,0.048983743,0.032590228,1.86772641,6,1,218.915424,266.5057335,192.6896635,225.0077981,412.4233549,0.442316861,0.245606567,0.569921391,0.414867265,-0.191048058
SCPT,148995,25,26,25.5,321.5,11.67482822,0.023452068,0.036040106,1.49673995,6,1,210.2632601,255.9726644,188.8520419,226.5882396,379.6894971,0.424637179,0.227926885,0.532033682,0.349863096,-0.166356262
SCPT,148995,26,27,26.5,297.3,10.30432085,0.023761604,0.053792531,1.563791608,6,1,209.2904531,254.7883776,182.9380505,225.1881285,383.7025055,0.351018715,0.154308421,0.485594156,0.27780555,-0.255125797
SCPT,192457,1.5,2,1.75,128,0.361935183,0.008109705,0.048392891,3.303993324,8,1,77.85818097,94.78387248,354.4183082,59.68430302,163.5224837,0.497141285,0.300430991,-1.018447613,0.762961209,-0.244920232
SCPT,192457,2,2.5,2.25,88,0.615747117,0.016620184,0.075358119,3.147880529,8,1,94.89179719,115.5204488,274.4424332,73.36050858,192.1142625,-0.075400451,-0.272110745,-1.13740471,0.181951054,-0.780753497
SCPT,192457,2.5,3,2.75,94,0.354635294,0.006209575,0.101949264,3.266849622,8,1,79.84796549,97.20621886,189.5731514,66.03567214,177.143768,0.163170387,-0.033539907,-0.701480191,0.353099699,-0.633666869
SCPT,192457,3,3.5,3.25,70,0.33206636,0.005280327,0.126041191,3.274942993,8,1,78.96281137,96.12863992,166.4993136,67.61445344,180.8676265,-0.120481757,-0.317192052,-0.866495945,0.034673473,-0.949270176
SCPT,192457,3.5,4,3.75,190,0.550433465,0.011036104,0.13855218,3.127748896,8,1,94.76800681,115.3697474,187.4001362,80.44967831,207.1836903,0.695592201,0.498881907,0.013777976,0.859392197,-0.08658172
SCPT,192457,4,4.5,4.25,272,0.854082434,0.013285745,0.039895163,2.909590442,8,1,109.282447,133.0395007,192.9314146,90.11920633,219.7921069,0.911866278,0.715155984,0.343467305,1.104668758,0.213119935
SCPT,192457,4.5,5,4.75,152,3.790523178,0.106508199,0.070020072,2.523404679,8,1,175.7773903,213.9898665,275.273652,136.9267878,299.6089061,-0.145337846,-0.34204814,-0.59388518,0.104434134,-0.678597457
SCPT,192457,5,5.5,5.25,238,7.501159125,0.157946546,0.564919911,2.219167912,8,1,205.1438798,249.7403754,278.4390885,160.4986376,325.0879255,0.148559088,-0.048151206,-0.156928649,0.39398522,-0.311825012
SCPT,192457,5.5,6,5.75,350,5.765754513,0.153234049,1.022353221,2.372168754,8,1,198.4109256,241.5437355,272.5649159,158.0939527,330.7102531,0.567592892,0.370882598,0.250056345,0.794743661,0.056690531
SCPT,192457,6,6.5,6.25,417,5.023975771,0.109138347,0.845086045,2.356561548,8,1,188.9111294,229.9787662,246.2593538,154.2209149,322.8590334,0.791809532,0.595099238,0.526700958,0.994700135,0.255870423
SCPT,192457,6.5,7,6.75,348,4.191959754,0.091493493,0.555463529,2.415740682,8,1,181.8942379,221.4364636,232.4144393,151.2725586,321.3180579,0.648777072,0.452066778,0.403680325,0.833119246,0.079771012
SCPT,192457,7,7.5,7.25,235,2.236768039,0.038994053,0.398465909,2.575756719,8,1,151.4230329,184.3410835,187.0983951,131.3306743,291.4878839,0.439508052,0.242797758,0.227950859,0.58186714,-0.215412926
SCPT,192457,7.5,8,7.75,152,2.287250953,0.036717089,0.536227265,2.547723304,8,1,151.8019358,184.8023566,180.9974386,133.5512749,294.1886062,0.001303904,-0.19540639,-0.174602359,0.129395035,-0.660340559
SCPT,192457,8,8.5,8.25,375,4.813492666,0.106387646,0.639411387,2.373384157,8,1,193.9040363,236.0570877,232.4701894,165.2265453,345.1054937,0.659562647,0.462852353,0.478164027,0.819608492,0.083075877
SCPT,192457,8.5,9,8.75,360,7.99487481,0.194713279,1.318623367,2.24379461,8,1,226.2593189,275.4461274,268.060173,189.9784632,380.3427082,0.464422261,0.267711967,0.29489255,0.639193317,-0.054968679
SCPT,192457,9,9.5,9.25,329,6.677891306,0.213839079,0.568695942,2.38356672,8,1,225.6856821,274.7477869,270.3238923,189.4679864,389.9365156,0.376914507,0.180204213,0.196436909,0.551837678,-0.169926195
SCPT,192457,9.5,10,9.75,268,6.938478374,0.151156466,0.467364194,2.239303449,8,1,217.5711572,264.8692349,247.8373289,187.837528,377.8476543,0.208461024,0.01175073,0.078214381,0.355409604,-0.343504103
SCPT,192457,10,10.5,10.25,217,21.9046466,0.129991169,0,1.503736765,8,1,241.8059786,294.3724956,262.5391735,221.9622782,378.4345536,-0.10823831,-0.304948604,-0.19050295,-0.022610096,-0.556145794
SCPT,192457,10.5,11,10.75,251,13.67523075,0.158683564,0.052786554,1.839279853,8,1,242.5402805,295.2664284,263.0183747,213.6767413,391.7159687,0.034285137,-0.162425157,-0.046770957,0.160988621,-0.445084068
SCPT,192457,11,11.5,11.25,337,10.88409768,0.097739944,0.103308579,1.815447596,8,1,218.3062126,265.7640849,231.1149846,201.1418291,371.427409,0.434184208,0.237473914,0.377167575,0.516072654,-0.097270515
SCPT,192457,11.5,12,11.75,278,3.911471199,0.053210907,1.829440165,2.315315526,8,1,177.5811652,216.1857663,178.1080627,167.0453107,344.3772556,0.448193341,0.251483046,0.445230654,0.509356017,-0.214116616
SCPT,192457,12,12.5,12.25,266,4.151224495,0.058884725,2.145669783,2.304775482,8,1,181.2007733,220.5922458,180.0240486,171.8853579,352.7974345,0.383890647,0.187180353,0.390405864,0.436668578,-0.282397744
SCPT,192457,12.5,13,12.75,201,4.303142033,0.072578618,2.076898264,2.339255559,8,1,187.7120832,228.5190578,186.9133021,177.7682468,366.3042406,0.068395592,-0.128314703,0.072660024,0.12282419,-0.600159339
SCPT,192457,13,13.5,13.25,280,4.745694481,0.144577579,0.333797219,2.473374026,8,1,211.7832989,257.8231465,220.3018919,192.9577519,404.8476331,0.279226026,0.082515732,0.239790761,0.37231834,-0.368721179
SCPT,192457,13.5,14,13.75,346,6.195303814,0.116434297,0.070719985,2.246035668,8,1,219.1837302,266.8323672,220.9297851,198.9761683,398.1035742,0.456528446,0.259818152,0.448593839,0.553253715,-0.140273433
SCPT,192457,14,14.5,14.25,420,6.07934321,0.187596679,0.062162363,2.399329328,8,1,231.8515882,282.2541074,239.0385023,208.5091979,427.355302,0.59415725,0.397446956,0.563630075,0.700271556,-0.017361045
SCPT,192457,14.5,15,14.75,315,6.196708083,0.249160246,0,2.477249375,8,1,241.9609118,294.56111,251.4203145,216.1300523,447.3661429,0.263796447,0.067086153,0.225446541,0.376692318,-0.350804732
SCPT,192457,15,15.5,15.25,324,6.245038654,0.182028188,0.159872514,2.370919895,8,1,232.8309497,283.4463735,233.2520762,212.7698103,433.1388067,0.330430863,0.133720569,0.328623775,0.420532637,-0.290314731
SCPT,192457,15.5,16,15.75,258,13.11141995,0.264919235,0.676322425,2.018284878,8,1,268.3808408,326.7245018,275.9411713,246.4431418,461.0441245,-0.039447435,-0.236157729,-0.067228111,0.04582828,-0.580534168
SCPT,192457,16,16.5,16.25,204,16.32702976,0.401510428,0.24241061,2.02362108,8,1,297.5612606,362.2484911,310.6719115,265.5802495,491.312066,-0.377500128,-0.574210422,-0.420617415,-0.263797059,-0.878959504
SCPT,192457,16.5,17,16.75,277,5.703747172,0.159876393,1.27839911,2.391911677,8,1,225.923303,275.0370645,215.5418571,213.2507875,435.8318653,0.203821932,0.007111638,0.250862383,0.261548627,-0.453239033
SCPT,192457,17,17.5,17.25,452,5.869962725,0.095201748,2.562340339,2.22244731,8,1,211.1607971,257.0653182,192.9974997,206.8006935,410.558737,0.761062265,0.564351971,0.851004946,0.781926684,0.096163175
SCPT,192457,17.5,18,17.75,414,4.285188129,0.0703524,1.97659197,2.332559923,8,1,195.1869359,237.6188784,172.0952443,194.27584,396.6670705,0.751908229,0.555197935,0.877817904,0.756586969,0.042768658
SCPT,192457,18,18.5,18.25,163,2.668829907,0.051467995,0.911316994,2.538054033,8,1,177.229856,215.7580855,149.6847761,178.1939403,382.2173944,-0.083697311,-0.280407605,0.08521861,-0.089122309,-0.852239341
SCPT,192457,18.5,19,18.75,156,2.838667779,0.040833905,0.952820515,2.446433658,8,1,176.1565616,214.4514663,146.4246676,177.6936216,373.6040658,-0.121517147,-0.318227441,0.063344925,-0.130204833,-0.873340582
SCPT,192457,19,19.5,19.25,192,3.761449647,0.037034275,0.677947812,2.263302275,8,1,184.5228237,224.636481,153.8284524,184.8976766,372.1292229,0.039722211,-0.156988084,0.221657336,0.037692799,-0.661745795
SCPT,192457,19.5,20,19.75,236,4.311471809,0.071823316,0.06230187,2.348288882,8,1,206.6706661,251.5990718,178.1162149,200.6496328,408.6448592,0.132705264,-0.064005031,0.281395575,0.162271538,-0.549014659
SCPT,192457,20,20.5,20.25,215,3.300345767,0.046589723,0.467464226,2.38422966,8,1,187.4067601,228.1473601,154.2416348,187.5605763,387.9694746,0.137356586,-0.059353708,0.332117598,0.136536161,-0.590288635
SCPT,192457,20.5,21,20.75,192,2.766905625,0.017089358,0.969610353,2.267022639,8,1,164.5857783,200.3652954,126.9914701,169.3984222,342.2061302,0.154063489,-0.042646805,0.413375452,0.125241904,-0.577917903
SCPT,192457,21,21.5,21.25,194,2.744524187,0.024827665,1.013018168,2.348108162,8,1,169.6050486,206.4757114,130.842915,175.687054,361.3810329,0.134385668,-0.062324626,0.393860677,0.099153849,-0.622074735
SCPT,192457,21.5,22,21.75,214,2.106643923,0.017785921,0.914171534,2.4339486,8,1,157.5184131,191.7615464,115.3283561,165.5702504,347.4073764,0.306433655,0.109723361,0.618192685,0.256580437,-0.484522072
SCPT,192457,22,22.5,22.25,238,2.018413195,0.036283712,0.460698845,2.619514361,8,1,169.0400888,205.7879342,126.3534048,175.6914202,383.2229744,0.342134775,0.145424481,0.633187893,0.303541512,-0.476346325
SCPT,192457,22.5,23,22.75,244,2.667956875,0.027791637,1.025050854,2.390002016,8,1,171.7528977,209.0904842,129.1016323,179.9993126,373.0236792,0.351111422,0.154401128,0.636568284,0.304215193,-0.424473675
SCPT,192457,23,23.5,23.25,238,4.938037636,0.077345895,0.181850647,2.261568367,8,1,213.1434297,259.4789579,175.3435437,215.4235649,430.4193596,0.110305356,-0.086404938,0.305523517,0.099664514,-0.592489315
SCPT,192457,23.5,24,23.75,199,4.923091909,0.11250369,0.0061214,2.36434603,8,1,224.8969796,273.7876273,187.4008529,223.449397,454.3336085,-0.122337604,-0.319047898,0.060054903,-0.115880152,-0.825526924
SCPT,192457,24,24.5,24.25,209,2.938068666,0.04216228,0,2.414024662,8,1,187.4372579,228.1844879,142.2490983,192.3247476,400.491841,0.108890087,-0.087820207,0.384754518,0.083148915,-0.650359142
SCPT,192457,24.5,25,24.75,216,1.213515598,0.024453584,0,2.832257205,8,1,153.1424394,186.434274,98.36895393,162.7663562,372.5965932,0.343909943,0.147199649,0.786553162,0.282962633,-0.545217907
SCPT,192457,25,25.5,25.25,220,1.712333731,0.045600062,0.021137735,2.776917917,8,1,173.030544,210.6458797,121.0234015,181.1237412,407.1216081,0.240159413,0.043449118,0.597643618,0.194447096,-0.615484386
SCPT,192457,25.5,26,25.75,231,1.898311204,0.052004079,0.029420856,2.746704055,8,1,178.9508221,217.8531747,126.6471997,186.8650201,416.5138561,0.25530668,0.058596385,0.601012445,0.212031172,-0.589502019
SCPT,192457,26,26.5,26.25,223,2.34572222,0.034446189,0.012313306,2.517324439,8,1,179.8977205,219.0059207,127.4615454,187.1701094,397.3435908,0.214783301,0.018073007,0.559357057,0.175153892,-0.577629603
SCPT,192457,26.5,27,26.75,247,5.928371241,0.06945142,0.979812371,2.130395924,8,1,219.5551076,267.2844788,174.3102893,227.9157358,440.3615026,0.117785076,-0.078925218,0.348551354,0.080412356,-0.57820765
SCPT,192457,27,27.5,27.25,268,7.07265897,0.08932076,2.279251288,2.090918954,8,1,229.7952132,279.7506944,184.8138621,239.947916,457.7376843,0.153798445,-0.042911849,0.371637813,0.110565098,-0.535309298
SCPT,192457,27.5,28,27.75,173,6.51396558,0.09040759,1.98625228,2.143553402,8,1,228.3531045,277.9950838,180.919625,238.5624329,460.2914413,-0.277601541,-0.474311835,-0.044761277,-0.321339455,-0.978568262
SCPT,192457,28,28.5,28.25,214,5.618237296,0.105000695,1.383785609,2.275465654,8,1,229.0072698,278.7914589,178.1111899,237.6297117,470.9426414,-0.067777734,-0.264488028,0.183567998,-0.104737614,-0.788760291
SCPT,192457,28.5,29,28.75,320,6.822107121,0.084341068,2.911513565,2.097120685,8,1,226.6486376,275.9200806,177.2740971,241.1366038,460.4153862,0.344920029,0.148209735,0.59062389,0.282957402,-0.3638081
SCPT,124802,0,1,0.5,105.4,0.956260922,0.01548491,0.006280864,2.87554719,6,2,85.19652967,103.7175144,238.9805032,49.20523638,126.0069356,0.212801935,0.01609164,-0.818619336,0.761762588,-0.178574313
SCPT,124802,1,1.5,1.25,116.4,0.75215498,0.024277857,0.01891619,3.117072509,6,2,95.2355681,115.9389525,209.579944,66.08549135,173.9801724,0.200679049,0.003968755,-0.588072725,0.566083308,-0.401908806
SCPT,124802,1.5,2,1.75,112.7,0.874291049,0.030904597,0.028953839,3.08505724,6,2,104.4010633,127.0969467,210.4857745,75.72517003,195.859304,0.07648956,-0.120220734,-0.62468865,0.397618819,-0.552667144
SCPT,124802,2,2.5,2.25,151,0.858722358,0.028022215,0.016909504,3.071652787,6,2,106.5564949,129.7209503,197.6572807,80.3698429,206.1205076,0.348604524,0.15189423,-0.269254789,0.630640819,-0.311181149
SCPT,124802,2.5,3,2.75,117.4,0.855907174,0.023128107,0,3.027257811,6,2,107.7628465,131.1895522,184.2631724,83.61398705,211.5424925,0.085653961,-0.111056333,-0.450778113,0.339376092,-0.588838981
SCPT,124802,3,3.5,3.25,138.4,1.174780931,0.009810848,0.005769999,2.663582609,6,2,111.0837259,135.232362,157.6995047,85.38621168,197.877949,0.219863839,0.023153545,-0.13054331,0.482963411,-0.357502378
SCPT,124802,3.5,4,3.75,148.3,1.63684913,0.008064933,0.00246703,2.43957334,6,2,119.1310223,145.0290707,151.6466625,91.70103084,200.516476,0.219013334,0.022303039,-0.022315977,0.480703629,-0.301659169
SCPT,124802,4,4.5,4.25,170.9,1.368530612,0.008650928,0.009887202,2.545892832,6,2,116.7188514,142.0925148,148.2735799,93.07589305,208.5956554,0.381310526,0.184600232,0.14201951,0.607663375,-0.199319125
SCPT,124802,4.5,5,4.75,182.6,2.024074446,0.005356019,0.002605436,2.256991788,6,2,124.2789774,151.2961464,142.1073428,97.6053132,202.1753032,0.384769112,0.188058818,0.250715261,0.626366038,-0.10183719
SCPT,124802,5,5.5,5.25,184.6,2.372670143,0.005403845,0.002393414,2.173463479,6,2,129.4508462,157.5923345,143.0121825,102.7602244,207.8484094,0.354890079,0.158179785,0.255261503,0.585792966,-0.118617691
SCPT,124802,5.5,6,5.75,172.9,2.357226635,0.013709647,0.002852737,2.319033024,6,2,138.538848,168.6559889,158.5803042,113.7539425,240.0437055,0.221562615,0.024852321,0.086452276,0.418675676,-0.32810762
SCPT,124802,6,6.5,6.25,177.7,2.424493139,0.01646508,0.003625384,2.336235366,6,2,142.5028542,173.4817355,161.3852687,118.6862819,251.1236562,0.220734706,0.024024412,0.096302255,0.40361301,-0.345848737
SCPT,124802,6.5,7,6.75,170.2,1.832566948,0.014858733,0.010901533,2.475089683,6,2,135.3961008,164.8300358,153.1067168,115.4760202,252.1464123,0.228769654,0.032059359,0.105839043,0.387911325,-0.393035704
SCPT,124802,7,7.5,7.25,167.1,0.919118328,0.007723096,0.140854123,2.756606688,6,2,112.8539593,137.3874288,123.7848976,101.0136505,234.6093725,0.392497848,0.195787554,0.300047073,0.503336774,-0.339329451
SCPT,124802,7.5,8,7.75,161.6,1.131312827,0.030230826,0.536502213,2.934556899,6,2,128.0911516,155.9370541,151.7165331,118.7451952,285.3573532,0.232382014,0.03567172,0.06311028,0.308144166,-0.56861812
SCPT,124802,8,8.5,8.25,188.7,1.246641075,0.052869981,0.285681172,2.998937907,6,2,138.815199,168.9924162,167.8268715,128.3472871,311.9834002,0.307014907,0.110304613,0.117225531,0.385418682,-0.50279153
SCPT,124802,8.5,9,8.75,282.7,6.075138588,0.023900992,0.001160192,1.872134259,6,2,174.4910922,212.4239383,178.2382768,153.4335277,288.9783117,0.482512572,0.285802278,0.461264976,0.611118836,-0.021965374
SCPT,124802,9,9.5,9.25,217.4,3.596746731,0.019559928,0.003573127,2.138739073,6,2,161.2906057,196.3537809,163.6309868,142.1101334,284.4275957,0.298531232,0.101820938,0.284125163,0.42513663,-0.26873975
SCPT,124802,9.5,10,9.75,243.7,6.660506849,0.03836949,0.030158183,1.932408582,6,2,188.8513197,229.9059544,194.4173554,166.649411,316.0661867,0.254977924,0.058267629,0.225930796,0.38004569,-0.260013683
SCPT,124802,10,10.5,10.25,231,5.494376581,0.027815173,0.065026331,1.983192251,6,2,180.4510126,219.6794936,181.7042018,160.0334411,306.5448618,0.246958368,0.050248074,0.24003761,0.36703491,-0.282946402
SCPT,124802,10.5,11,10.75,245.4,6.288874855,0.057955106,0.048901328,2.042949338,6,2,196.4899003,239.205096,207.1245789,175.7395968,341.670567,0.2222785,0.025568206,0.16956909,0.333886197,-0.330957486
SCPT,124802,11,11.5,11.25,228.6,5.929832443,0.277628468,0.090425949,2.531156173,6,2,233.0371464,283.6973956,266.8288727,200.9804999,423.5094903,-0.019224116,-0.21593441,-0.154633775,0.128765863,-0.616602172
SCPT,124802,11.5,12,11.75,282.3,4.794470306,0.251657788,2.065757562,2.637811655,6,2,217.3094982,264.5506935,242.7353631,195.6920426,422.0985761,0.261647739,0.064937445,0.150998526,0.366428123,-0.402268544
SCPT,124802,12,12.5,12.25,255.8,3.613934198,0.302091484,0.358757657,2.867865574,6,2,214.9713861,261.7042962,245.7177031,192.9798373,435.9107973,0.173890958,-0.022819337,0.04021256,0.281810176,-0.53304174
SCPT,124802,12.5,13,12.75,287.3,4.075681128,0.215345474,0.129672835,2.693781995,6,2,216.327307,263.3549825,234.5821879,193.0460968,421.764411,0.283734395,0.087024101,0.202720958,0.397597962,-0.383919924
SCPT,124802,13,13.5,13.25,250.5,2.303380416,0.063152839,0.898568821,2.684402566,6,2,167.9137049,204.4166842,163.1102587,162.330434,361.5817007,0.400008735,0.20329844,0.429032514,0.433824947,-0.3670291
SCPT,124802,13.5,14,13.75,304,3.97169677,0.10004254,0.111191669,2.449474583,6,2,198.7475538,241.9535438,197.9548261,184.3007989,389.0457975,0.424992256,0.228281961,0.428988848,0.500458502,-0.246669367
SCPT,124802,14,14.5,14.25,282.2,11.08150155,0.044893817,0.072981574,1.648016018,6,2,209.3503411,254.8612848,204.3398405,201.8951349,356.4376465,0.298606918,0.101896623,0.322831547,0.334867611,-0.233543281
SCPT,124802,14.5,15,14.75,280.2,10.76518643,0.025008288,0.058773204,1.554545098,6,2,197.0645617,239.9046838,190.1647081,193.3696475,333.1553241,0.351972234,0.15526194,0.387613053,0.370900005,-0.173105186
SCPT,124802,15,15.5,15.25,289.4,10.23771942,0.037018439,0.071384759,1.654185334,6,2,205.3199905,249.9547711,196.6028371,200.1748016,353.4206891,0.343240123,0.146529828,0.386624176,0.368618821,-0.199849287
SCPT,124802,15.5,16,15.75,246.1,9.612310679,0.025520874,0.064577891,1.624150272,6,2,197.7373074,240.7236786,186.6480638,194.0690541,339.3411099,0.218798538,0.022088243,0.276513125,0.237523913,-0.321267868
SCPT,124802,16,16.5,16.25,282.7,11.07883716,0.02343573,0.045881382,1.527891073,6,2,198.5375953,241.6979421,189.3980346,198.3980406,338.621702,0.353407786,0.156697491,0.400535461,0.354110946,-0.180497296
SCPT,124802,16.5,17,16.75,319.2,10.61967646,0.039661115,0.011123781,1.647199766,6,2,209.8430547,255.46111,198.5031706,207.7369629,365.2683913,0.419457973,0.222747679,0.475012793,0.429545188,-0.134814536
SCPT,124802,17,17.5,17.25,331.1,12.9788,0.037,0.0075,1.560131265,6,2,210.0063367,255.6598882,200.7488431,211.020826,363.4967555,0.455282739,0.258572445,0.500365854,0.450463615,-0.093349927
SCPT,125043,0,1.5,0.75,418,2.590905957,0.00914798,0,2.18062553,8,1,107.3013374,130.6277151,202.1841937,65.59837683,140.6277695,1.359840319,1.163130024,0.7263023,1.85193048,1.089364965
SCPT,125043,1.5,2,1.75,356,5.493989826,0.028119404,0,1.995096573,8,1,145.4988592,177.129046,203.4147387,97.89967069,196.1186598,0.894762485,0.69805219,0.559683788,1.290987545,0.596210847
SCPT,125043,2,2.5,2.25,188,2.658230127,0.011302475,0,2.263825256,8,1,126.4430821,153.9307086,180.2856139,87.68621668,184.6714694,0.3966497,0.199939406,0.041899625,0.76267724,0.017863558
SCPT,125043,2.5,3,2.75,111,0.247311398,0.001737702,0.005301139,3.198925437,8,1,69.10450472,84.12722313,57.04234045,56.33825915,149.5499026,0.473910281,0.277199987,0.665736394,0.678156338,-0.298099933
SCPT,125043,3,3.5,3.25,225,0.104662997,0.007527952,0,4.021767689,8,1,62.51857746,76.10957256,75.44945105,58.9680412,187.78994,1.28063665,1.083926356,1.092637493,1.33910478,0.180776404
SCPT,125043,3.5,4,3.75,167,0.537560888,0.012884991,0.023777482,3.145910548,8,1,96.25495697,117.1799476,151.6228946,81.21339607,211.3607771,0.55099334,0.354283045,0.096597331,0.720913603,-0.235572705
SCPT,125043,4,4.5,4.25,119,1.435020008,0.017246706,0.018196465,2.62419882,8,1,122.3246597,148.9169771,169.2349719,99.2372027,228.2503085,-0.027555162,-0.224265457,-0.352164623,0.181610522,-0.651319378
SCPT,125043,4.5,5,4.75,128,1.043207623,0.015347485,0,2.800957764,8,1,115.3667291,140.4464528,158.4313486,96.82096944,230.692424,0.103914261,-0.092796033,-0.213291103,0.279166667,-0.589055062
SCPT,125043,5,5.5,5.25,123,2.274285708,0.016875975,0.014224728,2.379103337,8,1,138.0309812,168.0377162,171.8166232,112.2601254,240.9373781,-0.115293806,-0.3120041,-0.334243409,0.091365628,-0.672352702
SCPT,125043,5.5,6,5.75,136,1.490792331,0.017612868,0.052058821,2.607409017,8,1,127.4498502,155.1563394,159.9546897,108.7285136,247.1509793,0.06493193,-0.131778364,-0.1622357,0.223800811,-0.597344517
SCPT,125043,6,6.5,6.25,151,1.275718637,0.015541179,0.017064168,2.700583867,8,1,125.8812655,153.246758,156.160758,107.6867285,248.0639384,0.181940711,-0.014769583,-0.03360614,0.338053487,-0.496406692
SCPT,125043,6.5,7,6.75,139,0.834094047,0.012234932,0.099571005,2.901112199,8,1,113.7160967,138.4369873,139.745929,101.4524626,244.4295518,0.200768971,0.004058676,-0.005352048,0.314883593,-0.564453203
SCPT,125043,7,7.5,7.25,120,0.872743716,0.010987901,0.047779751,2.847274194,8,1,114.9751614,139.9697617,134.0730354,103.2408339,245.5189395,0.042775625,-0.153934669,-0.110892949,0.150427291,-0.715882348
SCPT,125043,7.5,8,7.75,98,0.42330795,0.009401242,0.181209193,3.246490918,8,1,95.0415297,115.7027318,102.7915333,93.54825347,243.3802833,0.030653528,-0.166056766,-0.04773551,0.046490096,-0.909657693
SCPT,125043,8,8.5,8.25,109,0.530668664,0.00834798,0.125368801,3.082799496,8,1,100.4891137,122.3345732,105.5213319,97.37319045,243.8793826,0.081298482,-0.115411812,0.032434752,0.112796961,-0.805325887
SCPT,125043,8.5,9,8.75,107,0.516472759,0.008070534,0.242099245,3.095343642,8,1,99.05919467,120.5938022,98.91295323,98.31762432,246.4034092,0.077111237,-0.119599057,0.078588631,0.084625532,-0.834141233
SCPT,125043,9,9.5,9.25,120,0.90353555,0.011348751,0.125441561,2.833654647,8,1,119.0129959,144.8853863,126.1269221,111.3287551,262.2995232,0.008259047,-0.188451248,-0.049796975,0.075004162,-0.781995326
SCPT,125043,9.5,10,9.75,126,0.53693625,0.006733305,0.207906252,3.040820944,8,1,101.9624768,124.1282327,98.54730378,100.3690278,247.421257,0.211677035,0.014966741,0.245745233,0.227428235,-0.674810471
SCPT,125043,10,10.5,10.25,124,0.446546976,0.00829604,0.309951369,3.189445841,8,1,97.12860785,118.2435226,87.7088968,100.8403285,257.1131197,0.244245611,0.047535317,0.346258226,0.206743205,-0.729234577
SCPT,125043,10.5,11,10.75,117,0.43091143,0.009252944,0.335359986,3.232805072,8,1,96.8838908,117.9456062,83.82248558,102.5868317,263.880361,0.188660675,-0.008049619,0.333472639,0.131464356,-0.813321887
SCPT,125043,11,11.5,11.25,113,0.459524407,0.008170186,0.3561397,3.169432518,8,1,98.17551125,119.5180137,83.03084477,103.7805547,262.7746991,0.140631011,-0.056079284,0.308175656,0.0851092,-0.843909189
SCPT,125043,11.5,12,11.75,130,0.566585275,0.013068002,0.419286396,3.144345975,8,1,106.7989538,130.0161176,95.85895458,112.562782,282.8475467,0.19658632,-0.000123974,0.304656562,0.144023323,-0.777373598
SCPT,125043,12,12.5,12.25,127,0.997207195,0.031654091,0,3.007440352,8,1,130.9496707,159.4169904,126.4435227,132.9450166,322.0308379,-0.03062597,-0.227336264,0.004391339,-0.045748547,-0.930460224
SCPT,125043,12.5,13,12.75,231,3.412236699,0.093425482,0.493433035,2.547943533,8,1,189.2736991,230.4201554,200.4868449,175.5691436,377.8781553,0.1992236,0.002513306,0.141669078,0.274384765,-0.492154093
SCPT,125043,13,13.5,13.25,227,1.042424748,0.031855114,0.389233814,2.992736383,8,1,135.4700785,164.9200956,130.7025529,136.8198134,328.8672943,0.516199224,0.31948893,0.552025864,0.506285188,-0.370704291
SCPT,125043,13.5,14,13.75,286,7.786410063,0.301671748,0.087188046,2.400989666,8,1,254.80111,310.1926557,280.0009013,222.5426593,451.3149213,0.115508531,-0.081201764,0.021198989,0.250873001,-0.456173558
SCPT,125043,14,14.5,14.25,246,9.204809601,0.386106261,0.061008998,2.380202152,8,1,271.2633108,330.2335958,298.1479184,235.0103406,470.8416658,-0.09775844,-0.294468734,-0.192258198,0.04570202,-0.649190336
SCPT,125043,14.5,15,14.75,409,13.50798804,0.518746145,0.08331099,2.245557607,8,1,300.9666332,366.3941622,330.7830954,256.9700708,494.9591867,0.306715751,0.110005456,0.212252296,0.464755534,-0.190760152
SCPT,125043,15,15.5,15.25,357,7.10734133,0.203207417,0,2.320780007,8,1,241.2668448,293.7161589,248.0496982,218.7591645,439.8016832,0.391832221,0.195121927,0.36410666,0.489764363,-0.208588124
SCPT,125043,15.5,16,15.75,569,6.558393567,0.190291444,0,2.358347023,8,1,237.9547573,289.6840523,240.5166532,217.003826,439.3755995,0.871799874,0.67508958,0.861091103,0.963965449,0.258525807
SCPT,192483,0,1,0.5,303,1.309409528,0.050097014,0,2.959959852,8,2,97.49360607,118.6878683,315.9456995,54.3077816,141.3464562,1.133946008,0.937235714,-0.041837556,1.719065281,0.762518793
SCPT,192483,1,1.5,1.25,273,1.536126626,0.054386789,0.152768219,2.886965722,8,2,117.1362713,142.6006782,242.0587707,78.3135394,194.2367675,0.846133826,0.649423532,0.120291244,1.24875129,0.340393929
SCPT,192483,1.5,2,1.75,198,1.112322076,0.030557888,0.300950572,2.93910359,8,2,107.3667616,130.7073619,199.3749476,78.32354023,195.921046,0.612016379,0.415306085,-0.00692018,0.927418831,0.010555279
SCPT,192483,2,2.5,2.25,189,0.905910238,0.02255326,0.398197269,2.987889357,8,2,102.6652021,124.9837243,178.8754199,79.54488434,200.4633649,0.610273786,0.413563492,0.05505743,0.86542557,-0.058884496
SCPT,192483,2.5,3,2.75,162,1.60977846,0.026693384,0.68616413,2.674167797,8,2,119.4916825,145.4681352,180.1007243,92.67267247,216.5319515,0.304349569,0.107639274,-0.105919939,0.558522701,-0.290141783
SCPT,192483,3,3.5,3.25,169,1.551800145,0.043010429,0,2.793716373,8,2,128.914836,156.9398003,195.7097898,100.4776079,240.2894168,0.270746715,0.074036421,-0.146734183,0.51996382,-0.351945385
SCPT,192483,3.5,4,3.75,172,1.463602203,0.047920581,0.177855989,2.87729984,8,2,130.8590566,159.3066776,196.2980882,104.6196733,252.5807793,0.273373637,0.076663342,-0.132139885,0.497162862,-0.384236639
SCPT,192483,4,4.5,4.25,190,0.886703743,0.027231985,0.261973614,3.045725461,8,2,113.4733178,138.1414304,163.6998972,96.16832449,241.3529964,0.515456348,0.318746054,0.148989216,0.680924036,-0.239236505
SCPT,192483,4.5,5,4.75,178,1.0103264,0.031643221,0.184874652,3.003994394,8,2,120.5944158,146.8105932,168.668599,102.340782,253.3856736,0.38935057,0.192640276,0.053847713,0.553475305,-0.353129179
SCPT,192483,5,5.5,5.25,140,0.870651729,0.025178588,0.273185337,3.037747698,8,2,115.0133082,140.0162013,152.5060372,101.0647554,252.0040373,0.196594578,-0.000115717,-0.085561761,0.325880969,-0.587802686
SCPT,192483,5.5,6,5.75,105,0.981859452,0.015715622,0.325341166,2.859333303,8,2,115.1370912,140.1668936,140.1542606,101.418716,242.7646274,-0.092163166,-0.28887346,-0.288783327,0.0347027,-0.838132012
SCPT,192483,6,6.5,6.25,123,1.070994818,0.013842503,0.370469651,2.780536548,8,2,117.4888898,143.0299528,136.824149,104.0041106,244.0430601,0.045840581,-0.150869713,-0.106512162,0.167753932,-0.68516033
SCPT,192483,6.5,7,6.75,119,0.769453973,0.010916071,0.438823668,2.926148134,8,2,106.677682,129.8684824,119.2418371,99.33596372,240.6882534,0.109311523,-0.087398772,-0.002030182,0.180615815,-0.704379049
SCPT,192483,7,7.5,7.25,127,1.084177089,0.014580921,0.526473524,2.783423047,8,2,118.9591291,144.8198093,131.6093039,109.0476917,255.1263473,0.065407105,-0.131303189,-0.035650629,0.152401761,-0.697571815
SCPT,192483,7.5,8,7.75,144,1.136144262,0.018704495,0.553444101,2.81075476,8,2,123.1584332,149.9320057,135.5195926,114.176499,268.1002634,0.156341698,-0.040368596,0.060697075,0.232067811,-0.621547728
SCPT,192483,8,8.5,8.25,222,1.987617607,0.071903105,0.247705151,2.807357614,8,2,159.4303217,194.0890873,189.3669906,140.8132591,325.8296991,0.331070409,0.134360115,0.1589905,0.455242773,-0.383697468
SCPT,192483,8.5,9,8.75,229,2.224194306,0.07748798,0.192515503,2.758589718,8,2,165.8511267,201.9057195,192.4281951,146.3790688,334.2276737,0.322631444,0.12592115,0.173998932,0.447522385,-0.378100415
SCPT,192483,9,9.5,9.25,238,2.48620808,0.077400209,0.417851829,2.690507067,8,2,169.4328157,206.2660366,190.3558757,151.0474993,339.1905234,0.339814193,0.143103898,0.223375323,0.454676321,-0.354291292
SCPT,192483,9.5,10,9.75,236,2.308290632,0.061526836,0.425498162,2.67310817,8,2,164.439805,200.1875887,178.1947986,148.7832654,333.4514773,0.361287229,0.164576935,0.280954479,0.461341153,-0.345665554
SCPT,192483,10,10.5,10.25,242,2.239911978,0.053989129,0.580349524,2.657108547,8,2,161.6788329,196.8264053,169.9716585,148.5941753,331.9353805,0.403325871,0.206615577,0.353306018,0.487718792,-0.316002587
SCPT,192483,10.5,11,10.75,220,2.28672666,0.047293291,0.786219602,2.611166738,8,2,160.0437824,194.835909,162.9007283,149.373557,330.2770006,0.318180129,0.121469834,0.30048656,0.387177284,-0.406304152
SCPT,192483,11,11.5,11.25,205,2.520390986,0.042723892,0.781408688,2.524998468,8,2,162.479095,197.8006374,161.1321853,152.1196646,329.9517085,0.232460632,0.035750337,0.240784924,0.298342501,-0.475936327
SCPT,192483,11.5,12,11.75,208,1.737237911,0.029688862,0.823395749,2.662476367,8,2,146.3051419,178.1106076,139.3972894,141.5938067,317.3095758,0.351843626,0.155133331,0.400210026,0.384575637,-0.422339798
SCPT,192483,12,12.5,12.25,217,1.652149735,0.023333366,0.837950535,2.635972272,8,2,142.4326208,173.396234,131.0982444,139.3967105,310.6713445,0.421028302,0.224318008,0.503950354,0.442573453,-0.35883823
SCPT,192483,12.5,13,12.75,222,1.832979187,0.032450014,0.67082626,2.650501666,8,2,151.6862499,184.6615216,141.4237397,147.0508197,327.8325733,0.38086314,0.184152845,0.450916752,0.411899143,-0.389825649
SCPT,192483,13,13.5,13.25,231,2.080290839,0.045560278,0.517244057,2.658583756,8,2,162.1769596,197.4328204,153.3177387,155.6894617,346.2933956,0.353729628,0.157019334,0.409905219,0.394554317,-0.40486867
SCPT,192483,13.5,14,13.75,228,2.071874233,0.041047982,0.62392881,2.633864541,8,2,160.6433234,195.565785,148.3293402,155.8543325,344.836571,0.350159104,0.15344881,0.429910556,0.380423824,-0.413724969
SCPT,192483,14,14.5,14.25,212,2.235024017,0.059532417,0.35759279,2.68335741,8,2,170.8931589,208.0438456,160.4553031,164.1244748,365.4028529,0.215547715,0.018837421,0.278570856,0.255961142,-0.544414177
SCPT,192483,14.5,15,14.75,214,2.580379888,0.06265933,0.26479514,2.608600941,8,2,177.324024,215.8727248,164.8141386,169.8902655,371.4612275,0.187997312,-0.008712982,0.261157609,0.230823284,-0.551468476
SCPT,192483,15,15.5,15.25,219,2.089197404,0.046843243,0.279882379,2.664150462,8,2,164.8038328,200.6307529,146.4286829,162.3686509,360.1422424,0.284315856,0.087605561,0.402533226,0.299202357,-0.497427341
SCPT,192483,15.5,16,15.75,208,1.466618593,0.017748177,0.902504077,2.64658959,8,2,139.3791761,169.678997,111.9997398,143.6435705,319.2183614,0.400339975,0.20362968,0.619041532,0.370203053,-0.428337307
SCPT,192483,16,16.5,16.25,209,1.446848891,0.018893437,0.896528341,2.668128113,8,2,140.1461405,170.6126928,111.2644322,145.36674,324.3462541,0.399648513,0.202938219,0.630424612,0.363074462,-0.439477379
SCPT,192483,16.5,17,16.75,210,1.501724454,0.020280157,0.913749835,2.661532282,8,2,142.5731752,173.5673437,112.5790239,148.2536449,329.9570915,0.387252153,0.190541858,0.623452121,0.348182907,-0.451855089
SCPT,192483,17,17.5,17.25,212,1.52359082,0.02155102,0.928467825,2.666437844,8,2,144.1529264,175.4905191,112.850868,150.5399768,335.0947324,0.38571155,0.189001256,0.63051908,0.342357599,-0.457827
SCPT,192483,17.5,18,17.75,214,1.503816727,0.020408556,0.939852303,2.66210248,8,2,143.5041536,174.7007087,110.2889257,150.7722679,335.1121326,0.399612036,0.202901741,0.662872496,0.350205477,-0.448489185
SCPT,192483,18,18.5,18.25,216,1.520494045,0.019913162,0.960611707,2.650175113,8,2,143.9447535,175.2370912,109.1841679,151.8726496,336.4269258,0.405848838,0.209138544,0.682242338,0.35223607,-0.443102558
SCPT,192483,18.5,19,18.75,226,1.589902651,0.018866656,1.027719445,2.611862739,8,2,144.8718809,176.3657681,108.7752182,153.3164098,336.4777176,0.444685227,0.247974933,0.731251464,0.388031176,-0.397996929
SCPT,192483,19,19.5,19.25,242,1.679498458,0.017303238,1.113057087,2.561253547,8,2,145.6803584,177.3500015,108.3662413,154.5527069,335.0738513,0.507522831,0.310812537,0.803421112,0.448402543,-0.325413233
SCPT,192483,19.5,20,19.75,248,1.790949997,0.019505201,1.086704142,2.548879128,8,2,149.9265406,182.5192668,112.0227612,158.6750931,342.7107093,0.503283302,0.306573007,0.794726671,0.446570074,-0.323457932
SCPT,192483,20,20.5,20.25,244,1.877074966,0.020990628,1.149195455,2.536422651,8,2,152.4604096,185.6039769,113.6219837,161.8491346,348.3129085,0.470263272,0.273552978,0.764291219,0.410503592,-0.355933013
SCPT,192483,20.5,21,20.75,262,2.10537506,0.024186909,1.178131003,2.499552449,8,2,158.5718058,193.0439375,119.5015343,167.6264522,357.2899222,0.50213698,0.305426685,0.785015293,0.446606499,-0.310203056
SCPT,192483,21,21.5,21.25,244,1.934081606,0.022086911,1.236602331,2.530357481,8,2,154.534195,188.1285852,113.2724804,165.4384302,355.0066573,0.456752826,0.260042532,0.767371978,0.388569122,-0.374968317
SCPT,192483,21.5,22,21.75,254,2.211698527,0.026920779,1.105496872,2.496097034,8,2,162.7307044,198.1069445,121.2187349,172.5705366,366.7726095,0.445237553,0.248527258,0.739737627,0.386528207,-0.367407796
SCPT,192483,22,22.5,22.25,270,2.10505918,0.029420691,1.171571524,2.548642327,8,2,162.5739765,197.9161453,119.5955419,173.7085837,373.0344743,0.507288821,0.310578527,0.814306393,0.44104287,-0.323248881
SCPT,192483,22.5,23,22.75,268,5.085415455,0.104472921,0.356188557,2.340104834,8,2,220.8210481,268.8256238,185.266133,220.4674829,445.2163896,0.193634344,-0.00307595,0.369193633,0.195236766,-0.507573452
SCPT,192483,23,23.5,23.25,252,2.27040631,0.036255269,1.269934743,2.55305234,8,2,168.5510953,205.1926378,123.7763888,180.8788561,387.807375,0.402190147,0.205479853,0.710952466,0.331601584,-0.431079673
SCPT,192483,23.5,24,23.75,247,2.128653449,0.026488721,1.385528453,2.513366146,8,2,161.5747876,196.6997415,114.440844,175.6350784,374.1334425,0.42442022,0.227709926,0.769330293,0.340979912,-0.415224195
SCPT,192483,24,24.5,24.25,258,2.214238956,0.026592952,1.441082583,2.490737592,8,2,163.1756926,198.6486692,115.1430494,177.718853,376.4126371,0.458132096,0.261421802,0.806784322,0.372756761,-0.377726396
SCPT,192483,24.5,25,24.75,259,2.222371089,0.025740188,1.498514738,2.481465649,8,2,162.9236751,198.3418654,113.652424,178.3413454,376.7717922,0.463546221,0.266835927,0.823683183,0.373128677,-0.374811617
SCPT,192483,25,25.5,25.25,266,2.285393308,0.027978531,1.442504481,2.483431494,8,2,165.8092826,201.8547789,115.601883,181.3098347,382.8896627,0.472658081,0.275947786,0.833344064,0.383288947,-0.364250552
SCPT,192483,25.5,26,25.75,266,2.246329569,0.026867553,1.490926796,2.484429042,8,2,164.7635847,200.5817553,113.1858354,181.2383562,382.7235898,0.478984682,0.282274388,0.85446528,0.383683259,-0.363816722
SCPT,192483,26,26.5,26.25,261,2.309819376,0.027354316,1.53325394,2.471822375,8,2,166.2126506,202.3458355,113.7181844,183.2155493,385.5685927,0.451252411,0.254542117,0.830797086,0.353857082,-0.390198702
SCPT,192483,26.5,27,26.75,274,2.381061006,0.028526329,1.547649727,2.463297694,8,2,168.2914079,204.8764966,114.9113826,185.6318292,389.619911,0.487431059,0.290720764,0.868966861,0.389362807,-0.35204357
SCPT,192483,27,27.5,27.25,274,2.470320606,0.029011289,1.614980392,2.445102875,8,2,169.9391422,206.882434,115.7500943,187.8441015,392.4153893,0.47768772,0.280977426,0.861694599,0.377515735,-0.359192839
SCPT,192483,27.5,28,27.75,306,7.675172804,0.257197316,0,2.371595321,8,2,271.9608726,331.0828014,226.8528721,266.4085214,527.9442885,0.117926897,-0.078783397,0.299283435,0.138554177,-0.545405662
SCPT,192483,28,28.26,28.13,346,10.346,0.377,0.0415,2.310971395,8,2,300.2903779,365.5708948,259.4335697,287.6678285,558.2086644,0.141688842,-0.055021452,0.287938099,0.184632334,-0.478294068
SCPT,136515,0,1,0.5,149,4.431822542,0.023061303,0.000883504,2.051011489,6,1,114.1565993,138.9732514,209.9093,61.9506757,131.3718434,0.266375122,0.069664828,-0.342729227,0.877607791,0.125914504
SCPT,136515,1,2,1.5,212.9,8.986245737,0.050304084,0.001304212,1.798768625,6,1,157.4339517,191.6587238,212.2639711,105.1976369,203.3622069,0.301816556,0.105106261,0.002991925,0.704981735,0.045833912
SCPT,136515,2,3,2.5,229.9,6.06001733,0.043067489,0,1.996924431,6,1,158.1532135,192.5343469,205.4707337,113.4857653,226.8439283,0.374080163,0.177369868,0.112340823,0.705967019,0.013382191
SCPT,136515,3,4,3.5,196.3,6.140615261,0.040185788,0.005165634,1.97416862,6,1,164.0868031,199.7578473,200.329113,124.249954,245.0164674,0.179248526,-0.017461768,-0.020317478,0.457348806,-0.221681321
SCPT,136515,4,5,4.5,201.7,8.931939249,0.062915645,0.011725285,1.856311239,6,1,185.5940058,225.9405289,217.8427092,146.0141051,277.6331439,0.083219921,-0.113490373,-0.07699184,0.323078217,-0.319519171
SCPT,136515,5,6,5.5,236.1,14.87075997,0.110966448,0.019363919,1.694670669,6,1,214.1763941,260.7364797,248.2228244,174.1962851,315.696698,0.097455497,-0.099254797,-0.050071384,0.304072705,-0.290526492
SCPT,136515,6,7,6.5,190.3,16.97607076,0.126670974,0.029058861,1.652639785,6,1,225.1856118,274.1390056,256.9947416,188.0646884,335.4031564,-0.168323229,-0.365033523,-0.30045385,0.011815783,-0.566731486
SCPT,136515,7,8,7.5,245.8,22.88682523,0.179434865,0.035465203,1.572811009,6,1,246.552088,300.150368,282.25211,210.3051582,364.701551,-0.003055084,-0.199765379,-0.138282482,0.155958587,-0.394561153
SCPT,136515,8,9,8.5,312,27.0448696,0.183738963,0.037940533,1.480059497,6,1,253.0606466,308.0738306,288.6934843,223.498978,378.0793254,0.209374018,0.012663724,0.07763767,0.333596346,-0.192100841
SCPT,136515,9,10,9.5,318.9,22.22125254,0.153912397,0.038578229,1.543630136,6,1,246.697815,300.3277748,273.537828,220.8246744,379.4763663,0.256713407,0.060003113,0.153437651,0.367508516,-0.173914745
SCPT,136515,10,11,10.5,265.8,30.95219104,0.18297008,0.048374953,1.394427321,6,1,259.5100087,315.925228,294.0178357,241.6016602,399.0429454,0.023948875,-0.172761419,-0.100896285,0.095453809,-0.406324897
SCPT,136515,11,12,11.5,251.9,21.17604309,0.162150047,0.052969289,1.545848509,6,1,248.1180678,302.0567782,272.4940402,232.2729033,400.8502489,0.015127471,-0.181582823,-0.07858456,0.081119196,-0.46455573
SCPT,136515,12,13,12.5,160.6,1.621567723,0.089603294,0.033158196,2.990947968,6,1,165.4718774,201.4440246,161.1162737,156.3148188,371.8812848,-0.029884454,-0.226594748,-0.0032095,0.027044758,-0.839657875
SCPT,136515,13,14,13.5,163.1,2.024198334,0.016851919,0.013415704,2.44373024,6,1,152.0441327,185.097205,130.5002741,143.5275743,305.660815,0.070192684,-0.12651761,0.222988182,0.127836337,-0.62811253
SCPT,136515,14,15,14.5,146.4,0.90589569,0.002054339,0.048010433,2.609617427,6,1,117.8652194,143.4880931,82.67977292,109.4012268,235.1402811,0.216800839,0.020090544,0.571367613,0.291320498,-0.473839676
SCPT,136515,15,16,15.5,180.9,2.110468274,0.009159053,0.091645889,2.315491191,6,1,148.9405876,181.3189762,121.0062052,142.6439143,292.5065533,0.194396907,-0.002313387,0.402102565,0.237592977,-0.480542678
SCPT,136515,16,17,16.5,177,3.779847961,0.020424491,0.070499531,2.094012982,6,1,172.9957234,210.6034893,147.0095125,168.71696,331.2526428,0.022882859,-0.173827435,0.185652437,0.047927215,-0.626731623
SCPT,136515,17,18,17.5,221.7,1.936601901,0.03394019,0.244661586,2.627996922,6,1,162.9171816,198.3339602,130.5303676,162.4609814,357.3965773,0.308083134,0.111372839,0.529719215,0.310887258,-0.477520909
SCPT,136515,18,19,18.5,293.9,4.797997058,0.068525796,0.156805701,2.196142835,6,1,200.0280753,243.5124395,175.1800187,199.3083041,399.7990004,0.38478184,0.188071546,0.51742545,0.388386681,-0.307722348
SCPT,124801,0,1,0.5,124.7,4.294354369,0.007467639,0,1.882398606,6,2,104.2588907,126.923867,167.7418452,56.16041893,113.4331418,0.179033713,-0.017676581,-0.296515309,0.797698633,0.094697249
SCPT,124801,1,1.5,1.25,136.5,2.487713679,0.002766326,0,2.09166348,6,2,106.507143,129.6608697,148.673678,65.55693573,132.3469995,0.248112562,0.051402268,-0.085429209,0.733405602,0.030897357
SCPT,124801,1.5,2,1.75,152.6,2.627510808,0.003957671,0.00271175,2.089005381,6,2,113.3920203,138.0424595,150.722805,74.81208885,151.1627373,0.296969098,0.100258804,0.012377697,0.712840631,0.009463132
SCPT,124801,2,2.5,2.25,173,2.699511135,0.004573243,0.002748618,2.088008408,6,2,118.2053655,143.9021841,151.1196759,81.54161098,164.23134,0.380868097,0.184157803,0.135219516,0.75217814,0.052015551
SCPT,124801,2.5,3,2.75,196,3.424530033,0.008384367,0.003016472,2.029465977,6,2,129.7246191,157.9256232,160.0714336,93.8461457,187.3124453,0.41270077,0.215990476,0.202494483,0.736457966,0.045336606
SCPT,124801,3,3.5,3.25,215.2,4.009931099,0.011464778,0.003356154,1.985421976,6,2,138.1717258,168.2090575,165.4664121,103.2241642,203.769236,0.443070527,0.246360233,0.262799602,0.734664853,0.054579671
SCPT,124801,3.5,4,3.75,230.5,4.842951625,0.01611568,0.003599508,1.933665911,6,2,147.9289619,180.0874319,172.9644651,113.5446307,221.167055,0.443518691,0.246808397,0.287164693,0.70805488,0.041332542
SCPT,124801,4,4.5,4.25,216.4,4.628231221,0.017701475,0.004385173,1.975016034,6,2,150.4568837,183.1649019,173.9468659,117.7185516,231.0170993,0.363451991,0.166741697,0.218378663,0.608831927,-0.065363184
SCPT,124801,4.5,5,4.75,195.6,2.266020204,0.042343966,0.064389262,2.576322739,6,2,145.3785339,176.982563,197.1343633,117.7781233,264.7429482,0.296730838,0.100020544,-0.007813786,0.507269214,-0.302687591
SCPT,124801,5,5.5,5.25,180.2,1.783544151,0.080070274,0.064477824,2.902782955,6,2,149.9821799,182.5870016,218.5970097,123.3529438,294.4620583,0.183550859,-0.013159435,-0.193162551,0.379017637,-0.491082815
SCPT,124801,5.5,6,5.75,235.1,3.296216148,0.029170971,0.007258189,2.278826667,6,2,155.5620262,189.379858,185.82426,127.1020826,265.4593763,0.412966421,0.216256127,0.235209567,0.615020392,-0.121450865
SCPT,124801,6,6.5,6.25,227.2,2.92763389,0.012095497,0.00239193,2.167493053,6,2,143.3718402,174.5396316,156.0476656,118.8711578,241.5913842,0.46038915,0.263678856,0.375669178,0.647790488,-0.061417117
SCPT,124801,6.5,7,6.75,220.4,3.037853532,0.044358753,0.017106857,2.440074174,6,2,163.7303758,199.3239357,193.6350452,135.9958356,291.7607228,0.297223052,0.100512758,0.1294689,0.482819813,-0.280489947
SCPT,124801,7,7.5,7.25,191.2,2.843834113,0.019094453,0.073412265,2.295071415,6,2,152.4101426,185.5427823,166.3822522,128.1284004,266.1217392,0.226744807,0.030034513,0.139032135,0.400287111,-0.330633869
SCPT,124801,7.5,8,7.75,218.9,2.179172378,0.007765762,0.042529246,2.28409043,6,2,137.6602092,167.5863416,143.3419425,116.5794628,240.3041884,0.463826608,0.267116314,0.423382022,0.63004188,-0.093290568
SCPT,124801,8,8.5,8.25,254.8,2.877150281,0.039980372,0.087911562,2.427283733,6,2,161.9103215,197.1082175,179.9714537,141.4547257,302.7207713,0.453436312,0.256726018,0.347680676,0.588499217,-0.17233191
SCPT,124801,8.5,9,8.75,225.3,3.068634091,0.103859142,1.37983483,2.644473359,6,2,175.6803649,213.8717486,204.9928356,157.095833,348.0279093,0.248766612,0.052056318,0.094457817,0.360576827,-0.434849828
SCPT,124801,9,9.5,9.25,270.3,3.846381363,0.148212478,1.527269807,2.608487844,6,2,191.5444963,233.1846042,223.1832985,169.7545874,370.2752321,0.344412315,0.147702021,0.191539053,0.465178662,-0.314714146
SCPT,124801,9.5,10,9.75,246.8,4.330095035,0.216023725,0.11104667,2.650289354,6,2,211.7056689,257.7286404,251.0147943,180.7869779,394.4220351,0.153381336,-0.043328958,-0.016933587,0.311258871,-0.468843199
SCPT,124801,10,10.5,10.25,219.1,2.353795575,0.052717823,0.881225039,2.631913055,6,2,161.0855849,196.1041903,170.343529,149.3634282,331.0301682,0.30759244,0.110882146,0.25171109,0.383145795,-0.412681267
SCPT,124801,10.5,11,10.75,277.7,3.65728235,0.144586739,0.33213206,2.632864879,6,2,196.9221468,239.7313092,218.2931348,175.3573581,383.2483377,0.343732938,0.147022643,0.24070258,0.459715456,-0.322141786
SCPT,124801,11,11.5,11.25,268.6,6.654132179,0.141933106,0.069653761,2.247765467,6,2,220.6329863,268.596679,236.7665814,193.275326,388.4669464,0.196722658,1.24E-05,0.126148517,0.329107552,-0.368984802
SCPT,124801,11.5,12,11.75,261.3,8.949474253,0.093529115,0.073695156,1.951049695,6,2,219.1522656,266.7940625,228.6779494,197.2089787,372.8528326,0.175902407,-0.020807887,0.133354493,0.281405201,-0.355514619
SCPT,124801,12,12.5,12.25,258.7,9.474850829,0.04739462,0.082245684,1.754149004,6,2,204.4798553,248.9319978,202.8290046,190.1179928,345.0817414,0.235199625,0.038489331,0.243305807,0.308024195,-0.288112231
SCPT,124801,12.5,13,12.75,302.6,9.824892489,0.035204252,0.07265923,1.675450543,6,2,199.8953812,243.3508988,196.3723183,188.5404454,335.4651372,0.414617666,0.217907372,0.432399361,0.473099253,-0.103106237
SCPT,124801,13,13.5,13.25,257.9,8.04796682,0.037205221,0.060180715,1.797358806,6,2,197.9260902,240.9535011,190.6480442,186.0225599,340.6861247,0.264678234,0.06796794,0.302142885,0.326703957,-0.278389685
SCPT,124801,13.5,14,13.75,277.4,9.695032659,0.028642905,0.072090058,1.637704151,6,2,196.5902102,239.3272125,189.7287252,188.9099543,332.8564492,0.344339097,0.147628802,0.379865218,0.384190039,-0.182250806
SCPT,124801,14,14.5,14.25,260.8,9.572306987,0.025036377,0.074658689,1.620479391,6,2,194.5913382,236.893803,186.3075883,188.3302131,330.0221616,0.292852172,0.096141878,0.336354822,0.325556955,-0.235405979
SCPT,124801,14.5,15,14.75,235.8,4.5199743,0.041195123,0.048444889,2.138874453,6,2,187.2176812,227.9171771,174.3073281,177.8721743,353.2131346,0.230711978,0.034001683,0.302163994,0.281918818,-0.404087668
SCPT,124801,15,15.5,15.25,313.5,6.677464869,0.097827568,0.081626611,2.154271973,6,2,219.9340754,267.7458309,211.2591349,204.0392866,399.7460686,0.354471516,0.157761222,0.394713853,0.429486803,-0.243030157
SCPT,124801,15.5,16,15.75,219.5,3.882088473,0.053071283,0.072218885,2.317458636,6,2,188.8613828,229.9182052,171.7765365,180.9862256,370.730195,0.150338911,-0.046371383,0.245157807,0.192931306,-0.524122328
SCPT,124801,16,16.5,16.25,257.5,2.835186978,0.027546939,1.132516162,2.360923617,6,2,166.3720996,202.5399473,142.2032474,165.244935,342.3418308,0.436792877,0.240082582,0.593762366,0.443590892,-0.284790023
SCPT,124801,16.5,17,16.75,287.4,3.282787172,0.056261278,1.557055781,2.435051891,6,2,181.0149902,220.366075,159.6440146,180.5908797,378.9473482,0.462295127,0.265584833,0.587928546,0.464640834,-0.276522299
SCPT,124801,17,17.5,17.25,268.2,2.572990993,0.126772087,0.983420602,2.808197022,6,2,189.1465811,230.2654031,172.4124239,188.0593995,423.5394549,0.349210695,0.152500401,0.441843551,0.354975103,-0.456913703
SCPT,124801,17.5,18,17.75,228.7,2.483937602,0.057640293,0.863534025,2.610328093,6,2,175.7973755,214.0141963,150.0860488,176.6572688,384.9654525,0.263079045,0.06636875,0.421202313,0.25819958,-0.520742496
SCPT,124801,18,18.5,18.25,233.4,2.561143891,0.02057489,1.699294738,2.351653881,6,2,158.1124645,192.4847394,125.4207285,164.1597331,339.1658512,0.389447139,0.192736845,0.621079806,0.351913784,-0.373735505
SCPT,124801,18.5,19,18.75,315.8,4.14800015,0.032842735,0.393130399,2.139192495,6,2,179.6709922,218.7299035,150.4288532,184.3070086,364.1958099,0.563981745,0.36727145,0.741618866,0.53850621,-0.14258256
SCPT,124801,19,19.5,19.25,388.5,15.3081,0.0631,0.0015,1.533275542,6,2,230.4917513,280.5986538,222.7784154,235.5652874,401.5166758,0.522078094,0.3253678,0.556115545,0.500305066,-0.032955896
SCPT,192480,0,1,0.5,244,1.683252171,0.022110783,0,2.594792144,8,2,95.56285426,116.3373878,234.4275722,52.61219646,127.3254051,0.937384034,0.74067374,0.040021546,1.53422026,0.650422171
SCPT,192480,1,1.5,1.25,300,1.624295195,0.052801628,0.075226355,2.846578073,8,2,118.7131228,144.5203234,243.1210391,78.75187265,193.5712299,0.927072625,0.73036233,0.210223052,1.337480417,0.438136917
SCPT,192480,1.5,2,1.75,162,1.553489986,0.058113573,0.330881781,2.896925113,8,2,121.8386814,148.3253513,233.3481976,86.68687153,213.523028,0.284898449,0.088188155,-0.364935413,0.625293887,-0.276148351
SCPT,192480,2,2.5,2.25,212,1.890440494,0.062154818,0.094521325,2.791616427,8,2,132.6637572,161.5037044,227.148151,96.19646176,229.9501321,0.468768489,0.272058195,-0.069016178,0.790193698,-0.081276194
SCPT,192480,2.5,3,2.75,203,0.441848528,0.011791016,0.148729073,3.268598726,8,2,86.61476098,105.4440569,140.449052,71.88594557,192.8573223,0.851735728,0.655025434,0.368361175,1.038125205,0.051255326
SCPT,192480,3,3.5,3.25,178,1.213710773,0.0453831,0.142061544,2.987221046,8,2,123.5339762,150.3891884,200.5828674,97.41753017,241.5330471,0.365267321,0.168557027,-0.119443915,0.602777375,-0.305222755
SCPT,192480,3.5,4,3.75,156,1.245985275,0.055229767,0.119919028,3.020242391,8,2,128.8466771,156.8568243,203.5582236,103.4340053,256.9789858,0.19123286,-0.005477435,-0.266096068,0.410922227,-0.499138307
SCPT,192480,4,4.5,4.25,134,0.992792223,0.045532376,0.235717001,3.106848709,8,2,121.3721835,147.7574408,182.419361,102.0066649,258.2481493,0.098978079,-0.097732216,-0.308468418,0.272801646,-0.656081142
SCPT,192480,4.5,5,4.75,154,0.969956665,0.035123438,0.343690172,3.052673736,8,2,118.8549024,144.6929246,166.6395502,102.6265756,256.7687285,0.259049161,0.062338867,-0.078880495,0.405855682,-0.511223188
SCPT,192480,5,5.5,5.25,172,0.833980789,0.03816175,0.295333148,3.167413827,8,2,117.2822791,142.7784268,161.2280754,103.9676293,265.9174296,0.382910806,0.186200511,0.064674497,0.503414883,-0.435691369
SCPT,192480,5.5,6,5.75,160,0.986950565,0.036932192,0.314361639,3.056692642,8,2,123.0685859,149.8226263,162.0177117,108.9533642,271.2948726,0.262432006,0.065721712,-0.012531846,0.384253876,-0.528032505
SCPT,192480,6,6.5,6.25,156,1.080652388,0.039777829,0.195697635,3.020707344,8,2,128.9562272,156.9901896,165.6021838,113.6740424,279.9566249,0.190382985,-0.00632731,-0.059732422,0.316520932,-0.584778673
SCPT,192480,6.5,7,6.75,130,0.968897237,0.029921153,0.280365531,3.016410555,8,2,123.3054552,150.110989,149.7816154,111.6520996,274.8679838,0.052869798,-0.143840497,-0.141643885,0.152146667,-0.748756473
SCPT,192480,7,7.5,7.25,171,0.993672317,0.020776456,0.353119891,2.912464862,8,2,121.0552953,147.3716638,138.1006679,110.8994374,266.9730437,0.34541613,0.148705835,0.21368066,0.433039735,-0.445484137
SCPT,192480,7.5,8,7.75,162,1.125699471,0.019266815,0.100864899,2.821296535,8,2,126.9085451,154.4973593,140.2189297,114.3054253,269.1162193,0.244129625,0.047419331,0.144391351,0.3487223,-0.507546993
SCPT,192480,8,8.5,8.25,159,1.213403164,0.023518191,0.086005559,2.832052057,8,2,131.4021292,159.9678095,143.2926944,119.53548,280.7436596,0.190641892,-0.006068402,0.10401485,0.285290971,-0.568537808
SCPT,192480,8.5,9,8.75,147,1.138713962,0.022911419,0.248287069,2.858597851,8,2,129.7080752,157.9054828,138.5266945,120.1400148,283.8553539,0.125146237,-0.071564057,0.05936954,0.201774734,-0.658032204
SCPT,192480,9,9.5,9.25,201,1.51348066,0.03085303,0.445695631,2.754006363,8,2,139.9521799,170.3765669,148.0905042,130.2923555,299.8615634,0.362004116,0.165293822,0.305481306,0.433524094,-0.400016005
SCPT,192480,9.5,10,9.75,246,1.706905027,0.044856874,0.477654889,2.778085782,8,2,149.7118889,182.2579517,159.9057446,138.7675273,319.3169847,0.49661883,0.299908536,0.43074699,0.572531468,-0.260852756
SCPT,192480,10,10.5,10.25,243,2.402492933,0.089654664,0.460049504,2.752095627,8,2,172.5888626,210.1081805,189.6170113,156.5546599,354.7426371,0.342149194,0.1454389,0.248055135,0.43965623,-0.378331117
SCPT,192480,10.5,11,10.75,234,2.736139978,0.090285353,0.647754414,2.674964004,8,2,177.3869169,215.9492901,189.8006183,161.7344969,359.7172626,0.276987798,0.080277503,0.209346972,0.369365033,-0.429997226
SCPT,192480,11,11.5,11.25,234,2.496580131,0.081449891,0.387487493,2.702148142,8,2,174.7999985,212.7999982,183.3023839,160.2691625,358.796697,0.291678661,0.094968366,0.244183955,0.378466448,-0.427434809
SCPT,192480,11.5,12,11.75,206,2.255953307,0.066655901,0.495691759,2.708894402,8,2,168.3689337,204.9708759,170.967502,157.2307165,353.1707431,0.201718563,0.005008269,0.186402677,0.27016191,-0.539075463
SCPT,192480,12,12.5,12.25,210,2.114514446,0.059300623,0.562969421,2.717101819,8,2,164.7784991,200.599912,163.0061812,156.0650083,351.3620334,0.242505388,0.045795094,0.253319409,0.29683489,-0.514709595
SCPT,192480,12.5,13,12.75,198,3.134430227,0.120099859,0.55665755,2.673441452,8,2,191.9639994,233.6953036,196.5951731,177.0886781,390.1745161,0.030959179,-0.165751115,0.007120375,0.111616417,-0.678327085
SCPT,192480,13,13.5,13.25,198,1.981000491,0.063203126,0.792307853,2.775669803,8,2,163.4567183,198.9907875,156.2757906,158.8544424,361.2158687,0.191718795,-0.004991499,0.236644696,0.220278704,-0.601208723
SCPT,192480,13.5,14,13.75,217,1.604046819,0.03114255,0.759698579,2.722019544,8,2,147.4853671,179.5474034,131.1097083,146.8111298,332.0465263,0.386168389,0.189458095,0.503862913,0.390750424,-0.425377745
SCPT,192480,14,14.5,14.25,230,1.612002431,0.032897201,0.673867412,2.73221651,8,2,149.6300429,182.1583131,131.8615693,149.0585951,337.4694451,0.429913442,0.233203148,0.556326654,0.433739825,-0.383395664
SCPT,192480,14.5,15,14.75,238,2.100619027,0.062195745,0.404748585,2.735047637,8,2,169.9359953,206.878603,156.4731874,164.8300458,370.5383316,0.336848806,0.140138511,0.419386005,0.367355756,-0.442686225
SCPT,192480,15,15.5,15.25,203,2.435874886,0.078814769,0.323452675,2.708155882,8,2,180.4052807,219.62382,167.4340432,173.3237945,385.7823443,0.118000099,-0.078710195,0.192616478,0.158044489,-0.642067357
SCPT,192480,15.5,16,15.75,233,1.768008352,0.03981421,0.552178971,2.724472432,8,2,157.9611133,192.3004857,135.7460026,157.7966066,355.0614047,0.388689569,0.191979275,0.540252942,0.38973155,-0.421252292
SCPT,192480,16,16.5,16.25,234,2.164892992,0.062380867,0.191265251,2.718861019,8,2,173.2412062,210.9023379,153.1272927,170.1070906,379.9620673,0.300636237,0.103925942,0.424051562,0.318892932,-0.484750309
SCPT,192480,16.5,17,16.75,212,2.828017045,0.090135565,0.095101733,2.651494216,8,2,190.2884068,231.6554518,171.8586979,183.8058203,402.4471909,0.108045423,-0.088664872,0.209913659,0.142706399,-0.640977611
SCPT,192480,17,17.5,17.25,216,2.614464049,0.068842036,0.120518061,2.629865696,8,2,181.8593082,221.3939404,157.3606816,179.1785161,391.2669554,0.172045051,-0.024665243,0.316737902,0.186895802,-0.59411167
SCPT,192480,17.5,18,17.75,221,1.646269796,0.025256469,0.920662289,2.656092285,8,2,149.3003523,181.7569506,116.2164523,155.4762492,344.7576109,0.392202637,0.195492343,0.642708281,0.35166972,-0.444678892
SCPT,192480,18,18.5,18.25,211,1.617997813,0.026730716,0.90878703,2.679728902,8,2,149.9651921,182.5663208,115.3374845,157.0289877,349.7145027,0.341454919,0.144744625,0.603995655,0.29542771,-0.505258981
SCPT,192480,18.5,19,18.75,215,1.588872149,0.027772615,0.868571356,2.699507232,8,2,150.5966171,183.3350122,114.3906501,158.3017101,353.8213751,0.356033176,0.159322881,0.631018683,0.306135258,-0.498154167
SCPT,192480,19,19.5,19.25,226,1.616238941,0.025919283,0.93391391,2.673111893,8,2,150.3402931,183.0229655,112.4376195,158.9431029,353.0462278,0.407633654,0.21092336,0.698136424,0.351988704,-0.446064006
SCPT,192480,19.5,20,19.75,254,2.363556236,0.035948362,0.458417716,2.523279731,8,2,168.1610944,204.7178541,130.9448337,173.7389204,371.824475,0.412411852,0.215701558,0.662558149,0.379780552,-0.381087635
SCPT,192480,20,20.5,20.25,260,3.805737542,0.11863578,0.238263047,2.549368965,8,2,210.8132738,256.6422463,181.4920635,206.8921501,438.5567378,0.209708848,0.012998554,0.359469705,0.228483988,-0.522807563
SCPT,192480,20.5,21,20.75,256,2.614411931,0.054341247,1.012746867,2.565170183,8,2,179.6046954,218.6491944,142.4687693,184.9539258,397.5741111,0.354419145,0.157708851,0.586054632,0.3250707,-0.440203915
SCPT,192480,21,21.5,21.25,266,2.556765772,0.049969519,0.958426751,2.55559932,8,2,177.870646,216.5381777,138.6289274,184.2980969,395.5738913,0.402439731,0.205729437,0.651695533,0.36694177,-0.396841291
SCPT,192480,21.5,22,21.75,252,2.090729876,0.034315914,1.07836306,2.585735977,8,2,164.3909399,200.1281007,121.1334539,174.6617782,378.3721498,0.427181717,0.230471422,0.732536225,0.366577679,-0.406449147
SCPT,192480,22,22.5,22.25,286,2.39177573,0.058974493,0.845020587,2.641877358,8,2,179.5174551,218.5429888,137.1886443,187.44502,408.7152297,0.465719365,0.26900907,0.734634866,0.422506235,-0.357026843
SCPT,192480,22.5,23,22.75,252,2.276903981,0.037304806,1.123050931,2.554068522,8,2,169.661595,206.5445505,124.5242988,180.2894622,387.1217886,0.395623252,0.198912958,0.704928219,0.334865405,-0.429310255
SCPT,192480,23,23.5,23.25,264,3.043388446,0.103588073,0.772422673,2.648562336,8,2,200.895294,244.568184,158.7339936,205.8520781,445.4815913,0.273165256,0.076454962,0.508719298,0.24879126,-0.523206821
SCPT,192480,23.5,24,23.75,247,2.300035599,0.040637366,1.268378412,2.569390098,8,2,171.2887984,208.5254937,123.2185365,184.0266322,395.7653615,0.366037325,0.169327031,0.695428838,0.294307849,-0.471433177
SCPT,192480,24,24.5,24.25,248,2.12538995,0.034940779,1.30065951,2.579240014,8,2,166.3437908,202.5054844,116.1719968,180.7229546,389.8936522,0.399372071,0.202661776,0.758356922,0.316463525,-0.452445269
SCPT,192480,24.5,25,24.75,248,2.223503712,0.037910437,1.330143296,2.571834553,8,2,169.5298064,206.3841121,118.4821878,184.1790002,396.2225051,0.380399986,0.183689692,0.738666111,0.297520634,-0.468547189
SCPT,192480,25,25.5,25.25,247,2.223704397,0.037988361,1.357050389,2.572265709,8,2,169.7983062,206.7109815,117.4070976,185.2399308,398.3391896,0.374777038,0.178066744,0.743740974,0.287736429,-0.477915541
SCPT,192480,25.5,26,25.75,268,2.254205693,0.038872538,1.390905048,2.56973879,8,2,170.8741011,208.0206448,117.2933978,186.9749522,401.559959,0.450059946,0.253349652,0.826308511,0.360012318,-0.404369879
SCPT,192480,26,26.5,26.25,259,2.295910482,0.037751126,1.46652786,2.551486664,8,2,171.0700951,208.2592462,116.3852048,188.0167945,402.0404658,0.414754676,0.218044382,0.799922641,0.32029677,-0.439724683
SCPT,192480,26.5,27,26.75,283,2.444987423,0.039203147,1.53043243,2.522775713,8,2,174.1809282,212.0463474,118.8665447,191.3240443,406.1402617,0.485352321,0.288642027,0.867445507,0.39147834,-0.361251674
SCPT,192480,27,27.5,27.25,260,2.470830096,0.042228841,1.510626048,2.534827691,8,2,176.2975211,214.6230692,119.7527221,193.7951733,412.0426493,0.388508602,0.191798308,0.775252663,0.293879837,-0.460445231
SCPT,192480,27.5,28,27.75,283,2.34185994,0.036998575,1.48604826,2.534666021,8,2,172.6297929,210.1580088,114.4574075,191.1698635,406.7266298,0.494297521,0.297587227,0.905244131,0.392284527,-0.362694391
SCPT,192480,28,28.41,28.205,271,2.395,0.041,1.461,2.55026331,8,2,175.9470805,214.1964459,117.296327,194.3760995,414.4684475,0.43193555,0.235225256,0.837415379,0.332323882,-0.424878029
SCPT,140260,0,2,1,274,5.15668561,0.075571971,0,2.189849905,7,2,139.6617419,170.0229901,276.0032521,83.9304799,181.3247192,0.673904737,0.477194442,-0.007284542,1.18313927,0.412838654
SCPT,140260,2,3,2.5,78,3.852494621,0.021678086,0,2.116074073,7,2,139.4368288,169.7491829,181.8944725,100.430895,206.7829011,-0.580902832,-0.777613126,-0.846717871,-0.252761052,-0.974960629
SCPT,140260,3,4,3.5,205,1.935929904,0.025854645,0,2.524810999,7,2,129.8885046,158.125136,177.4963333,101.4398312,229.3961277,0.456333554,0.25962326,0.144060028,0.703544153,-0.112440345
SCPT,140260,4,5,4.5,207,9.878012837,0.052204255,0,1.750258394,7,2,183.0499822,222.8434566,211.2041493,145.8692211,271.1802207,0.122959551,-0.073750744,-0.020106405,0.350008319,-0.270064828
SCPT,140260,5,6,5.5,189,7.297254409,0.038366924,0.007907124,1.859816557,7,2,176.0522723,214.3245054,196.9125671,143.9578659,273.5405045,0.070966063,-0.125744232,-0.041012793,0.272226356,-0.369702693
SCPT,140260,6,7,6.5,169,4.186268952,0.037991591,0.025816753,2.148467538,7,2,164.3825517,200.1178891,183.8289166,139.1059392,283.8436742,0.027702371,-0.169007923,-0.084106809,0.19466292,-0.518524929
SCPT,140260,7,8,7.5,168,3.563501481,0.020674949,0.027162143,2.138258388,7,2,156.2199024,190.1807508,165.1795186,134.4768437,271.6191943,0.072699334,-0.124010961,0.016931106,0.222571961,-0.480437085
SCPT,140260,8,9,8.5,150,6.822851433,0.036080098,0.025553699,1.854897498,7,2,180.363309,219.572724,189.1233542,160.1293439,302.8694628,-0.184337906,-0.3810482,-0.231764176,-0.065346594,-0.702666603
SCPT,140260,9,10,9.5,181,6.67839709,0.047821076,0.017817966,1.940256118,7,2,188.825087,229.874019,195.4286009,168.5506487,323.0919718,-0.04232409,-0.239034384,-0.076698068,0.071260741,-0.579439994
SCPT,140260,10,11,10.5,170,5.050569914,0.035847357,0,2.035229662,7,2,178.7362965,217.5920132,178.3462674,162.5413135,318.5394735,-0.050113079,-0.246823373,-0.047928546,0.044866231,-0.627947966
SCPT,140260,11,12,11.5,168,3.475197742,0.024969336,0.036658206,2.186045162,7,2,165.5976418,201.5971292,155.6440005,153.2991016,310.1329024,0.014402978,-0.182307316,0.076392628,0.091573054,-0.613036944
SCPT,140260,12,13,12.5,321,1.233981198,0.01259708,0.432683568,2.706559694,7,2,131.5268609,160.1196568,111.3665874,127.7019239,287.5805143,0.892230027,0.695519732,1.058613774,0.921742295,0.109938252
SCPT,140260,13,14,13.5,365,4.943779566,0.226605071,0.100158471,2.587136666,7,2,227.2315029,276.6296557,236.2151028,202.5139276,431.3503617,0.473928019,0.277217725,0.435154511,0.589088691,-0.167023311
SCPT,140260,14,15,14.5,366,5.822056308,0.363846079,0.06282646,2.640059952,7,2,250.1386032,304.5165604,261.7569978,219.9790757,467.6758585,0.380618156,0.183907862,0.335216749,0.509100902,-0.245142113
SCPT,140260,15,16,15.5,511,6.369210564,0.40737727,0.017981461,2.622764651,7,2,259.5451978,315.9680669,266.1025212,229.1538506,482.9970047,0.67743873,0.480728436,0.652487938,0.801975976,0.056359138
SCPT,140260,16,17,16.5,885,7.327899706,0.470067607,0.111183695,2.58530001,7,2,271.6420863,330.6947137,273.6421999,240.7721447,500.4354535,1.181102305,0.98439201,1.173766232,1.301736616,0.570109019
SCPT,140260,17,18,17.5,541,5.080801989,0.215006637,1.516187061,2.554975613,7,2,229.4679135,279.3522425,211.9777688,217.5773728,457.5895271,0.85765607,0.660945775,0.936937874,0.910864755,0.167446726
SCPT,140260,18,19,18.5,165,6.799231744,0.270469973,0.226359966,2.436409322,7,2,252.3506201,307.2094506,235.1916825,234.8642779,479.1555344,-0.424873996,-0.621584291,-0.354455378,-0.353062332,-1.066079777
SCPT,148998,0,1,0.5,464.3,17.8122176,0.122535102,0,1.625651209,6,1,161.0528023,196.0642811,252.7185541,88.25826161,167.1837963,1.058798619,0.862088325,0.60825446,1.660263588,1.021437111
SCPT,148998,1,2,1.5,478.1,14.12871445,0.105167499,0.00450655,1.715295519,6,1,180.2609114,219.448066,247.0633327,119.368185,224.5746367,0.975414607,0.778704312,0.660175204,1.387607207,0.755611806
SCPT,148998,2,3,2.5,106.5,19.54710061,0.187513218,0.002086965,1.683821539,6,1,214.9961137,261.7343993,281.8977187,151.7777974,277.0419695,-0.702474967,-0.899185261,-0.97339932,-0.354272607,-0.956024024
SCPT,148998,3,4,3.5,106.5,12.4966026,0.055956833,0.008135384,1.632828097,6,1,182.717258,222.4384011,216.4205353,141.470393,257.1403612,-0.539794935,-0.736505229,-0.709078452,-0.283945474,-0.881477103
SCPT,148998,4,5,4.5,212.8,10.00921058,0.032924798,0.023414692,1.645382098,6,1,173.8957099,211.6991251,195.5531944,140.6609826,255.4327925,0.201897006,0.005186712,0.084520321,0.414000141,-0.182606574
SCPT,148998,5,6,5.5,217.6,9.863010854,0.033285116,0.033977749,1.655011871,6,1,178.1891738,216.9259507,195.3720722,148.5785549,269.1336715,0.199812755,0.003102461,0.107752712,0.381544707,-0.212549661
SCPT,148998,6,7,6.5,189.2,6.129388813,0.019431093,0.049285802,1.790883296,6,1,161.5963146,196.7259482,172.1430374,139.0022555,260.885446,0.157703316,-0.039006978,0.094478913,0.308314497,-0.32127675
SCPT,148998,7,8,7.5,93.2,0.414385543,0.001674356,0.272255916,2.969910644,6,1,85.30520065,103.8498095,72.91723448,80.0720531,192.8136572,0.0885123,-0.108197994,0.245422698,0.151820829,-0.726976494
SCPT,148998,8,9,8.5,150.7,1.341723781,0.005038738,0.113288151,2.444593084,6,1,119.3539726,145.3004883,109.3684097,107.597655,231.6785739,0.233197468,0.036487174,0.320569017,0.336892252,-0.430059848
SCPT,148998,9,10,9.5,136.4,1.6542918,0.006664842,0.128490927,2.3845548,6,1,128.6205451,156.5815331,116.0079834,117.064152,247.5047218,0.058725187,-0.137985107,0.161932734,0.152869653,-0.595837915
SCPT,148998,10,11,10.5,112.5,0.485371959,0.001447935,0.343293408,2.873235972,6,1,91.40864363,111.2800879,67.58270652,88.87911606,206.2782469,0.207613178,0.010902884,0.509601092,0.235676022,-0.606272749
SCPT,148998,11,12,11.5,119.9,0.520698841,0.001716654,0.357509361,2.856063528,6,1,94.80798824,115.4184205,69.15361333,93.39441651,215.9201515,0.234804392,0.038094098,0.550327752,0.249826499,-0.588250608
SCPT,148998,12,13,12.5,187.7,1.336599595,0.007268336,0.133119247,2.534103149,6,1,129.6636817,157.8514386,110.5752587,123.4155562,267.8968743,0.369900909,0.173190615,0.52914858,0.419287777,-0.355757166
SCPT,148998,13,14,13.5,196.5,3.26903084,0.014151757,0.043191694,2.140391679,6,1,162.6379262,197.9939971,148.49769,151.5711709,299.8617871,0.189136013,-0.007574281,0.280093029,0.259607141,-0.422659228
SCPT,148998,14,15,14.5,278,10.12502478,0.032468348,0.116101575,1.641220988,6,1,201.3933246,245.1744821,194.3192386,194.9316843,342.99978,0.322361279,0.125650985,0.358118747,0.354971954,-0.210108692
SCPT,148998,15,16,15.5,280.3,7.00460809,0.017286085,0.127146412,1.740129523,6,1,185.0875646,225.3239917,169.8858967,178.7200153,320.5169678,0.415031423,0.218321128,0.500733442,0.450040037,-0.134074758
SCPT,148998,16,17,16.5,305.1,8.037358635,0.013122888,0.119985224,1.62515268,6,1,185.0872228,225.3235756,169.8481609,181.2978476,314.4908706,0.499812403,0.303102109,0.585734725,0.520498346,-0.030315456
SCPT,148998,17,18,17.5,261,8.181506354,0.044087155,0.082171481,1.827442819,6,1,208.9394805,254.3611067,193.6998193,204.3110568,373.7222637,0.222475764,0.02576547,0.29821077,0.244876787,-0.358992504
SCPT,148998,18,19,18.5,239.1,3.048261881,0.097642007,0.113671612,2.629507259,6,1,197.4713603,240.3999168,176.7212849,192.2738582,417.2300555,0.191288312,-0.005421982,0.302308044,0.217961174,-0.556755887
SCPT,148998,19,20,19.5,250.5,7.072606119,0.0285612,0.060050837,1.802558762,6,1,197.3894416,240.3001898,176.4769468,198.8854935,362.6304769,0.238280282,0.041569988,0.350268666,0.230729671,-0.369925425
SCPT,148998,20,21,20.5,261.6,9.928241871,0.029598367,0.156946054,1.624392841,6,1,206.5493402,251.4513707,187.8698501,212.3920564,369.8828994,0.2362773,0.039567006,0.331067183,0.20838273,-0.346369848
SCPT,148998,21,22,21.5,278.8,10.82840543,0.030369017,0.1366017,1.577790608,6,1,209.4625713,254.9979129,191.0813254,218.395595,375.8621177,0.285949613,0.089239319,0.377795554,0.244186605,-0.298727689
SCPT,148998,22,23,22.5,229.9,4.548627768,0.047130215,0.093246262,2.188295232,6,1,200.2538157,243.7872539,163.5040911,202.4572147,399.9909185,0.138058791,-0.058651503,0.34080642,0.127115853,-0.553797411
SCPT,148998,23,24,23.5,290.3,5.28606382,0.028872596,0.129843378,1.986611895,6,1,195.5418562,238.0509554,157.0368438,201.0559695,379.8796028,0.395140416,0.198430122,0.614434419,0.367331546,-0.268939497
SCPT,165738,0,1,0.5,119,0.723735753,0.008135699,0,2.903124847,8,1,77.26459963,94.06125172,222.9011694,45.14171896,116.4301117,0.431887603,0.235177309,-0.627604994,0.969316642,0.021832299
SCPT,165738,1,2,1.5,159.9,13.11096643,0.115396821,0.037855736,1.743293758,8,1,177.4023779,215.9681122,254.8007814,118.7734156,226.7757902,-0.103871854,-0.300582148,-0.465933371,0.297331012,-0.349413201
SCPT,165738,2,3,2.5,130.1,2.089377476,0.008699659,0.033421885,2.322850266,8,1,119.3014438,145.2365403,161.0486524,85.15326799,182.6225478,0.086649954,-0.11006034,-0.213403123,0.4238506,-0.339118057
SCPT,165738,3,4,3.5,128.5,2.315393346,0.005288081,0.02814304,2.184783637,8,1,122.529089,149.1658475,147.4350738,91.16908265,186.7426442,0.047580441,-0.149129853,-0.137458997,0.343213071,-0.37380253
SCPT,165738,4,5,4.5,149.4,3.769953039,0.016828455,0.019710244,2.087340117,8,1,146.9250376,178.8652632,170.8935347,115.5170236,232.2741447,0.016704764,-0.18000553,-0.134413486,0.257209363,-0.441291059
SCPT,165738,5,6,5.5,148.3,3.781790176,0.019265702,0.023245328,2.107356461,8,1,152.1724545,185.2534229,171.8770181,123.6167299,248.7804991,-0.025777198,-0.222487492,-0.147541961,0.182051358,-0.517333729
SCPT,165738,6,7,6.5,175.8,5.072058751,0.031738661,0.037108591,2.025518232,8,1,168.3203239,204.9116986,186.0780646,140.8252851,277.5707518,0.043478132,-0.153232163,-0.056819303,0.221826976,-0.456728877
SCPT,165738,7,8,7.5,137.7,0.788160716,0.009459708,0.021097252,2.887970967,8,1,113.1685151,137.7703663,124.2936005,101.3781577,242.5610296,0.196199413,-0.000510881,0.102430893,0.306219745,-0.566175942
SCPT,165738,8,9,8.5,167.6,1.857082444,0.016050615,0.128509704,2.484695195,8,1,139.4982775,169.82399,146.4167733,124.0942976,269.9063579,0.183527935,-0.01318236,0.135123021,0.300538447,-0.476494888
SCPT,165738,9,10,9.5,216.4,4.956516214,0.047427785,0.050902589,2.13469696,8,1,183.4252076,223.3002528,192.2570979,161.3088125,321.9480698,0.16532155,-0.031388744,0.118295019,0.293807929,-0.397261712
SCPT,165738,10,11,10.5,168,4.309114565,0.038838985,0.050856315,2.179832692,8,1,179.1804575,218.1327308,181.5107509,159.885394,321.4205446,-0.064429461,-0.261139755,-0.077350906,0.049506709,-0.648786394
SCPT,165738,11,12,11.5,181.3,3.764444583,0.037072518,0.046250441,2.247244022,8,1,176.6497762,215.0519015,174.9196039,160.2067957,326.6051266,0.025984011,-0.170726283,0.035826656,0.123687664,-0.588598759
SCPT,165738,12,13,12.5,133.9,0.780657753,0.008185972,0.051682042,2.861461883,8,1,118.6676225,144.4649317,100.9455388,115.3264962,270.9343325,0.120766756,-0.075943538,0.282512101,0.149326049,-0.704783223
SCPT,165738,13,14,13.5,150.2,0.732287801,0.007896732,0.459867224,2.890991528,8,1,112.4341481,136.8763541,87.62139798,116.3953994,274.8491695,0.28960004,0.092889745,0.538942502,0.254974729,-0.604254733
SCPT,165738,14,15,14.5,135.6,0.809425902,0.008909562,0.527982652,2.856571853,8,1,116.5395187,141.8741967,89.53858946,121.6708261,284.5051238,0.151478943,-0.045231351,0.415039676,0.108390124,-0.741041888
SCPT,165738,15,16,15.5,155.2,0.901081926,0.006656443,0.613518953,2.740339485,8,1,117.705132,143.2932042,87.14758919,122.8701291,278.8113383,0.276531992,0.079821698,0.577111499,0.233586671,-0.585820739
SCPT,165738,16,17,16.5,189.6,1.439334396,0.013849592,0.604719992,2.608448944,8,1,139.3754807,169.6744983,112.4629975,142.1350612,312.6489318,0.307744998,0.111034704,0.522292334,0.288138849,-0.500164348
SCPT,165738,17,18,17.5,176.4,1.486788072,0.011705181,0.299735313,2.546721906,8,1,139.0447189,169.2718318,102.8304891,143.1450055,310.5520608,0.237958543,0.041248249,0.539672248,0.208896003,-0.565597411
SCPT,165738,18,19,18.5,123.2,0.972053386,0.012821467,0.158941701,2.809922985,8,1,130.5020302,158.8720367,88.48986599,137.7836804,317.7036595,-0.057579732,-0.254290027,0.330921014,-0.111875871,-0.947310009
SCPT,165738,19,20,19.5,153.8,0.795858056,0.008592135,0.409399785,2.855411406,8,1,120.4838369,146.6759754,72.84181675,131.4083593,305.1893865,0.244137447,0.047427152,0.747362861,0.157343336,-0.685279466
SCPT,165738,20,21,20.5,199.4,2.624216934,0.058621165,0.072423054,2.586871302,8,1,186.4239796,226.9509316,156.8360344,185.5662488,400.2364564,0.067289318,-0.129420976,0.240111965,0.071900903,-0.696742656
SCPT,165738,21,22,21.5,199.2,1.178760472,0.022403862,0.543724515,2.828982188,8,1,142.8490222,173.9031574,100.0938676,154.7143999,355.3662522,0.332521062,0.135810768,0.688200924,0.252728509,-0.578839609
SCPT,165738,22,23,22.5,172.5,1.182663876,0.033631191,0.708265415,2.924461604,8,1,146.740834,178.6410153,101.7276681,162.1334361,378.9829786,0.16172924,-0.034981055,0.528097914,0.061977561,-0.787094056
SCPT,165738,23,24,23.5,135.8,1.150254578,0.02334871,0.718311827,2.852668369,8,1,142.3344122,173.2766757,92.56207549,158.574861,365.3498352,-0.046996089,-0.243706383,0.383303709,-0.155043576,-0.989672132
SCPT,165738,24,25,24.5,131.7,1.159861362,0.022627479,0.707844046,2.840422883,8,1,143.1827757,174.3094661,90.56282526,160.1981872,367.743998,-0.083595357,-0.280305651,0.374482797,-0.19588511,-1.02686043
SCPT,165738,25,26,25.5,148,1.001150935,0.018901239,0.676590504,2.887318882,8,1,137.0017773,166.7847724,78.81709739,156.2433444,362.50309,0.077218375,-0.119491919,0.630082328,-0.054202418,-0.895820725
SCPT,165738,26,27,26.5,157.6,1.346134924,0.027466912,0.252630292,2.79738861,8,1,154.4217077,187.9916441,97.68107966,169.9954959,385.1177215,0.020372956,-0.176337338,0.478352295,-0.075711764,-0.89348888
SCPT,165738,27,28,27.5,178.8,1.713686603,0.032977683,0.454277795,2.695401566,8,1,166.1699473,202.2938489,111.2646451,180.5511003,398.8086957,0.073256819,-0.123453475,0.474356309,-0.009745979,-0.80221398
SCPT,165738,28,29,28.5,189.2,2.365543415,0.057688499,0.107510356,2.640850688,8,1,189.0085324,230.0973439,134.8481931,200.0933188,433.8104365,0.001012497,-0.195697797,0.338655006,-0.055979195,-0.829803
SCPT,57349,0,0.5,0.25,84,2.940339832,0.017130243,0.000275711,2.219139711,2,1,97.62428659,118.8469576,233.2053566,49.11398064,110.0854735,-0.150309502,-0.347019796,-1.021102625,0.536673066,-0.270440297
SCPT,57349,0.5,1,0.75,86,6.873201596,0.053626009,0,1.976074614,2,1,141.339644,172.0656536,225.4133046,83.59447864,171.1303717,-0.49681852,-0.693528815,-0.96358833,0.028369823,-0.688078378
SCPT,57349,1,1.5,1.25,100,6.408369858,0.051638148,0,2.008344642,2,1,148.9904441,181.3796711,219.1328433,95.5675674,194.5804357,-0.398711985,-0.595422279,-0.78450795,0.045336677,-0.665675443
SCPT,57349,1.5,2,1.75,114,4.533734534,0.058015901,0.000898308,2.22403267,2,1,148.8003528,181.1482556,225.7974855,100.9664956,214.8611132,-0.266407045,-0.463117339,-0.683440067,0.121409714,-0.633793386
SCPT,57349,2,2.5,2.25,110,1.456079288,0.049586195,0,2.89440476,2,1,124.6105232,151.6997673,220.8321418,90.81324155,222.6119022,-0.124712693,-0.321422987,-0.696922508,0.191675259,-0.704949541
SCPT,57349,2.5,3,2.75,114,1.487020972,0.033155865,0.073772727,2.779646122,2,1,124.7798625,151.9059196,197.3534693,93.18907149,222.3852878,-0.090352636,-0.287062931,-0.548797933,0.201567992,-0.66821296
SCPT,57349,3,3.5,3.25,85,1.951762126,0.025689127,0.07550996,2.551044169,2,1,131.0469441,159.5354102,184.4244411,99.41689101,224.9236728,-0.432904354,-0.629614648,-0.77458859,-0.156670772,-0.973109856
SCPT,57349,3.5,4,3.75,103,1.654782767,0.020976531,0.070038987,2.59720806,2,1,127.1074828,154.7395443,172.9197449,99.35479641,226.9125555,-0.210304062,-0.407014356,-0.518098596,0.036031742,-0.789835737
SCPT,57349,4,4.5,4.25,151,7.651792398,0.04881657,0.024199392,1.865580207,2,1,174.2435684,212.122605,208.005559,137.5842101,264.4072014,-0.143174302,-0.339884596,-0.320284968,0.09304367,-0.560210508
SCPT,57349,4.5,5,4.75,157,11.01504136,0.085405216,0.011917229,1.806485204,2,1,197.9921793,241.0339574,233.0153963,156.6705893,293.2813467,-0.231981726,-0.42869202,-0.394858725,0.002100361,-0.624886571
SCPT,57349,5,5.5,5.25,190,14.64873647,0.102520796,0.016738628,1.683712251,2,1,210.4110086,256.1525322,243.831846,170.4193,308.7033926,-0.102038729,-0.298749024,-0.24945476,0.108762201,-0.485356849
SCPT,57349,5.5,6,5.75,181,14.37724837,0.121720889,0.014761889,1.743292768,2,1,218.0438469,265.4446832,252.4227342,176.8266884,322.993682,-0.186199144,-0.382909438,-0.332608167,0.02332694,-0.579135731
SCPT,57349,6,6.5,6.25,176,14.95716809,0.128786218,0.029471491,1.735067041,2,1,222.8080481,271.2445803,255.5930362,182.8707919,332.4214207,-0.235826635,-0.432536929,-0.373102482,-0.038295853,-0.635919508
SCPT,57349,6.5,7,6.75,195,13.84640673,0.133630746,0.033180851,1.793379088,2,1,224.8666518,273.7507065,255.8188002,185.3362594,340.4076173,-0.142508009,-0.339218304,-0.271469824,0.050827765,-0.557144215
SCPT,57349,7,7.5,7.25,167,15.9592639,0.129950019,0.028670201,1.697633108,2,1,228.2602211,277.8820083,256.5704008,192.5211599,345.7363357,-0.312492486,-0.509202781,-0.429409282,-0.142212257,-0.727682637
SCPT,57349,7.5,8,7.75,185.5,16.08458531,0.134048395,0.045050027,1.702142565,2,1,231.4117077,281.7186006,257.9636583,196.8577784,353.072247,-0.221143526,-0.417853821,-0.329763834,-0.059426649,-0.64361782
SCPT,57349,8,8.5,8.25,218,14.30483137,0.126323649,0.034444801,1.757738284,2,1,229.2851767,279.1297803,252.1155728,195.992671,355.6444892,-0.050471479,-0.247181773,-0.145392542,0.106417797,-0.489436543
SCPT,57349,8.5,9,8.75,200,13.52041219,0.142704628,0.056862966,1.827435176,2,1,234.0045046,284.8750491,256.094233,199.6284656,366.6008417,-0.157022999,-0.353733293,-0.247228108,0.0018594,-0.605956265
SCPT,57349,9,9.5,9.25,150.5,12.90658198,0.124739525,0.068448539,1.816150082,2,1,230.0173306,280.0210981,247.7052609,199.1521866,365.2261886,-0.424191572,-0.620901867,-0.498276491,-0.280106205,-0.886553772
SCPT,57349,9.5,10,9.75,163.5,10.61484111,0.128377859,0.067269718,1.944749195,2,1,228.0998416,277.6867637,242.9110755,196.951911,370.97838,-0.332970444,-0.529680739,-0.395882442,-0.186146602,-0.819330796
SCPT,57349,10,10.5,10.25,208.5,11.77089408,0.128833072,0.066341472,1.882026373,2,1,232.0556541,282.5025355,245.1726131,202.7673691,376.1683842,-0.10703819,-0.303748484,-0.162023464,0.027879684,-0.590097832
SCPT,57349,10.5,11,10.75,215.5,15.14428116,0.16956193,0.078300249,1.809441175,2,1,248.7883308,302.8727505,265.2968018,217.9797683,395.312417,-0.143641548,-0.340351842,-0.207888296,-0.011441343,-0.606715472
SCPT,57349,11,11.5,11.25,182.5,14.57778837,0.16002569,0.082071751,1.815139881,2,1,247.1555215,300.8849827,260.4542587,218.4943743,396.7807244,-0.303267607,-0.499977902,-0.355677082,-0.180010094,-0.776633624
SCPT,57349,11.5,12,11.75,202.5,12.08844881,0.146347837,0.083284089,1.903450554,2,1,240.9685767,293.3530498,249.1410288,213.680489,395.9927676,-0.173926651,-0.370636945,-0.20727923,-0.053741971,-0.670656061
SCPT,57349,12,12.5,12.25,216.5,14.80499531,0.149697084,0.095509513,1.785675823,2,1,247.5727276,301.3928858,256.5827349,222.9945113,401.9754973,-0.13411384,-0.330824134,-0.169860618,-0.029556611,-0.618800587
SCPT,57349,12.5,13,12.75,257,16.625411,0.175222648,0.095184555,1.762170022,2,1,257.3537004,313.300157,267.6844637,232.3038466,414.8212791,-0.00137532,-0.198085614,-0.040732828,0.101029887,-0.47877169
SCPT,57349,13,13.5,13.25,225.5,16.23456756,0.171412541,0.100885791,1.770095169,2,1,257.2072221,313.1218356,265.0717818,233.5740111,417.6126973,-0.131561913,-0.328272207,-0.161680505,-0.035178832,-0.616234282
SCPT,57349,13.5,14,13.75,227,16.6086145,0.187373662,0.102180734,1.783282042,2,1,262.4994557,319.5645548,269.5428185,238.5252186,426.5273882,-0.145298991,-0.342009285,-0.171777242,-0.049525026,-0.630726564
SCPT,57349,14,14.5,14.25,228.5,15.8207552,0.180609229,0.11141507,1.80191394,2,1,261.0981851,317.8586601,265.0670286,238.4984388,428.196014,-0.133360314,-0.330070608,-0.148446522,-0.042826554,-0.628044857
SCPT,57349,14.5,15,14.75,207.5,17.30416987,0.203197215,0.111975195,1.783451366,2,1,269.1395023,327.6480898,273.8173363,246.323149,438.9105116,-0.260098501,-0.456808796,-0.277329889,-0.171512948,-0.749164207
SCPT,57349,15,15.5,15.25,309.5,15.98824421,0.174412216,0.112882303,1.784183965,2,1,262.0266543,318.9889705,262.5243842,242.7059544,433.673769,0.166511859,-0.030198435,0.164614122,0.243107446,-0.337334475
SCPT,57349,15.5,16,15.75,308.5,21.74296317,0.249178336,0.122243709,1.70890448,2,1,285.6286846,347.7218769,293.662682,263.6721857,459.0286937,0.077029182,-0.119681112,0.049290075,0.157015232,-0.397390878
SCPT,57349,16,16.5,16.25,217.5,17.07915478,0.218651565,0.1271213,1.813961787,2,1,275.1909256,335.0150399,274.3968367,254.1151744,454.0689181,-0.235266281,-0.431976575,-0.232376517,-0.155588756,-0.736050138
SCPT,57349,16.5,17,16.75,218,11.9348629,0.141890451,0.033161315,1.901574626,2,1,250.3575174,304.7830646,238.9632867,234.7962636,431.4079738,-0.138394903,-0.335105197,-0.091814865,-0.074223112,-0.682559155
SCPT,57349,17,17.5,17.25,218,10.85527917,0.112629064,0.025007618,1.890093211,2,1,240.761439,293.1008823,225.6979152,229.0816221,421.4811366,-0.099311501,-0.296021795,-0.034702384,-0.049583306,-0.659279961
SCPT,57349,17.5,18,17.75,247,10.35334374,0.101285132,0.049348856,1.890433307,2,1,237.0937183,288.635831,219.4441208,227.3290003,418.5756172,0.040932838,-0.155777456,0.118290712,0.082990028,-0.527469223
SCPT,57349,18,18.5,18.25,240.5,15.72605768,0.143665279,0.110583648,1.737228139,2,1,259.7857957,316.2609686,249.9666084,250.4680959,442.4929211,-0.077137339,-0.273847633,-0.038607253,-0.040611461,-0.609704377
SCPT,57349,18.5,19,18.75,251.5,16.56050952,0.181204593,0.153379488,1.774821866,2,1,271.2412459,330.2067341,260.9309585,259.190362,459.3570101,-0.075565641,-0.272275936,-0.036812856,-0.030119791,-0.602384718
SCPT,57349,19,19.5,19.25,270.5,18.0219344,0.195478724,0.157959025,1.746719707,2,1,277.3170822,337.6034044,267.8610711,265.9623123,467.3006825,-0.024889454,-0.221599748,0.009803644,0.016917483,-0.546700812
SCPT,57349,19.5,20,19.75,274,21.35520563,0.23242394,0.153762794,1.697128481,2,1,289.8125574,352.8152872,284.1098486,278.4652201,481.6532451,-0.056106254,-0.252816548,-0.036232848,-0.016165062,-0.56409634
SCPT,156307,0,1,0.5,250,8.227659843,0.053673765,0,1.861372315,5,1,132.2019317,160.941482,226.689777,71.16867013,144.5723162,0.637130379,0.440420085,0.097878456,1.256408223,0.547681077
SCPT,156307,1,1.5,1.25,188,12.36560288,0.054835425,0.001589821,1.629145367,5,1,159.7609543,194.4915966,212.7591852,105.8196917,197.468619,0.1627633,-0.033946994,-0.123718977,0.574705339,-0.049137718
SCPT,156307,1.5,2,1.75,176,11.39603177,0.064872522,0.000958512,1.717671629,5,1,169.325201,206.1350273,221.6710167,116.5583641,219.8167742,0.038662863,-0.158047431,-0.230710381,0.412091868,-0.22231036
SCPT,156307,2,2.5,2.25,174,7.461909574,0.071517,0,1.998750915,5,1,169.7143942,206.6088278,228.3211591,118.5992615,236.5743581,0.024938309,-0.171771985,-0.271697931,0.38330504,-0.30720727
SCPT,156307,2.5,3,2.75,178,7.115462011,0.069277478,0.00105019,2.020029778,5,1,172.4265185,209.9105442,225.0711349,124.2430932,247.8236344,0.031812384,-0.16489791,-0.234632957,0.359543475,-0.330933791
SCPT,156307,3,3.5,3.25,185,7.688445588,0.086568307,0.00155038,2.030760484,5,1,182.3927709,222.0433732,234.3411007,134.0799537,266.2991211,0.014193382,-0.182516913,-0.236421924,0.321919534,-0.364264367
SCPT,156307,3.5,4,3.75,164,5.628029166,0.044625799,0.003760855,2.051128664,5,1,165.6469917,201.6572073,202.3988229,126.2629867,252.7592835,-0.00999254,-0.206702835,-0.210373694,0.2614995,-0.432571159
SCPT,156307,4,4.5,4.25,200,10.7909324,0.084927182,0.00159601,1.820629219,5,1,195.1481466,237.5716568,232.7177352,151.4648038,285.0358812,0.02455837,-0.172151924,-0.151508916,0.277964087,-0.354297705
SCPT,156307,4.5,5,4.75,188,13.01546762,0.106480089,0.000907905,1.766717645,5,1,207.3027921,252.3686164,244.752042,163.5416724,302.3461517,-0.097738525,-0.294448819,-0.263803662,0.139374128,-0.475130596
SCPT,156307,5,5.5,5.25,188,11.52521465,0.118368402,0.001258263,1.870263046,5,1,210.7167038,256.5246829,248.152312,166.6988301,314.1198828,-0.114072633,-0.310782927,-0.277600756,0.120253191,-0.513332743
SCPT,156307,5.5,6,5.75,194,8.710784903,0.113106046,0.000965164,2.029243114,5,1,205.5352192,250.2167886,240.9698136,163.5968953,318.8825239,-0.057759243,-0.254469537,-0.216813512,0.170452712,-0.496964612
SCPT,156307,6,6.5,6.25,203,7.08882369,0.111591605,0.001189625,2.152105951,5,1,201.9846541,245.8943616,235.5720619,162.3590143,324.6194066,0.005014254,-0.19169604,-0.148810883,0.223395958,-0.46944746
SCPT,156307,6.5,7,6.75,211,5.65356437,0.051317785,0,2.08428173,5,1,181.1234173,220.4980733,199.0210549,150.5301018,298.7105301,0.152679471,-0.044030823,0.058447511,0.337695057,-0.347616844
SCPT,156307,7,7.5,7.25,215,6.236719305,0.062322452,0.001571715,2.073220149,5,1,189.0417361,230.1377657,206.2105083,158.2694454,312.1691543,0.128670211,-0.068040083,0.041740496,0.306339097,-0.372907174
SCPT,156307,7.5,8,7.75,193,6.600756564,0.058618045,0,2.020103143,5,1,190.369969,231.7547449,203.9326743,161.7301093,315.0961678,0.013720805,-0.182989489,-0.055099723,0.176761235,-0.490187698
SCPT,156307,8,8.5,8.25,218,10.25915114,0.087975107,0,1.860393662,5,1,211.831704,257.8820744,227.9867418,181.3658337,338.5749394,0.028702953,-0.168007342,-0.044792414,0.183978891,-0.440250392
SCPT,156307,8.5,9,8.75,220,10.69287421,0.133240138,0,1.950962439,5,1,226.5112856,275.7528695,246.4809033,191.9614275,362.8195853,-0.029167223,-0.225877518,-0.113656973,0.136333093,-0.500278154
SCPT,156307,9,9.5,9.25,238,9.4193952,0.1162217,0,1.989492361,5,1,220.8398194,268.8484758,235.8624463,189.2642991,361.1398099,0.074833034,-0.12187726,0.009021893,0.229126227,-0.416994495
SCPT,156307,9.5,10,9.75,218,9.274584652,0.092021825,0,1.933119237,5,1,215.2116905,261.9968406,224.7676896,187.9495276,355.0010917,0.012872912,-0.183837382,-0.030572316,0.148321606,-0.487625802
SCPT,156307,10,10.5,10.25,186,9.354388406,0.090928586,0.00554034,1.91733052,5,1,215.6538303,262.5350978,223.741363,190.6274586,358.9868876,-0.147927811,-0.344638105,-0.184744081,-0.024574371,-0.657539189
SCPT,156307,10.5,11,10.75,246,15.63992148,0.120013762,0.005269725,1.688596856,5,1,236.6977069,288.1537301,250.1958498,212.8552978,378.1234217,0.038547707,-0.158162587,-0.016912474,0.144718954,-0.429889119
SCPT,156307,11,11.5,11.25,223,11.60259765,0.105180376,0.00794347,1.839541783,5,1,228.7261947,278.4492805,235.2028782,204.2418976,375.1643265,-0.02535386,-0.222064155,-0.053276682,0.087866707,-0.520192362
SCPT,156307,11.5,12,11.75,203,8.344262359,0.052668706,0.017364914,1.856220505,5,1,203.5332094,247.7795592,200.2710348,186.1435484,345.8527015,-0.002623204,-0.199333498,0.013534356,0.086687838,-0.532806987
SCPT,156307,12,12.5,12.25,198,9.612791373,0.050543117,0.019806547,1.757317442,5,1,205.8110261,250.5525535,202.7109161,191.533862,348.0164073,-0.038691368,-0.235401662,-0.023513875,0.033202413,-0.563982595
SCPT,156307,12.5,13,12.75,217,14.03552452,0.079033435,0.023075719,1.635748915,5,1,224.9960276,273.9082075,228.7759931,212.2565768,373.6385736,-0.036185393,-0.232895688,-0.052845975,0.022101543,-0.543391596
SCPT,156307,13,13.5,13.25,238,21.72677365,0.07080465,0.018635966,1.347543509,5,1,225.1463935,274.0912617,240.8353609,226.3961967,373.1433098,0.055519845,-0.141190449,-0.011842876,0.049984126,-0.449691881
SCPT,156307,13.5,14,13.75,249,27.74689169,0.094797736,0.011815788,1.277534362,5,1,237.3077865,288.8964357,261.6030286,242.7484284,391.9293747,0.048094921,-0.148615373,-0.0493753,0.025427264,-0.453628761
SCPT,156307,14,14.5,14.25,251,26.31411076,0.086667965,0,1.282869284,5,1,234.309555,285.2464147,255.9869292,241.5024871,390.7511839,0.068809814,-0.127900481,-0.019673446,0.038573168,-0.44261806
SCPT,156307,14.5,15,14.75,254,23.66567288,0.08457583,0.023578982,1.340693689,5,1,234.8977785,285.9625129,250.3698878,239.6463334,392.6172515,0.078183833,-0.118526462,0.014394891,0.058170041,-0.435500956
SCPT,156307,15,15.5,15.25,240,24.5420382,0.089716738,0.026327998,1.326922996,5,1,237.0487214,288.5810521,254.500094,244.3414061,399.0993331,0.012373228,-0.184337066,-0.058662282,-0.017927529,-0.508571418
SCPT,156307,15.5,16,15.75,240,26.38163161,0.102154355,0.02358558,1.329179284,5,1,245.267682,298.5867433,263.3715746,251.8213313,409.4380096,-0.02171127,-0.218421564,-0.092926943,-0.04808091,-0.534146588
SCPT,156307,16,16.5,16.25,237,22.30702434,0.051634204,0.03925352,1.269762627,5,1,221.0038727,269.0481929,233.9993147,234.3040043,377.1913028,0.069879916,-0.126830378,0.012741954,0.011440705,-0.464692352
SCPT,156307,16.5,17,16.75,242,25.22899186,0.105166225,0.030583059,1.360460827,5,1,248.023772,301.9419833,261.9526881,255.1401355,417.3009813,-0.02458687,-0.221297165,-0.079226182,-0.052875219,-0.544870013
SCPT,156307,17,17.5,17.25,256,22.76272194,0.12522224,0.054872396,1.475973643,5,1,257.435388,313.3996028,264.2829556,257.1513558,429.7398293,-0.005591324,-0.202301618,-0.031842886,-0.0044874,-0.518002533
SCPT,156307,17.5,18,17.75,268,25.3326215,0.147921672,0.06138393,1.456264771,5,1,266.2128744,324.0852384,277.3586657,266.8907733,442.6848715,0.006690712,-0.190019582,-0.03432451,0.004147494,-0.501871186
SCPT,156307,18,18.5,18.25,258,23.53403986,0.106210526,0.061030937,1.403484874,5,1,250.8790109,305.4179263,258.354696,258.9055329,426.7840366,0.02798879,-0.168721504,-0.001373847,-0.003503672,-0.503318531
SCPT,156307,18.5,19,18.75,267,28.50089203,0.096261572,0.035693035,1.261330819,5,1,246.3286538,299.8783612,264.9002158,265.9713251,424.8549307,0.080582023,-0.116128271,0.007895447,0.003860156,-0.464499113
SCPT,128450,0,7,3.5,199.1,1.151081757,0.001723627,0,2.331235864,6,1,94.3692774,114.8843377,111.9557315,68.6170001,147.8905104,0.746591642,0.549881348,0.575703672,1.065266892,0.297335006
SCPT,128450,7,8,7.5,183.1,3.181129541,0.010244793,0.015634984,2.087159452,6,1,146.3709244,178.1906906,157.9085284,124.806964,247.7155714,0.223888474,0.027178179,0.14801652,0.383264196,-0.302248747
SCPT,128450,8,9,8.5,183.4,1.882759672,0.018488634,0.100759236,2.509034333,6,1,140.0757555,170.5270066,159.4441749,125.8491182,275.0239068,0.269486173,0.072775879,0.1399757,0.376585845,-0.405188468
SCPT,128450,9,10,9.5,177.1,2.015738818,0.029934134,0.355601714,2.564013611,6,1,148.3255581,180.5702447,167.9242566,136.4361923,301.3197253,0.17730497,-0.019405324,0.053201521,0.260857495,-0.531457366
SCPT,128450,10,11,10.5,206.5,4.059619005,0.031152568,0.060303845,2.124715173,6,1,169.3405618,206.1537274,178.8091525,155.6842491,312.2741991,0.198388567,0.001678272,0.143981363,0.2824705,-0.413581233
SCPT,128450,11,12,11.5,214.9,6.847776432,0.036821127,0.02598328,1.890963652,6,1,190.8866809,232.3837854,192.0093013,174.5657239,327.8365511,0.118492846,-0.078217449,0.112628989,0.207871492,-0.422342361
SCPT,128450,12,13,12.5,211.2,5.992688281,0.020187284,0.049465894,1.851920355,6,1,179.4728515,218.4886888,172.9204893,166.7345483,309.3593266,0.1627816,-0.033928694,0.199973662,0.236402535,-0.381697919
SCPT,128450,13,14,13.5,243.9,7.493503407,0.017601732,0.017794788,1.715546536,6,1,184.6514792,224.7931052,176.4220955,173.9236867,310.3873038,0.278288153,0.081577859,0.323878911,0.338141684,-0.24106258
SCPT,128450,14,15,14.5,221.1,5.217417131,0.052145164,0.182412049,2.127630981,6,1,195.1834189,237.614597,191.132787,184.2877926,363.0037257,0.124675361,-0.072034933,0.145646681,0.182116462,-0.49579801
SCPT,128450,15,16,15.5,238.9,8.842021049,0.041600613,0.009195094,1.764542634,6,1,205.8122112,250.5539963,198.431629,198.7914941,359.9001824,0.149080897,-0.047629397,0.185600452,0.183788547,-0.409781668
SCPT,128450,16,17,16.5,270.4,9.282009778,0.047526593,0.038363864,1.767098002,6,1,211.736609,257.7663066,205.1113585,205.9615159,372.159148,0.244559252,0.047848958,0.2763493,0.272213009,-0.319419236
SCPT,128450,17,18,17.5,244.2,5.811807362,0.271004249,0.053770565,2.539053508,6,1,246.9352337,300.6168063,252.3670015,226.1329287,472.0372057,-0.011138529,-0.207848823,-0.032896821,0.076864555,-0.659070247
SCPT,128450,18,19,18.5,280.9,9.196213965,0.068091538,0.03578525,1.850157685,6,1,223.1945444,271.7150975,211.4572246,218.7677521,401.3965583,0.229954947,0.033244652,0.283976004,0.24998806,-0.356951128
SCPT,128450,19,20,19.5,279.7,11.86378612,0.048707158,0.026788809,1.606847153,6,1,218.4329877,265.9184199,208.3423623,223.9714058,390.1780101,0.247238325,0.050528031,0.294534901,0.222199209,-0.332885471
SCPT,128450,20,21,20.5,338.2,18.63030331,0.042251572,0.00946506,1.331350024,6,1,221.2335161,269.3277588,220.3596814,239.5135327,389.2080298,0.424418659,0.227708365,0.428376309,0.345027517,-0.140476545
SCPT,128450,21,22,21.5,301.5,13.44395016,0.03884857,0.005452107,1.503259954,6,1,218.5359744,266.0437949,205.7774459,229.9592243,388.7108268,0.321819373,0.125109078,0.381974791,0.270868008,-0.254065675
SCPT,128450,22,23,22.5,292.9,9.245383747,0.035380374,0.012660368,1.70515839,6,1,212.6283173,258.8518646,189.0002857,218.955118,387.3823689,0.320285601,0.123575307,0.438082727,0.290964486,-0.279580985
SDMT,92541,0,1,0.5,182,4.642993572,0.020043158,0.000477073,2.003224513,7,1,113.800918,138.540248,205.8222396,61.64543801,129.0424471,0.469556099,0.272845804,-0.123006195,1.082607458,0.34386529
SDMT,92541,1,1.5,1.25,373,5.589857902,0.149965622,0,2.359918745,7,1,163.6991949,199.2859764,290.2652249,102.6073405,223.7419538,0.823547853,0.626837559,0.250783346,1.290668945,0.511085024
SDMT,92541,1.5,2,1.75,119,0.414220136,0.014996373,0.016410002,3.341560692,7,1,83.10538856,101.1717774,159.0766754,64.04098813,177.3040572,0.359013949,0.162303655,-0.290262828,0.619600175,-0.398742603
SDMT,92541,2,2.5,2.25,93,0.525167918,0.009572667,0.015112058,3.109188368,7,1,88.72875178,108.0176109,149.7270203,68.48954626,178.6075698,0.04701551,-0.149694785,-0.476214278,0.305918369,-0.652591558
SDMT,92541,2.5,3,2.75,153,0.841587004,0.011819208,0.023392247,2.886475915,7,1,102.441665,124.7115922,159.9507197,78.89054564,193.8392275,0.401144407,0.204434112,-0.044427845,0.662376528,-0.23659117
SDMT,92541,3,3.5,3.25,152,0.273266269,0.008368921,0.067942595,3.469174845,7,1,77.36213801,94.1799941,113.7563605,68.30496333,191.750115,0.675383033,0.478672739,0.289821548,0.799898087,-0.232312519
SDMT,92541,3.5,4,3.75,158,0.949135704,0.003867424,0.027250886,2.641764971,7,1,102.8633419,125.2249379,134.5402719,79.58839434,181.1507779,0.429193703,0.23248341,0.160731459,0.685726751,-0.136734679
SDMT,92541,4,4.5,4.25,178,1.07581469,0.001006109,0.015619179,2.507805633,7,1,104.8199068,127.606843,127.0687156,74.95874495,156.9554298,0.529539846,0.332829552,0.337055542,0.864845655,0.125821672
SDMT,92541,4.5,5,4.75,190,0.792217119,0.001072022,0.052464392,2.599407424,7,1,97.12589462,118.2402195,114.0102595,74.71119607,163.080552,0.671016052,0.474305759,0.510735632,0.933394111,0.152779809
SDMT,92541,5,5.5,5.25,194,0.746308821,0.001339692,0.019968922,2.686192478,7,1,99.12869174,120.6784073,117.5741,77.44470758,171.8235597,0.671439237,0.474728943,0.500789386,0.918293928,0.121390024
SDMT,92541,5.5,6,5.75,207,1.079663886,0.009591145,0.010641338,2.728934003,7,1,117.9073119,143.5393363,147.6324456,98.68616867,227.8298555,0.56281997,0.366109675,0.337993084,0.740773992,-0.095880309
SDMT,92541,6,6.5,6.25,257,2.975731622,0.002775058,0.008460329,2.053546221,7,1,137.3701661,167.2332457,145.4477091,105.5358206,199.6895215,0.62639686,0.429686566,0.569259451,0.890025658,0.252312317
SDMT,92541,6.5,7,6.75,278,1.85455724,0.002137189,0.032257172,2.293409219,7,1,127.0203478,154.6334669,136.7247161,98.43229269,195.8973871,0.783273821,0.586563527,0.709651581,1.038252186,0.350030127
SDMT,92541,7,7.5,7.25,215,2.974263527,0.009246375,0.043958616,2.117814978,7,1,143.6659124,174.8976324,152.9196782,121.4255746,242.2606214,0.403147477,0.206437183,0.340725224,0.571336508,-0.119376066
SDMT,92541,7.5,8,7.75,243,4.303072456,0.00811921,0.046822174,1.927421291,7,1,154.1590771,187.67192,158.167297,129.055511,242.9186216,0.455076406,0.258366111,0.429408129,0.632818814,0.000334947
SDMT,92541,8,8.5,8.25,237,6.635343885,0.014019422,0.02936751,1.767547722,7,1,170.2869598,207.3058641,173.9710163,146.251558,265.8046134,0.330575128,0.133864834,0.309171429,0.482732002,-0.114701362
SDMT,92541,8.5,9,8.75,248,13.11233624,0.095770236,0.04882031,1.732648082,7,1,220.3976671,268.3102034,238.7505997,192.3391645,348.0997161,0.117995254,-0.07871504,0.038009255,0.254168451,-0.339060233
SDMT,92541,9,9.5,9.25,230,17.35424273,0.149854399,0.04065236,1.687103309,7,1,241.9270016,294.5198281,266.4175861,211.0792443,374.9634115,-0.050556725,-0.24726702,-0.146985641,0.085845681,-0.488749143
SDMT,92541,9.5,10,9.75,219,14.89991221,0.157360582,0.028234261,1.796828925,7,1,242.8308259,295.6201358,265.6304914,210.3917536,381.9829106,-0.103293281,-0.300003575,-0.193034483,0.040100444,-0.556304141
SDMT,92541,10,10.5,10.25,221,12.51028054,0.113234637,0.010636206,1.810367611,7,1,229.5807581,279.4896185,244.8124675,202.4295177,370.1681932,-0.038092153,-0.234802447,-0.102329777,0.087770936,-0.515794777
SDMT,92541,10.5,11,10.75,238,10.69359974,0.07531792,0.016001511,1.794031335,7,1,215.2390744,262.0301776,222.9587237,193.8719215,354.9020482,0.100521289,-0.096189005,0.065284015,0.205072931,-0.399571157
SDMT,92541,11,11.5,11.25,251,11.38443216,0.088697201,0.00835587,1.797746669,7,1,222.3275497,270.6596258,230.4017185,200.823098,366.8912097,0.121301196,-0.075409099,0.085628552,0.223028528,-0.379612434
SDMT,92541,11.5,12,11.75,213,13.91771145,0.112758028,0.031586137,1.739317122,7,1,234.7588639,285.7933995,244.9978262,213.4426782,383.2768877,-0.097266711,-0.293977005,-0.139957172,-0.002076145,-0.587465507
SDMT,92541,12,12.5,12.25,188,7.603466643,0.064533073,0.028884462,1.963936803,7,1,207.5852919,252.7125293,208.0419075,188.9682751,358.6259908,-0.099100338,-0.295810632,-0.101297575,-0.005137182,-0.645838074
SDMT,92541,12.5,13,12.75,266,7.421537308,0.050060108,0.015319177,1.910269476,7,1,201.5049057,245.31032,197.7958025,186.4450533,350.4470336,0.277682582,0.080972287,0.296261111,0.355359733,-0.27571327
SDMT,92541,13,13.5,13.25,241,14.08240733,0.107012324,0.072871617,1.719419398,7,1,236.841141,288.3283456,241.9068483,220.1096906,392.4645782,0.017407308,-0.179302986,-0.003755794,0.090670918,-0.487649353
SDMT,92541,13.5,14,13.75,237,11.20882261,0.121991659,0.099922082,1.889695996,7,1,236.8802484,288.3759546,239.8055918,217.5511443,402.2851073,0.000505409,-0.196204886,-0.01176842,0.085626172,-0.529100918
SDMT,92541,14,14.5,14.25,216,4.773766382,0.072156199,0.20375135,2.265840193,7,1,199.2737791,242.5941658,191.8275236,186.0222493,376.7631636,0.080598754,-0.11611154,0.118681754,0.149412121,-0.556338369
SDMT,92541,14.5,15,14.75,219,12.81162269,0.095452631,0.105829161,1.738424313,7,1,233.0310747,283.690004,232.3101384,221.5917691,397.0338925,-0.062100083,-0.258810377,-0.059001553,-0.011765081,-0.594949919
SDMT,92541,15,15.5,15.25,221,3.816261559,0.068607718,0.38773664,2.377203777,7,1,189.5881353,230.8029473,176.8592262,182.783205,380.1497602,0.153308691,-0.043401603,0.222808618,0.189861923,-0.542402579
SDMT,92541,15.5,16,15.75,247,2.000310952,0.016506075,1.158473716,2.451030752,7,1,147.3681739,179.4047334,122.0741469,149.3066788,316.9486807,0.516454297,0.319744003,0.704759715,0.503385899,-0.249351534
SDMT,92541,16,16.5,16.25,244,2.375262145,0.042210878,0.940626091,2.559743374,7,1,167.104092,203.4310685,145.7565932,166.8948709,361.3988486,0.378551302,0.181841008,0.515230165,0.379804127,-0.392813967
SDMT,92541,16.5,17,16.75,223,2.414101513,0.035846432,1.136528626,2.511072647,7,1,165.0651624,200.9488934,140.6646297,166.4275706,356.5675297,0.300831452,0.104121157,0.460793227,0.292611568,-0.469351875
SDMT,92541,17,17.5,17.25,237,2.5218,0.0237,1.2053,,7,1,158.9546551,193.5100149,131.8614425,161.1834185,338.3625398,0.399441168,0.202730873,0.586308448,0.385517179,-0.356057782
SDMT,156436,0,2,1,610,2.161808948,0.007977317,0,2.277025704,6,2,103.1756163,125.6050981,180.8688929,62.18935319,135.9760995,1.777026408,1.580316114,1.215686537,2.283275143,1.500979826
SDMT,156436,2,2.5,2.25,105,1.947752498,0.00485439,0.009457366,2.269199381,6,2,111.9819231,136.3258194,151.2957129,78.08680059,164.9240402,-0.064377107,-0.261087401,-0.365275935,0.296139314,-0.451524655
SDMT,156436,2.5,3,2.75,176,2.999982746,0.010191076,0.009617819,2.124864542,6,2,128.2701512,156.1549666,164.9897518,93.48290056,191.7597018,0.316345399,0.119635105,0.064600633,0.632705457,-0.08575904
SDMT,156436,3,3.5,3.25,74,0.537647722,0.002409188,0.086140623,2.874830746,6,2,85.89926471,104.5730179,121.9525109,67.84478418,163.7824906,-0.149110176,-0.34582047,-0.499566621,0.086842583,-0.794474178
SDMT,156436,3.5,4,3.75,89,0.268507747,0.001688435,0.144949811,3.207862832,6,2,71.52623953,87.07542204,97.29721841,62.03506099,161.3472978,0.218572001,0.021861707,-0.089134031,0.360936645,-0.594922801
SDMT,156436,4,4.5,4.25,108,0.26284406,0.001379121,0.150352937,3.191771483,6,2,71.5166652,87.06376633,91.64457497,62.97658927,162.2085512,0.412200725,0.215490431,0.164213447,0.539368169,-0.406751633
SDMT,156436,4.5,5,4.75,105,0.324286321,0.001635988,0.1505769,3.099325028,6,2,77.42885241,94.26121162,98.13354602,67.91187666,170.8649741,0.304600869,0.107890575,0.067631085,0.435749417,-0.486913269
SDMT,156436,5,5.5,5.25,156,0.281339575,0.001229508,0.161595342,3.141200322,6,2,74.30656266,90.46016323,87.34166426,66.81640293,168.6934787,0.741656733,0.544946439,0.580028404,0.847907404,-0.078227325
SDMT,156436,5.5,6,5.75,199,0.272766889,0.001431304,0.183752973,3.176927591,6,2,74.3548624,90.51896292,83.44355441,69.09345995,176.0352998,0.984455755,0.787745461,0.869134417,1.057844745,0.122620283
SDMT,156436,6,6.5,6.25,181,1.247124289,0.004923561,0.072878917,2.501924374,6,2,115.5912453,140.7197768,133.2427532,97.5252482,213.5099616,0.448436811,0.251726517,0.306324355,0.618385731,-0.165186459
SDMT,156436,6.5,7,6.75,181,1.687508748,0.003357256,0.063761514,2.295802763,6,2,121.8937394,148.3923784,132.2473035,100.8179259,207.6085044,0.395347355,0.19863706,0.31382335,0.585180855,-0.137157085
SDMT,156436,7,7.5,7.25,180,2.617230603,0.016593704,0.029094565,2.299454412,6,2,147.5116391,179.5793867,166.2845731,125.0909021,261.0576765,0.199049769,0.002339475,0.079256234,0.363916161,-0.371784515
SDMT,156436,7.5,8,7.75,184,2.512288898,0.009487988,0.0343924,2.223737849,6,2,142.0200935,172.8940269,151.5119649,120.9434395,246.8228078,0.258967206,0.062256912,0.19427116,0.419612763,-0.293734944
SDMT,156436,8,8.5,8.25,187,1.785767206,0.026689983,0.025430143,2.615661075,6,2,145.0496238,176.5821507,169.5615533,127.6664479,286.1286111,0.2540327,0.057322406,0.09789261,0.38168763,-0.425332782
SDMT,156436,8.5,9,8.75,203,1.631496126,0.025532805,0.032416231,2.667911126,6,2,143.6143747,174.834891,164.9701229,127.6271667,288.5646514,0.346074225,0.14936393,0.207441595,0.464092726,-0.351713177
SDMT,156436,9,9.5,9.25,182,1.186475116,0.007207089,0.011568079,2.588645051,6,2,123.9568711,150.904017,128.563408,111.4672373,247.6963915,0.384072996,0.187362701,0.347584457,0.490275975,-0.308197081
SDMT,156436,9.5,10,9.75,156,1.940725767,0.030611414,0.003018007,2.59838458,6,2,151.8784031,184.8954473,167.2788474,136.9049457,304.0527249,0.026775786,-0.169934508,-0.069806158,0.130569149,-0.667345116
SDMT,156436,10,10.5,10.25,158,0.815395536,0.005416893,0.030134905,2.762574688,6,2,114.4334693,139.3103104,112.962067,106.122518,244.2791529,0.322601433,0.125891139,0.335542961,0.398000776,-0.435716608
SDMT,156436,10.5,11,10.75,171,2.668605699,0.020260505,0.039461557,2.318064781,6,2,156.9464113,191.0651964,159.5397044,142.3190553,296.0826565,0.085759139,-0.110951156,0.069370735,0.183592151,-0.548975104
SDMT,156436,11,11.5,11.25,152,0.938791147,0.011812724,0.082130039,2.82734142,6,2,124.4432857,151.4961739,123.6345979,118.5702968,277.0748491,0.200030445,0.003320151,0.206550097,0.248374514,-0.600407162
SDMT,156436,11.5,12,11.75,156,0.895023177,0.0144631,0.118680071,2.913335883,6,2,125.7571759,153.0956924,124.78135,121.2110671,287.5113847,0.215503135,0.018792841,0.223293002,0.252322625,-0.611406451
SDMT,156436,12,12.5,12.25,124,0.875263641,0.007221033,0.150371894,2.776722747,6,2,119.5040378,145.4831765,109.9265128,115.3836887,265.4303413,0.036931406,-0.159778889,0.120469489,0.072018567,-0.761070873
SDMT,156436,12.5,13,12.75,128,2.523298557,0.011354403,0.133233605,2.230773384,6,2,150.6627468,183.4155179,140.5051649,141.0942473,286.6200087,-0.16301361,-0.359723905,-0.093213985,-0.097397824,-0.806127063
SDMT,156436,13,13.5,13.25,120,1.036750388,0.007665237,0.263464442,2.688721718,6,2,124.2076241,151.2092815,110.432686,121.4418097,273.2091339,-0.034462811,-0.231173105,0.083085584,-0.011943473,-0.822745817
SDMT,156436,13.5,14,13.75,165,1.118929873,0.006840463,0.459523888,2.624096325,6,2,124.3790395,151.4179612,108.0234167,122.8884858,271.8858479,0.282611801,0.085901506,0.423597449,0.294668149,-0.499436827
SDMT,156436,14,14.5,14.25,213,1.613309478,0.026929752,0.336639241,2.682367622,6,2,149.7398174,182.2919516,141.8276816,146.5912471,328.7452331,0.352392928,0.155682634,0.406679355,0.373644084,-0.433990918
SDMT,156436,14.5,15,14.75,186,2.291927638,0.035448052,0.1791201,2.534150169,6,2,165.8195759,201.8673098,158.1404166,159.2720026,344.5853854,0.114846369,-0.081863926,0.162263323,0.155133225,-0.616595239
SDMT,156436,15,15.5,15.25,175,2.3573006,0.053962296,0.266129712,2.625390408,6,2,173.4490227,211.155332,167.9748563,167.1373444,367.0943137,0.008902235,-0.187808059,0.040971671,0.045970078,-0.740832827
SDMT,156436,15.5,16,15.75,194,2.758334729,0.026047962,0.226227478,2.336145277,6,2,166.608449,202.8276771,151.7954017,162.3837077,337.0611623,0.152211716,-0.044498578,0.245324586,0.177896058,-0.552406245
SDMT,156436,16,16.5,16.25,199,4.114008741,0.011273881,0.15461798,1.976164379,6,2,169.1572882,205.9306118,149.9679596,161.8572892,305.5967959,0.162475843,-0.034234451,0.282883156,0.206589809,-0.428961748
SDMT,156436,16.5,17,16.75,194,7.511540513,0.018969347,0.132154213,1.710211993,6,2,189.0804427,230.1848868,173.898771,185.8663129,330.973339,0.025685612,-0.171024683,0.109384805,0.042830492,-0.534179666
SDMT,156436,17,17.5,17.25,208,6.729594164,0.029209285,0.174918629,1.845956212,6,2,194.6622962,236.9801867,178.3716709,191.1787385,352.4071211,0.066271837,-0.130438458,0.153668668,0.084329286,-0.527249022
SDMT,156436,17.5,18,17.75,211,1.389162878,0.012167524,0.509348125,2.603318345,6,2,139.1088727,169.349932,111.065764,142.7746747,313.0935002,0.41660125,0.219890956,0.641735639,0.390590447,-0.394643735
SDMT,92546,0,1,0.5,522,2.578117769,0.010180067,0,2.221217017,7,2,99.11624073,120.6632496,194.4690783,53.54140056,117.6505354,1.661374278,1.464663983,0.987394418,2.277212391,1.489948922
SDMT,92546,1,1.5,1.25,142,6.740361559,0.021115528,0,1.789948449,7,2,136.9817046,166.760336,183.3106035,89.58138033,173.6473847,0.035979684,-0.16073061,-0.255354943,0.460679568,-0.201199661
SDMT,92546,1.5,2,1.75,179,6.302169711,0.022453052,0,1.836608133,7,2,142.4366155,173.4010971,184.2402731,98.00591846,190.6579759,0.228488709,0.031778415,-0.028854932,0.602357937,-0.063095315
SDMT,92546,2,2.5,2.25,187,1.711049702,0.004527467,0.000952344,2.33160047,7,2,109.1601762,132.8906493,148.4159959,76.29593923,163.4642193,0.538292307,0.341582013,0.231089503,0.896488901,0.134514493
SDMT,92546,2.5,3,2.75,153,0.788525173,0.012539823,0,2.943590243,7,2,101.744995,123.8634722,164.0373823,78.53902277,195.2422331,0.407968287,0.211257993,-0.069656421,0.666842315,-0.243803087
SDMT,92546,3,3.5,3.25,149,1.544673647,0.015453893,0.018610758,2.586845635,7,2,120.3446946,146.5065847,170.0635513,92.23270503,210.3440282,0.213586226,0.016875932,-0.132225892,0.47963152,-0.344798114
SDMT,92546,3.5,4,3.75,190,2.806951042,0.03205433,0.00647877,2.382681512,7,2,144.3377657,175.7155409,192.5624928,111.1331234,240.8743235,0.274867924,0.07815763,-0.013396667,0.53629528,-0.237251246
SDMT,92546,4,4.5,4.25,169,3.767746634,0.024058695,0.002964629,2.153877705,7,2,150.141484,182.7809371,181.7426999,117.2307928,240.0530326,0.118320639,-0.078389656,-0.072693235,0.365754135,-0.350961153
SDMT,92546,4.5,5,4.75,146,3.044680146,0.021885345,0.002971019,2.240650763,7,2,145.0466462,176.5785259,174.7736503,116.3444529,243.506579,0.006551233,-0.190159062,-0.179885088,0.227051409,-0.511537339
SDMT,92546,5,5.5,5.25,220,3.961258371,0.026843342,0.004035406,2.122646332,7,2,155.1209862,188.8429397,182.4250589,126.3740591,256.9752473,0.349422178,0.152711884,0.187288094,0.554381314,-0.15535222
SDMT,92546,5.5,6,5.75,175,4.193356391,0.03308806,0,2.148986192,7,2,162.245841,197.516676,186.7131216,132.9686006,270.3244725,0.075673252,-0.121037042,-0.064787356,0.274672959,-0.434837014
SDMT,92546,6,6.5,6.25,227,8.858412986,0.055691938,0.015192404,1.826175532,7,2,189.9181004,231.2046439,212.1061829,158.256051,297.0650563,0.178357089,-0.018353205,0.067863005,0.36073572,-0.269001142
SDMT,92546,6.5,7,6.75,291,15.03659358,0.073706649,0,1.581128231,7,2,207.1776376,252.2162544,229.2923241,178.586768,315.3808301,0.339746689,0.143036395,0.238325553,0.488248689,-0.080457626
SDMT,92546,7,7.5,7.25,289,16.80383799,0.075008108,0.003285728,1.517429247,7,2,210.358777,256.0889459,231.7362217,185.3790685,322.133294,0.317612153,0.120901859,0.220826939,0.44402394,-0.108538728
SDMT,92546,7.5,8,7.75,241,19.95318757,0.092268484,0.003784018,1.467156347,7,2,220.1293309,267.9835333,243.7312222,196.9354883,336.9854001,0.090581692,-0.106128602,-0.011269136,0.201920729,-0.335242673
SDMT,92546,8,8.5,8.25,286,20.54802941,0.103541541,0.003656585,1.479611682,7,2,226.1694506,275.3367224,250.0865401,203.1734649,347.6043568,0.234707311,0.037997017,0.134184792,0.34193169,-0.195073116
SDMT,92546,8.5,9,8.75,261,15.84918611,0.069264817,0,1.538739263,7,2,213.1016282,259.4280691,228.9379073,192.4169003,334.2100963,0.202751228,0.006040934,0.131069588,0.304856034,-0.247249419
SDMT,92546,9,9.5,9.25,208,11.20712969,0.035572026,0,1.589701823,7,2,192.7732624,234.6804933,199.2908949,175.8975352,310.0206571,0.076023388,-0.120686906,0.042772539,0.167636441,-0.399100851
SDMT,92546,9.5,10,9.75,240,7.684435638,0.043365742,0.018918259,1.854102106,7,2,192.3939376,234.2187067,196.198199,171.8538248,321.4759659,0.221093895,0.0243836,0.201513556,0.333994664,-0.292283861
SDMT,92546,10,10.5,10.25,179,0.918960271,0.018598054,0.048412768,2.925760811,7,2,126.0824841,153.4917198,120.7348802,119.6375849,287.0920635,0.350449477,0.153739183,0.393788737,0.402918759,-0.472417137
SDMT,92546,10.5,11,10.75,224,0.545261433,0.006392686,0.072607174,2.994463931,7,2,104.3197443,126.9979496,74.19499606,102.9156256,251.9335014,0.764185405,0.56747511,1.104949343,0.777736568,-0.117519117
SDMT,92546,11,11.5,11.25,159,7.870866755,0.089639197,0.008129121,2.022881452,7,2,214.0160148,260.5412354,220.0282483,190.5956045,366.393377,-0.297146646,-0.49385694,-0.324851737,-0.181249727,-0.834803355
SDMT,92546,11.5,12,11.75,223,5.186431081,0.07282771,0.025282838,2.209717041,7,2,197.8540205,240.8657641,199.5801494,178.5627873,359.4675161,0.119642283,-0.077068011,0.110955864,0.222231483,-0.477452043
SDMT,92546,12,12.5,12.25,196,9.733450667,0.128537227,0.032606741,1.992318393,7,2,231.9934208,282.4267732,238.9303005,207.3342795,392.9501916,-0.168594353,-0.365304648,-0.19805722,-0.056217708,-0.695568206
SDMT,92546,12.5,13,12.75,189,11.2405762,0.162335146,0.059464959,1.980562218,7,2,245.5234196,298.8980761,253.1985316,218.23265,409.6153939,-0.261645323,-0.458355618,-0.292426876,-0.143814681,-0.773471641
SDMT,92546,13,13.5,13.25,190,7.80380715,0.095010976,0.056559374,2.044874596,7,2,219.9289927,267.7396433,217.7273999,200.1861596,384.7578795,-0.146280662,-0.342990956,-0.136219749,-0.052223659,-0.70559018
SDMT,92546,13.5,14,13.75,193,1.995142173,0.040266263,0.039381074,2.635224218,7,2,162.6609748,198.0220562,148.3526971,154.7624853,343.8796468,0.171022063,-0.025688231,0.263097662,0.2207986,-0.577601543
SDMT,92546,14,14.5,14.25,205,6.922325042,0.047387959,0.015433319,1.927878141,7,2,200.4983818,244.0849865,190.2975411,189.5173179,357.7041617,0.022203803,-0.174506491,0.074421126,0.078529571,-0.556696302
SDMT,92546,14.5,15,14.75,277,16.82601224,0.139864094,0.020794108,1.67749076,7,2,251.9018395,306.663109,257.5899929,237.8872376,418.0930567,0.09497802,-0.101732274,0.07264836,0.152220736,-0.411686525
SDMT,92546,15,15.5,15.25,300,15.94553202,0.114011395,0.00354498,1.660113627,7,2,245.2623898,298.5803006,246.4187969,234.2438317,410.4165962,0.201453858,0.004743564,0.19674996,0.247419886,-0.313390257
SDMT,92546,15.5,16,15.75,279,14.8794556,0.10118277,0.001272666,1.669857551,7,2,240.8841637,293.2502863,238.7821812,231.7037886,407.2003356,0.146895612,-0.049814682,0.155660021,0.185751999,-0.378093508
SDMT,92546,16,16.5,16.25,323,18.53820589,0.109001447,0,1.556949815,7,2,247.4434354,301.2354866,249.9999162,242.7386488,415.0985578,0.266470311,0.069760017,0.256191741,0.285666978,-0.250863657
SDMT,92546,16.5,17,16.75,371,14.95922843,0.099432227,0.00416388,1.6628669,7,2,242.3182516,294.9961324,237.5951033,235.5435106,412.671322,0.425950111,0.229239817,0.445634084,0.454306408,-0.106449383
SDMT,92546,17,17.5,17.25,357,15.66505143,0.088904183,0.003714613,1.603952911,7,2,239.6583973,291.7580489,235.2446466,236.8490775,409.8886926,0.398521217,0.201810923,0.41710976,0.410312647,-0.13814986
SDMT,92546,17.5,18,17.75,387,19.18839284,0.117726718,0.00180512,1.556781998,7,2,253.5733376,308.6979762,253.574329,251.6118943,428.8560618,0.422771612,0.226061317,0.422767702,0.430536895,-0.102696649
SDMT,92546,18,18.5,18.25,457,16.23782819,0.11208262,0.003720955,1.645137591,7,2,250.5112128,304.9701721,244.0900826,246.5317343,428.6015256,0.60117971,0.404469415,0.627146043,0.617192666,0.064155748
SDMT,92546,18.5,19,18.75,367,12.75774889,0.100682449,0.007891463,1.761193782,7,2,243.1747979,296.0388844,229.5488313,237.785425,424.8078614,0.41158133,0.214871036,0.469246069,0.433993157,-0.146275128
SDMT,92546,19,19.5,19.25,340,15.13387212,0.093145326,0.00947557,1.636763879,7,2,244.1262488,297.1971724,233.7048853,243.9154756,423.8773557,0.331260113,0.134549819,0.374886472,0.332123864,-0.22049854
SDMT,92546,19.5,20,19.75,319,17.87877956,0.069792818,0.011023293,1.462726477,7,2,236.0830821,287.4054913,231.9848265,245.67174,411.4319344,0.301007317,0.104297023,0.318519136,0.261194848,-0.254452495
SDMT,92546,20,20.5,20.25,308,14.99586369,0.070544397,0.018362215,1.570955577,7,2,235.7963194,287.0563888,223.9223771,241.4144168,414.0805368,0.267131404,0.07042111,0.318800322,0.243584754,-0.295960705
SDMT,92546,20.5,21,20.75,301,17.10693553,0.085183247,0.015213018,1.54143807,7,2,244.8623786,298.0933305,235.7637493,251.618249,427.399687,0.206413932,0.009703638,0.244280023,0.179197211,-0.350609346
SDMT,92546,21,21.5,21.25,370,12.15301106,0.051888544,0.015111554,1.625672638,7,2,225.235144,274.1993057,206.1460344,231.4015373,402.1286251,0.496358065,0.299647771,0.584918183,0.469348547,-0.083268995
SDMT,92546,21.5,22,21.75,254,13.51555195,0.04875161,0.012522509,1.548347178,7,2,225.3222141,274.3053042,208.8021481,235.2729471,401.5515146,0.119802827,-0.076907468,0.195947123,0.07658795,-0.458001563
SDMT,92546,22,22.5,22.25,434,13.78397725,0.145754292,0.003446011,1.823114416,7,2,264.2918075,321.7465482,242.255332,260.0300492,465.7298656,0.49599071,0.299280416,0.583052273,0.512247336,-0.070561244
SDMT,92546,22.5,23,22.75,331,18.65437126,0.265302574,0.003359056,1.823222546,7,2,298.6691286,363.5972,281.623718,287.2229752,507.4158263,0.102782008,-0.093928286,0.161546529,0.141859544,-0.427212462
SDMT,92546,23,23.5,23.25,300,18.91491567,0.321608551,0.011749781,1.877763553,7,2,309.3144294,376.5566967,290.5077108,294.2043616,523.1950044,-0.030575856,-0.22728615,0.032152356,0.019507841,-0.556171777
SDMT,92546,23.5,24,23.75,332,18.93727045,0.268742537,0.041689174,1.817568304,7,2,301.2605745,366.7520037,281.3982843,291.6209408,513.8856685,0.097159383,-0.099550911,0.165363921,0.129680158,-0.436865837
SDMT,92546,24,24.5,24.25,345,20.66948659,0.29772701,0.031150316,1.798124967,7,2,309.5966718,376.9002961,290.4441739,299.5711186,523.8653736,0.108274025,-0.088436269,0.172133032,0.14119257,-0.417690314
SDMT,92546,24.5,25,24.75,360,17.2433686,0.246394006,0.019674492,1.845960737,7,2,295.9317646,360.2647569,270.1083574,288.9405966,513.0921118,0.195975129,-0.000735166,0.287280829,0.219882913,-0.354351353
SDMT,92546,25,25.5,25.25,339,15.962,0.3084,0.013,1.951164002,7,2,302.4803385,368.2369338,272.6170947,290.8168373,526.002767,0.113983829,-0.082726465,0.21793188,0.153306463,-0.439306366
SDMT,92547,0,2,1,196,3.549984242,0.045664939,0,2.319978672,7,2,126.9528064,154.5512425,232.8361914,76.28029685,169.3620195,0.434299245,0.237588951,-0.172220506,0.943699987,0.146076108
SDMT,92547,2,2.5,2.25,149,6.09856247,0.053493408,0.001842343,2.047023504,7,2,160.1670149,194.9859311,216.0515884,112.459797,227.4705046,-0.072270808,-0.268981102,-0.371570908,0.281350508,-0.423074274
SDMT,92547,2.5,3,2.75,125,5.483828564,0.035270638,0.032043937,2.013362053,7,2,155.1767769,188.9108588,197.2660296,113.1486165,226.5647809,-0.216251226,-0.41296152,-0.456239485,0.099611592,-0.594717175
SDMT,92547,3,3.5,3.25,127,2.999272964,0.025764722,0.032183327,2.293883983,7,2,140.6569191,171.2345101,183.2279725,105.8784869,225.9025306,-0.102136641,-0.298846935,-0.366544042,0.181895,-0.575916539
SDMT,92547,3.5,4,3.75,147,4.744277211,0.048115032,0.032805591,2.159237575,7,2,162.3507246,197.6443604,205.2609063,123.9672308,254.9226696,-0.099326375,-0.296036669,-0.333849297,0.170415324,-0.550527656
SDMT,92547,4,4.5,4.25,281,4.9252142,0.036525508,0.038952203,2.0664502,7,2,160.8098251,195.7684827,193.6334891,126.1377457,253.9453617,0.558132213,0.361421919,0.372387529,0.80098014,0.101235537
SDMT,92547,4.5,5,4.75,279,12.03499501,0.052001655,0.004622611,1.631487963,7,2,186.91521,227.5489513,212.3964647,152.3689889,275.2897755,0.40055669,0.203846396,0.272757137,0.604906644,0.01338751
SDMT,92547,5,5.5,5.25,217,7.90874471,0.028119331,0.00518485,1.753312707,7,2,171.2148486,208.4354679,188.6168737,140.1430047,259.8574761,0.236978161,0.040267867,0.140179519,0.43723399,-0.180235958
SDMT,92547,5.5,6,5.75,170,8.872754089,0.035769375,0.014150763,1.72001094,7,2,178.0763849,216.7886425,197.9141783,149.0834188,274.5953932,-0.04641415,-0.243124444,-0.152035057,0.13129243,-0.47950028
SDMT,92547,6,6.5,6.25,178,3.717687005,0.035501373,0.025496606,2.241685454,7,2,162.5536234,197.8913676,183.8186254,134.5333454,278.3812752,0.090775613,-0.105934681,-0.03216599,0.279971461,-0.447208117
SDMT,92547,6.5,7,6.75,178,8.758389504,0.07358273,0.054578104,1.907989189,7,2,198.7337883,241.9367858,220.8155044,165.1916892,314.0532739,-0.110182632,-0.306892926,-0.215543981,0.074676998,-0.567779083
SDMT,92547,7,7.5,7.25,201,6.792661159,0.056300721,0.05372851,1.970170013,7,2,186.7763393,227.3798913,205.9839423,158.8818556,308.2672819,0.073393054,-0.123317241,-0.024493308,0.235144029,-0.427662297
SDMT,92547,7.5,8,7.75,192,6.840751583,0.075987221,0.053044782,2.035821422,7,2,194.5884132,236.8902422,215.4097903,166.1036597,325.9943674,-0.013391254,-0.210101549,-0.115046843,0.144883323,-0.529384731
SDMT,92547,8,8.5,8.25,215,8.099028602,0.118050619,0.050361585,2.069433718,7,2,212.738028,258.9854255,236.6323646,179.626156,351.153571,0.010576535,-0.18613376,-0.095869704,0.179760248,-0.490585624
SDMT,92547,8.5,9,8.75,191,5.187413799,0.072419954,0.044895391,2.210246966,7,2,190.872521,232.3665473,206.5487256,164.437483,333.3842452,0.000667652,-0.196042642,-0.078262916,0.149742973,-0.557022286
SDMT,92547,9,9.5,9.25,271,9.572432174,0.04229758,0.06106718,1.722191403,7,2,194.9471225,237.3269317,201.1967009,174.4383403,316.7093163,0.329390466,0.132680172,0.29783578,0.440547492,-0.155865549
SDMT,92547,9.5,10,9.75,252,7.157714537,0.068681333,0.060810591,1.986964213,7,2,199.3632397,242.7030744,209.3439457,176.7229767,341.0988564,0.234300602,0.037590307,0.185450515,0.354845684,-0.302743249
SDMT,92547,10,10.5,10.25,236,14.21560187,0.062259867,0.061838059,1.576752303,7,2,212.9451491,259.2375728,223.4853331,196.2025195,342.7989966,0.102797188,-0.093913106,0.054486017,0.184684416,-0.373312455
SDMT,92547,10.5,11,10.75,206,7.009995616,0.075371285,0.066264516,2.009380989,7,2,202.2394548,246.2045537,208.7217353,182.4441556,353.8272588,0.018423754,-0.178286541,-0.013125786,0.121432039,-0.540932656
SDMT,92547,11,11.5,11.25,224,17.42227764,0.054958444,0.062397584,1.426403021,7,2,213.0377602,259.3503168,224.8457364,205.1966514,345.8445733,0.050176624,-0.14653367,-0.003768499,0.087677257,-0.434343412
SDMT,92547,11.5,12,11.75,352,10.59415955,0.030758391,0.056414102,1.59526103,7,2,194.9133805,237.2858545,194.5402105,184.2424974,323.066421,0.591075918,0.394365624,0.592992296,0.647378365,0.085773236
SDMT,92547,12,12.5,12.25,276,4.675046296,0.03859556,0.055094908,2.115164072,7,2,183.5764935,223.4844268,174.5630086,168.8274493,334.2387828,0.407769427,0.211059133,0.458115108,0.491523682,-0.19145479
SDMT,92547,12.5,13,12.75,286,1.909802896,0.013711558,0.050463895,2.41157255,7,2,146.3406332,178.1538143,124.6393052,137.7153931,293.1888183,0.670054802,0.473344508,0.830567803,0.730802624,-0.024825022
SDMT,92547,13,13.5,13.25,287,9.721046919,0.090882394,0.045726773,1.900207592,7,2,224.2936288,273.0531133,222.0659624,205.8596271,383.1645377,0.246526179,0.049815885,0.25650775,0.332287701,-0.288982284
SDMT,92547,13.5,14,13.75,245,12.16100735,0.147914654,0.043231591,1.902498295,7,2,246.4134986,299.9816504,248.3309807,223.6690412,412.7380654,-0.005752803,-0.202463097,-0.013504245,0.091090746,-0.521554957
SDMT,92547,14,14.5,14.25,562,6.786586157,0.120284839,0.042634451,2.184482905,7,2,223.043949,271.531764,217.6606664,204.1679049,403.6927262,0.924133017,0.727422723,0.948564576,1.012559131,0.33084784
SDMT,92547,14.5,15,14.75,408,7.134047753,0.073787243,0.057390281,1.961026932,7,2,207.1195532,252.145543,201.2378335,199.3696584,382.30602,0.677970996,0.481260702,0.706779715,0.716106493,0.065045787
SDMT,92547,15,15.5,15.25,358,17.63309149,0.053228559,0.056097258,1.413625266,7,2,220.4580889,268.3837604,224.7154477,223.1016331,372.000698,0.484825383,0.288115088,0.465698061,0.472905565,-0.038362744
SDMT,92547,15.5,16,15.75,312,20.3053895,0.064680044,0.049129376,1.370416148,7,2,227.4836129,276.9365722,235.6832069,233.4784074,385.0734654,0.315924983,0.119214689,0.280514628,0.289913589,-0.210430947
SDMT,92547,16,16.5,16.25,464,3.499428874,0.011271423,0.033979759,2.057285482,7,2,165.2649321,201.1920913,139.2081261,158.1539823,305.2700133,1.032334717,0.835624422,1.203914429,1.076315422,0.418687878
SDMT,92547,16.5,17,16.75,333,2.133766203,0.028831415,0.007371728,2.445043916,7,2,159.6781068,194.3907387,122.0567319,160.5667007,346.2977672,0.734982534,0.53827224,1.003656538,0.729433053,-0.039156514
SDMT,92547,17,17.5,17.25,360,12.52559596,0.053843958,0.019207253,1.616224136,7,2,220.9029314,268.9253078,211.0725043,219.992721,383.3849608,0.488380651,0.291670357,0.533902335,0.492509572,-0.062935573
SDMT,92547,17.5,18,17.75,338,14.32608453,0.050475093,0.009865336,1.523140354,7,2,221.4835736,269.6321765,214.3353548,224.8685624,383.3175313,0.422697469,0.225987175,0.455504029,0.407529831,-0.125817814
SDMT,92547,18,18.5,18.25,367,9.087033794,0.016986405,0,1.599153858,7,2,194.0963297,236.2911839,176.6125429,193.8904154,333.9345426,0.637007267,0.440296973,0.731403538,0.638068718,0.094416855
SDMT,92547,18.5,19,18.75,333,9.250708112,0.01930592,0.003662075,1.597259657,7,2,195.9033338,238.4910151,177.7106166,197.9475419,341.9127423,0.530521147,0.333810853,0.627986012,0.520140434,-0.026413075
SDMT,92547,19,19.5,19.25,313,10.05511557,0.027237519,0.009914429,1.612336147,7,2,204.8638049,249.3994147,186.7522869,207.6580744,360.1696325,0.423857799,0.227147504,0.516420121,0.410310337,-0.140371931
SDMT,92547,19.5,20,19.75,332,11.31156465,0.029810717,0.016272241,1.557821343,7,2,208.6438543,254.001214,192.572384,214.3198688,367.1130174,0.464506217,0.267795922,0.544662865,0.437665356,-0.100534781
SDMT,92547,20,20.5,20.25,370,9.924319263,0.022025348,0.021796035,1.578449018,7,2,201.1364736,244.861794,181.6879956,206.5325053,354.8444738,0.609519355,0.41280906,0.7112121,0.583045195,0.041823414
SDMT,92547,20.5,21,20.75,415,10.96885006,0.03282638,0.026618444,1.592328213,7,2,211.5592193,257.5503539,192.4429891,218.0598182,376.3300188,0.673773564,0.47706327,0.768478571,0.6435091,0.097812052
SDMT,92547,21,21.5,21.25,365,8.948675269,0.015917285,0.031435582,1.594638855,7,2,196.0334123,238.6493715,173.0200479,200.7378242,344.0844288,0.621612238,0.424901944,0.746489882,0.597897654,0.059010294
SDMT,92547,21.5,22,21.75,409,10.80879334,0.028280304,0.035845494,1.577123628,7,2,209.7062078,255.2945139,189.0001447,217.7538991,373.4886546,0.668007615,0.471297321,0.771967375,0.630349634,0.090827528
SDMT,92547,22,22.5,22.25,325,7.607293484,0.006773539,0.046471759,1.639668841,7,2,189.6191008,230.8406445,161.8810788,185.0239174,311.1423121,0.538807855,0.342097561,0.696963198,0.563340082,0.04357478
SDMT,92547,22.5,23,22.75,439,8.88648215,0.014893629,0.058842623,1.603190674,7,2,198.0694068,241.1279734,172.189024,203.2508508,347.0439775,0.795881904,0.599171611,0.935906563,0.770058479,0.235047905
SDMT,92547,23,23.5,23.25,402,7.779054842,0.011601861,0.068392513,1.648972024,7,2,193.3003499,235.3221651,164.11859,196.4854252,337.4769399,0.732206892,0.535496598,0.895862812,0.715863832,0.174954907
SDMT,92547,23.5,24,23.75,368,8.034399525,0.011567252,0.076455627,1.611971599,7,2,192.2693069,234.0669824,163.4573232,198.5232983,339.2479301,0.649185909,0.452475614,0.811531002,0.617176473,0.081351741
SDMT,92547,24,24.5,24.25,363,9.271915055,0.027181025,0.081877778,1.658629091,7,2,209.3772453,254.8940377,180.1154592,218.8174819,381.5061072,0.550265208,0.353554914,0.700804749,0.506164868,-0.049724025
SDMT,92547,24.5,25,24.75,326,12.75587439,0.042887586,0.086830387,1.55939986,7,2,225.1030957,274.0385513,202.2904568,239.2960204,407.8662595,0.370338881,0.173628587,0.477192812,0.309196017,-0.224041944
SDMT,92547,25,25.5,25.25,347,9.746670461,0.024921526,0.091131423,1.617742546,7,2,209.7806246,255.3851082,180.4327068,221.2868046,381.2433985,0.50326244,0.306552146,0.653966887,0.449865161,-0.094113232
SDMT,92547,25.5,26,25.75,371,11.62328948,0.035253146,0.095984382,1.582278256,7,2,220.9466156,268.9784886,194.0792805,234.8750083,401.3320395,0.518280949,0.321570654,0.647935325,0.45714857,-0.078587051
SDMT,92547,26,26.5,26.25,323,15.11587354,0.086995832,0.100607315,1.620357642,7,2,251.1146758,305.7048227,226.2381542,264.3325876,454.4231166,0.251742613,0.055032319,0.356064099,0.200444211,-0.341376416
SDMT,92547,26.5,27,26.75,369,15.0586512,0.110880921,0.099944997,1.689169336,7,2,261.0424632,317.7908247,232.8052368,270.9794718,471.2138864,0.346113556,0.149403262,0.460594434,0.308753576,-0.244515458
SDMT,92547,27,27.5,27.25,393,17.09209712,0.148537889,0.10648981,1.69927178,7,2,276.5708297,336.6949231,249.0566179,284.2058696,492.2293101,0.351342658,0.154632364,0.45612936,0.324110743,-0.225135073
SDMT,92547,27.5,28,27.75,355,15.36427141,0.42072973,0.138491004,2.084122153,7,2,320.0520622,389.6285975,282.4057925,306.6855348,565.7237507,0.103634113,-0.093076182,0.228772772,0.146294883,-0.465988097
SDMT,92547,28,28.5,28.25,340,21.94313122,0.401231819,0.120587868,1.862956803,7,2,333.4697239,405.9631422,303.7203323,323.1678829,566.2823155,0.019393539,-0.177316755,0.112838299,0.050773668,-0.510147127
SDMT,92547,28.5,29,28.75,383,21.37868224,0.427964564,0.138246707,1.901071075,7,2,336.9191652,410.1624619,303.8068511,325.2682914,573.4804573,0.128191953,-0.068518341,0.231642848,0.163384635,-0.403688871
SDMT,92547,29,29.5,29.25,332,19.6998,0.4063,0.1532,1.929393449,7,2,332.0019564,404.1762947,295.7555561,321.2950367,570.8018707,-5.89E-06,-0.196716187,0.11560168,0.03277515,-0.541907194
SDMT,178944,0,1,0.5,290,0.766462225,0.023093725,0.011240509,3.094710009,6,1,83.46379825,101.6081022,261.0916814,48.84982648,131.4814403,1.245467939,1.048757645,0.105009308,1.781130097,0.79101522
SDMT,178944,1,2,1.5,66,0.582934747,0.013619923,0.016864955,3.120090636,6,1,87.67141041,106.7304127,171.7957627,63.65659555,168.1564912,-0.283941111,-0.480651406,-0.956651603,0.0361518,-0.935240299
SDMT,178944,2,3,2.5,54,0.170867771,0.001273849,0.083984127,3.41798925,6,1,60.50167608,73.65421436,93.51563607,50.68256606,139.7926806,-0.113687022,-0.310397316,-0.549144606,0.06340206,-0.951176426
SDMT,178944,3,4,3.5,55,0.181927128,0.00119707,0.088260856,3.374984955,6,1,63.90422591,77.79644894,87.6299335,55.91970377,151.1860984,-0.150052307,-0.346762601,-0.465789461,-0.016583615,-1.011178332
SDMT,178944,4,5,4.5,102,0.204756645,0.001694833,0.100267339,3.35739538,6,1,68.81174629,83.77082157,87.33289604,62.80546916,168.7661542,0.393598352,0.196888058,0.155245605,0.484930655,-0.50354124
SDMT,178944,5,6,5.5,90,0.290526302,0.00224872,0.118584793,3.204576477,6,1,78.13089517,95.11587238,96.20004943,71.51239995,184.7136704,0.141424107,-0.055286187,-0.066620201,0.22993881,-0.718997228
SDMT,178944,6,7,6.5,194,0.928661811,0.006134123,0.062083388,2.680173392,6,1,109.8702996,133.7551474,131.4549448,96.25946698,221.4564291,0.568557583,0.371847289,0.389193991,0.700810832,-0.132367703
SDMT,178944,7,8,7.5,174,4.791244298,0.020339926,0.059085868,1.975845196,6,1,163.535337,199.0864972,175.2320791,140.1434786,271.6373747,0.062026204,-0.13468409,-0.007055962,0.216388554,-0.445412696
SDMT,178944,8,9,8.5,140,5.900398602,0.01958599,0.072378666,1.853392179,6,1,170.122291,207.1053977,174.8896455,149.0613347,279.4452792,-0.194875115,-0.391585409,-0.222512755,-0.062715441,-0.69116407
SDMT,178944,9,10,9.5,158,4.374813742,0.019244694,0.082090537,2.015053254,6,1,165.2889857,201.2213739,168.0616692,147.0500618,286.1387058,-0.045100337,-0.241810632,-0.061735958,0.071821948,-0.593881646
SDMT,178944,10,11,10.5,175,4.255254737,0.019256657,0.093377876,2.049350987,6,1,168.0914802,204.6331063,167.9194732,150.6080901,293.446325,0.040277618,-0.156432676,0.041301436,0.150104941,-0.51690877
SDMT,178944,11,12,11.5,172,4.908576466,0.046895282,0.117895418,2.123857176,6,1,184.6599022,224.8033592,184.6978743,169.7677131,337.4749539,-0.07102129,-0.267731584,-0.071226901,0.013063368,-0.67399682
SDMT,178944,12,13,12.5,141,0.511310679,0.003374052,0.276529356,2.951700793,6,1,99.01022939,120.5341923,76.49687314,100.8355846,240.74245,0.353536718,0.156826424,0.611510024,0.335268575,-0.534967799
SDMT,178944,13,14,13.5,128,0.572299922,0.005568171,0.254050656,2.97159411,6,1,106.1373898,129.2107354,83.2193663,109.1477934,262.2153579,0.187295879,-0.009414415,0.430550175,0.159327397,-0.717135879
SDMT,178944,14,15,14.5,123,0.997707569,0.010310517,0.169530152,2.755955483,6,1,127.227289,154.8853953,108.2242691,126.9442252,290.457883,-0.033790809,-0.230501103,0.127978716,-0.031563463,-0.859274229
SDMT,178944,15,16,15.5,112,0.648696418,0.007462698,0.275875553,2.952482523,6,1,113.0493537,137.6253002,85.32661892,118.32961,282.3450603,-0.00932561,-0.206035905,0.272012403,-0.054975164,-0.92463107
SDMT,92554,0,2,1,241,1.010402587,0.004015617,0,2.526588142,7,2,83.1308779,101.2028079,179.7631828,51.41702874,121.0294201,1.064380725,0.867670431,0.2931566,1.544827517,0.688763276
SDMT,92554,2,2.5,2.25,262,8.329665836,0.028996666,0,1.719392375,7,2,154.5091429,188.098087,191.3762112,111.794613,210.5490399,0.528091232,0.331380938,0.314103321,0.851681128,0.218625909
SDMT,92554,2.5,3,2.75,267,11.57198482,0.050258377,0.001848625,1.645333041,7,2,173.2831002,210.9533393,209.1854034,129.7528482,238.5534861,0.432321984,0.23561169,0.244027702,0.721617185,0.112655113
SDMT,92554,3,3.5,3.25,291,7.288353461,0.026988326,0.002385445,1.781934301,7,2,158.5075515,192.9657149,188.6157064,120.7837615,228.7674324,0.607521031,0.410810737,0.433611622,0.879321415,0.240617359
SDMT,92554,3.5,4,3.75,201,12.77488088,0.053685051,0.001416379,1.602753669,7,2,182.8412829,222.5893879,212.5501881,144.2787346,260.481136,0.094686438,-0.102023856,-0.055873232,0.331557823,-0.259225536
SDMT,92554,4,4.5,4.25,209,10.43361753,0.046647025,0.000353177,1.685835326,7,2,179.5208068,218.5470692,207.2906106,143.4192255,263.6102885,0.152043135,-0.044667159,0.008212527,0.376562264,-0.232137581
SDMT,92554,4.5,5,4.75,181,2.74102848,0.04224962,0,2.436062112,7,2,149.7915778,182.3549643,196.1571753,121.0279823,265.0391777,0.189252185,-0.00745811,-0.080419221,0.402475254,-0.381380624
SDMT,92554,5,5.5,5.25,185,8.691251275,0.036170647,0.004737859,1.745431734,7,2,176.9886943,215.4644974,197.0085308,145.0600911,268.691605,0.044269969,-0.152440326,-0.062891206,0.243207747,-0.373208447
SDMT,92554,5.5,6,5.75,190,5.756422627,0.024659146,0.006777346,1.907522445,7,2,164.9649668,200.8269161,181.8923255,135.8199749,260.7974926,0.141290943,-0.055419351,0.043609178,0.335693777,-0.316720144
SDMT,92554,6,6.5,6.25,219,4.086048152,0.044375062,0.012358066,2.210828336,7,2,166.4803887,202.6717776,195.0459519,138.9250444,286.7740465,0.274194213,0.077483918,0.115836548,0.455137191,-0.269622881
SDMT,92554,6.5,7,6.75,240,14.82203094,0.047995058,0.003386407,1.489888732,7,2,195.1406229,237.5624974,212.4544078,171.9834767,298.2419869,0.206918482,0.010208188,0.12191151,0.333240517,-0.21726627
SDMT,92554,7,7.5,7.25,247,13.50421287,0.035396516,0.016234412,1.484277134,7,2,189.1299474,230.2451534,202.4221337,168.7793034,291.6982761,0.266954005,0.070243711,0.199033049,0.380796372,-0.16633163
SDMT,92554,7.5,8,7.75,223,13.43540848,0.040400512,0.008235037,1.511796206,7,2,193.5232879,235.5935679,206.2386409,173.7084803,301.7959481,0.141773915,-0.054936379,0.078137822,0.249793278,-0.302579349
SDMT,92554,8,8.5,8.25,168,4.161871113,0.028352973,0.004049969,2.08111466,7,2,164.3172092,200.0383416,173.5868495,144.9829105,290.2861831,0.022165217,-0.174545077,-0.032714068,0.147348103,-0.546903295
SDMT,92554,8.5,9,8.75,156,0.883638482,0.019080422,0,2.955399397,7,2,122.3657859,148.9670437,128.7737683,114.0859085,276.6634148,0.242841203,0.046130909,0.191798877,0.312904259,-0.572945651
SDMT,92554,9,9.5,9.25,198,3.567720012,0.045092655,0.017286617,2.293630464,7,2,170.6477867,207.7451317,180.326851,152.1337597,317.0309789,0.148665325,-0.048044969,0.093495988,0.263506899,-0.470732464
SDMT,92554,9.5,10,9.75,234,12.10640505,0.0532621,0.026854635,1.635025339,7,2,205.2683994,249.8919645,213.2988364,186.635735,331.2947772,0.131002727,-0.065707567,0.092626945,0.226162339,-0.347687429
SDMT,92554,10,10.5,10.25,227,7.248620177,0.056172519,0.031457819,1.905634508,7,2,193.997008,236.1702706,203.7841491,176.5526976,336.5627223,0.157107281,-0.039603013,0.107888676,0.251330616,-0.39383451
SDMT,92554,10.5,11,10.75,247,12.75384868,0.054998728,0.028858933,1.611248439,7,2,209.2754494,254.7701123,215.5024192,193.731446,341.1330493,0.165737013,-0.030973282,0.136416201,0.242915436,-0.322884238
SDMT,92554,11,11.5,11.25,233,10.4685526,0.089300868,0.024576426,1.825160709,7,2,218.1145698,265.5307806,227.6691197,198.5239919,366.9870277,0.066017979,-0.130692315,0.023145108,0.160128495,-0.454288047
SDMT,92554,11.5,12,11.75,283,15.84802381,0.050357601,0.047104724,1.460148812,7,2,210.7625277,256.5804685,218.3491886,203.3981828,345.47715,0.294714859,0.098004565,0.259351334,0.330281348,-0.199479607
SDMT,92554,12,12.5,12.25,248,8.159130085,0.044586252,0.036841956,1.79796485,7,2,197.0859914,239.9307721,195.9522868,185.1278182,341.9738203,0.229788608,0.033078314,0.235557551,0.29238225,-0.321305439
SDMT,92554,12.5,13,12.75,280,0.90226627,0.0149107,0.023660824,2.890320018,7,2,128.2092212,156.080791,108.7765265,124.4831202,294.7616792,0.781126133,0.584415839,0.945494041,0.810619477,-0.05137756
SDMT,92554,13,13.5,13.25,206,4.117487404,0.061579137,0.049036891,2.284788741,7,2,187.6047709,228.3884168,181.722291,176.1232623,361.9499405,0.093538701,-0.103171593,0.125396521,0.156692065,-0.563629748
SDMT,92554,13.5,14,13.75,199,8.938383395,0.066981908,0,1.871594227,7,2,214.9080953,261.6272465,209.4915288,200.3526531,371.4993743,-0.076905648,-0.273615943,-0.051378478,-0.006774255,-0.624242355
SDMT,92554,14,14.5,14.25,199,3.561208869,0.045377663,0.023251551,2.304043261,7,2,181.2330696,220.631563,168.4981801,171.6011129,353.9489155,0.093520944,-0.10318935,0.166379876,0.148132152,-0.575847771
SDMT,92554,14.5,15,14.75,320,7.903236999,0.087165251,0.023385865,1.999351713,7,2,219.3618801,267.0492453,213.1427384,205.1486458,390.9734628,0.377598209,0.180887915,0.406358921,0.444586178,-0.200318692
SDMT,92554,15,15.5,15.25,202,11.0639501,0.070481663,0.053695448,1.720966279,7,2,219.4625409,267.1717889,217.0730371,213.5378324,384.500533,-0.082913864,-0.279624158,-0.071966176,-0.055546321,-0.643677478
SDMT,92554,15.5,16,15.75,423,18.44620485,0.04375634,0.050720725,1.343638339,7,2,215.1155143,261.8797565,220.7163609,222.9224309,365.7380716,0.676197019,0.479486725,0.650493737,0.640548312,0.145454753
SDMT,92554,16,16.5,16.25,564,21.92757646,0.057827796,0.039612806,1.298345148,7,2,224.0775503,272.7900612,234.7891784,235.9338723,382.7387402,0.923062053,0.726351759,0.876366253,0.871502688,0.387701636
SDMT,92554,16.5,17,16.75,533,18.74872648,0.043170137,0.014448474,1.331312359,7,2,216.3038501,263.3264262,221.2297924,227.0479709,370.8730421,0.901837292,0.705126997,0.879319478,0.853360103,0.362661625
SDMT,92554,17,17.5,17.25,306,2.946896584,0.028320469,0.007680408,2.254238606,7,2,169.014226,205.7564491,139.9915911,169.3377771,348.9071869,0.593602213,0.396891919,0.782002745,0.591689701,-0.131220845
SDMT,92554,17.5,18,17.75,275,11.78834845,0.052217322,0.016898416,1.646837726,7,2,220.1648776,268.0268075,208.1500161,219.2597017,384.4571674,0.222394388,0.025684094,0.278512047,0.226514218,-0.335061287
SDMT,92554,18,18.5,18.25,334,13.58212173,0.05349435,0.017850687,1.569535558,7,2,223.6166216,272.2289306,214.1437796,225.9654415,388.7942377,0.401207918,0.204497624,0.444493336,0.390758919,-0.151909259
SDMT,92554,18.5,19,18.75,335,10.23014917,0.030296057,0.006391582,1.615961267,7,2,206.0203458,250.8073776,189.8552751,208.4906842,362.8099146,0.486155602,0.289445307,0.56786846,0.474236172,-0.079748514
SDMT,92554,19,19.5,19.25,329,6.6351,0.0118,0.0062,1.73901148,7,2,182.4035396,222.0564829,157.5408974,180.3887543,320.4911113,0.589836268,0.393125974,0.73637266,0.600943483,0.026203209
SDMT,123178,8,8.5,8.25,129,5.738719141,0.015045822,0.050442116,1.793217159,8,1,162.6347537,197.9901349,211.0552037,144.0683041,267.9693421,-0.231694507,-0.428404801,-0.492307324,-0.110475117,-0.731060174
SDMT,123178,8.5,9,8.75,127,4.169505421,0.0287137,0.05657425,2.117465606,8,1,168.0523106,204.5854216,218.9964272,147.5683537,295.1298116,-0.280088217,-0.476798511,-0.544868329,-0.150104397,-0.843228212
SDMT,123178,9,9.5,9.25,134,0.923726526,0.018441691,0.224459723,2.928179062,8,1,122.4493709,149.0687994,225.9596809,116.2760474,279.4340813,0.090142154,-0.10656814,-0.52251678,0.141872717,-0.73492662
SDMT,123178,9.5,10,9.75,134,0.76132176,0.013817647,0.327612204,2.980986384,8,1,114.789228,139.7434081,197.8554899,112.0339765,272.3616372,0.154742153,-0.041968142,-0.389697115,0.179037613,-0.709290932
SDMT,123178,10,10.5,10.25,142,0.741461278,0.014281494,0.394372187,3.004068218,8,1,114.1382366,138.9508967,185.6548642,113.4817585,276.9626737,0.218416742,0.021706448,-0.268062324,0.224184952,-0.668055688
SDMT,123178,10.5,11,10.75,172,0.779983733,0.014863537,0.419726889,2.982896702,8,1,116.3089143,141.5934609,177.9745647,116.2210965,281.8860107,0.391244771,0.194534477,-0.034146168,0.392000096,-0.494008295
SDMT,123178,11,11.5,11.25,165,0.795585933,0.014967462,0.437127402,2.972127535,8,1,117.3787609,142.8958828,170.1286933,118.1039819,285.4477722,0.340539495,0.143829201,-0.030609696,0.334380035,-0.548113604
SDMT,123178,11.5,12,11.75,150,1.14338276,0.025244294,0.451782775,2.875503385,8,1,133.8319463,162.9258477,185.7689034,131.5341121,309.7297307,0.114050413,-0.082659881,-0.213868152,0.131369069,-0.725064787
SDMT,123178,12,12.5,12.25,142,1.288472464,0.032698165,0.495333627,2.864910136,8,1,140.8103103,171.4212473,189.7556055,138.3144483,324.0060848,0.00841339,-0.188296904,-0.2899099,0.026297354,-0.824935238
SDMT,123178,12.5,13,12.75,126,1.003398706,0.024931491,0.407962921,2.949881123,8,1,131.41033,159.977793,172.3727126,131.9119752,315.3806023,-0.042042811,-0.238753105,-0.313377159,-0.045852939,-0.917498264
SDMT,123178,13,13.5,13.25,130,1.005776142,0.025112461,0.399152208,2.95036374,8,1,132.272682,161.0276128,168.0531147,133.4558717,318.7703943,-0.017331114,-0.214041408,-0.256745638,-0.026236424,-0.896936626
SDMT,123178,13.5,14,13.75,126,0.924355168,0.02269772,0.379170337,2.976947866,8,1,129.4451362,157.5853832,158.5091905,132.0950835,317.3724252,-0.026975226,-0.22368552,-0.229530669,-0.047240086,-0.92379402
SDMT,123178,14,14.5,14.25,134,0.865227033,0.019185094,0.435957522,2.977789898,8,1,125.6819214,153.0040783,147.4428348,130.3181507,313.1766402,0.064085518,-0.132624777,-0.09560074,0.027861026,-0.848927577
SDMT,123178,14.5,15,14.75,164,0.87575841,0.016218263,0.463463379,2.932759477,8,1,124.7876133,151.9153553,139.7902586,129.9780252,309.1242614,0.273253229,0.076542935,0.159723281,0.232501029,-0.633876909
SDMT,123178,15,15.5,15.25,257,1.801302581,0.029956194,0.180248742,2.605920712,8,1,152.6878232,185.8808283,166.0149561,153.1490516,339.4350742,0.520680619,0.323970325,0.436998204,0.517664444,-0.278206604
SDMT,123178,15.5,16,15.75,234,1.583714599,0.025455687,0.714618988,2.684261825,8,1,147.4095548,179.4551102,156.0938103,149.6547043,334.7316409,0.462106315,0.265396021,0.404863941,0.446990446,-0.358008023
SDMT,123178,16,16.5,16.25,245,1.604913887,0.022153357,0.775883311,2.641674523,8,1,146.4326556,178.2658416,149.6215736,149.5157128,331.3819228,0.514692577,0.317982282,0.493148947,0.493856721,-0.302013345
SDMT,123178,16.5,17,16.75,278,1.437720086,0.020925626,0.762652774,2.694403345,8,1,142.6979962,173.7192997,143.326331,147.7103346,331.1970189,0.666890631,0.470180337,0.662497048,0.632367956,-0.175092308
SDMT,123178,17,17.5,17.25,274,1.753109954,0.023085915,0.872511448,2.597062048,8,1,150.227321,182.8854343,147.7645139,154.4924638,338.4565055,0.600978486,0.404268192,0.617508222,0.572982789,-0.211267486
SDMT,123178,17.5,18,17.75,257,2.741581123,0.032946475,1.246504218,2.411764612,8,1,168.7687744,205.4576384,163.9076878,171.0571699,358.2281288,0.420546506,0.223836211,0.449772695,0.407078257,-0.33209393
SDMT,123178,18,18.5,18.25,342,3.344220259,0.032509961,1.655894043,2.290162914,8,1,174.1155762,211.9667884,164.7834107,177.1907135,360.6598101,0.675091427,0.478381133,0.730178788,0.657584107,-0.053124423
SDMT,123178,18.5,19,18.75,220,3.76518574,0.038304641,1.721847025,2.256233354,8,1,181.1494957,220.5298209,170.7628848,184.0906425,371.2866449,0.194304913,-0.002405382,0.253351591,0.178199288,-0.523346846
SDMT,123178,19,19.5,19.25,210,4.075427616,0.049959774,0.375154254,2.285391286,8,1,193.8026776,235.9336945,185.3537967,191.7505488,387.1271135,0.080267015,-0.116443279,0.124841117,0.090912228,-0.611645567
SDMT,123178,19.5,20,19.75,230,6.978226173,0.292575986,0.051949395,2.457020149,8,1,261.4382759,318.2726837,279.0990715,241.6458571,492.2548948,-0.128118908,-0.324829202,-0.193487505,-0.049393945,-0.760917352
SDMT,123178,20,20.5,20.25,232,6.661619569,0.312865445,0.049518814,2.507513195,8,1,262.2975376,319.3187414,278.8237194,243.0586573,499.5436919,-0.122742127,-0.319452422,-0.18384238,-0.046565431,-0.766957694
SDMT,123178,20.5,21,20.75,194,7.450102037,0.327628388,0.054701946,2.450418551,8,1,269.246791,327.7787021,282.1428623,249.63988,506.0766265,-0.327770239,-0.524480533,-0.374555387,-0.25216124,-0.958829935
SDMT,123178,21,21.5,21.25,286,7.154292679,0.144070719,0.094898879,2.221973686,8,1,241.7745282,294.3342083,234.7477166,233.3674153,457.4226574,0.167986221,-0.028724074,0.19748042,0.20337771,-0.469616005
SDMT,123178,21.5,22,21.75,215,3.564804522,0.03153011,1.292921503,2.245346226,8,1,181.2130961,220.6072474,158.348619,187.2906954,375.7109997,0.170964363,-0.025745931,0.305838976,0.137976097,-0.558182202
SDMT,123178,22,22.5,22.25,240,3.634471711,0.0332263,1.091382517,2.244925602,8,1,183.8341438,223.7980881,159.8638309,189.8276984,380.5150732,0.266604965,0.06989467,0.406316527,0.234522113,-0.460886867
SDMT,123178,22.5,23,22.75,234,3.145929,0.035888376,1.233496365,2.350019793,8,1,180.3893338,219.6044064,155.2910177,188.2752516,386.1012247,0.260203635,0.06349334,0.410020225,0.217416119,-0.50077846
SDMT,92545,0,1,0.5,732,1.764722924,0.044602878,0.003542137,2.74427923,7,2,103.5026284,126.0031998,288.5579816,57.31091834,142.1625699,1.956183506,1.759473212,0.930884472,2.547289361,1.638809253
SDMT,92545,1,1.5,1.25,125,3.584617932,0.08311466,0.002801366,2.48417789,7,2,143.942253,175.2340471,256.6273148,91.64703637,206.5374007,-0.141098461,-0.337808755,-0.719311158,0.3103691,-0.502167776
SDMT,92545,1.5,2,1.75,564,3.406058066,0.062887408,0.001998794,2.43926309,7,2,144.6986348,176.1548598,233.9350084,97.70008785,216.9825941,1.360401053,1.163690758,0.880010917,1.753151793,0.955237113
SDMT,92545,2,2.5,2.25,207,5.295845673,0.0337327,0,2.022176959,7,2,149.7964493,182.3608947,197.8401827,106.0597367,214.0124992,0.323441425,0.126731132,0.045259247,0.668716304,-0.033315628
SDMT,92545,2.5,3,2.75,141,8.932814655,0.049490655,0.000706175,1.790107596,7,2,168.9487267,205.6767108,209.9481883,124.8457063,237.6209783,-0.180835386,-0.377545681,-0.398100888,0.121681265,-0.521916986
SDMT,92545,3,3.5,3.25,147,2.024266213,0.0289595,0.005728163,2.556442497,7,2,132.7900883,161.6574988,186.171595,101.026081,228.6952193,0.101662989,-0.095047305,-0.236236215,0.375053876,-0.44195761
SDMT,92545,3.5,4,3.75,154,4.171683472,0.079414232,0.001802872,2.362497289,7,2,167.4008635,203.7923556,227.2790267,126.8602327,271.8224901,-0.083438714,-0.280149008,-0.389225853,0.193866652,-0.568196641
SDMT,92545,4,4.5,4.25,150,4.583278887,0.036178738,0.005904595,2.116469327,7,2,159.6265457,194.3279686,192.5901979,124.7387466,253.4956276,-0.062201704,-0.258911997,-0.24992931,0.184413771,-0.524711281
SDMT,92545,4.5,5,4.75,157,4.128133927,0.032295272,0.005996025,2.156221299,7,2,157.974945,192.3173244,186.6013314,125.5480657,256.7185148,-0.006190639,-0.202900934,-0.172728618,0.223557126,-0.491734406
SDMT,92545,5,5.5,5.25,230,4.581102686,0.034787378,0,2.093162494,7,2,162.3017847,197.5847813,189.5844401,131.8542728,266.0691802,0.348621838,0.151911544,0.193244789,0.55638199,-0.145677042
SDMT,92545,5.5,6,5.75,206,5.145016801,0.061290365,0.003678336,2.176385634,7,2,177.9258926,216.6054345,208.0590721,144.1321076,293.3231823,0.146509039,-0.050201255,-0.009945871,0.357145876,-0.353398844
SDMT,92545,6,6.5,6.25,264,12.36984772,0.057127759,0,1.63469089,7,2,195.8448904,238.4198666,216.3868841,166.4022107,298.7870449,0.298626133,0.101915838,0.198881168,0.461541289,-0.123781992
SDMT,92545,6.5,7,6.75,263,13.63333714,0.070796972,0.00159937,1.628558799,7,2,204.7570925,249.2695039,226.0521573,175.4973787,313.5064529,0.25032967,0.053619376,0.151388275,0.404529926,-0.175665911
SDMT,92545,7,7.5,7.25,281,11.93568802,0.116458016,0.005260129,1.845981987,7,2,219.753491,267.525989,245.9766823,183.0315616,340.2312609,0.245848247,0.049137953,0.133117925,0.428696064,-0.191270896
SDMT,92545,7.5,8.5,8,429,14.03259622,0.09629283,0,1.691935802,7,2,219.0108723,266.6219314,240.265502,189.5066044,340.6637853,0.672335545,0.475625251,0.579712349,0.817033043,0.230560895
SDMT,92545,8.5,9,8.75,281,11.99411191,0.040984612,0,1.581898029,7,2,195.7660669,238.3239075,204.9429908,176.9695686,311.5286086,0.361434259,0.164723965,0.315622823,0.46237688,-0.103136506
SDMT,92545,9,9.5,9.25,228,13.41289546,0.033761,0.004415562,1.47871104,7,2,193.7318143,235.8474261,202.6186996,179.7265602,308.3315115,0.162870827,-0.033839467,0.118019743,0.237909043,-0.301829911
SDMT,92545,9.5,10,9.75,245,11.28885524,0.103741259,0.011439194,1.848060289,7,2,223.2529978,271.7862582,236.8669865,195.2780622,361.1014283,0.092952563,-0.103757731,0.033759465,0.226833708,-0.387900673
SDMT,92545,10,10.5,10.25,181,5.533654615,0.058860729,0.011945387,2.089233423,7,2,189.5900374,230.8052629,195.7728946,170.4811504,337.9384728,-0.046367012,-0.243077306,-0.078458255,0.059872295,-0.624366815
SDMT,92545,10.5,11,10.75,169,8.311675946,0.125461771,0.028176596,2.057754614,7,2,220.914319,268.9391709,232.4802928,195.0518685,378.5370441,-0.267876215,-0.464586509,-0.318906744,-0.143366801,-0.806415224
SDMT,92545,11,11.5,11.25,242,4.041488173,0.035449139,0.016820835,2.179693379,7,2,176.1133779,214.3988948,170.5933655,160.3199332,323.1688249,0.317809746,0.121099452,0.349654981,0.411766325,-0.289237138
SDMT,92545,11.5,12,11.75,225,9.561923613,0.130235834,0.046749209,2.010022009,7,2,231.0869009,281.3231837,237.5492631,204.644654,389.4413455,-0.026693432,-0.223403726,-0.054274623,0.094825322,-0.548612863
SDMT,92545,12,12.5,12.25,178,2.44147483,0.033436556,0.032713385,2.474579925,7,2,163.889238,199.5173332,152.7555855,151.9300216,326.4885818,0.082592729,-0.114117565,0.152944387,0.15836352,-0.606611426
SDMT,92545,12.5,13,12.75,187,7.869292114,0.091926569,0.052711925,2.019353454,7,2,217.1099537,264.3077697,215.6605617,197.7526321,379.4233573,-0.149295307,-0.346005602,-0.142597081,-0.0559083,-0.707544003
SDMT,92545,13,13.5,13.25,209,10.34347327,0.116790983,0.047134808,1.920468402,7,2,232.1008031,282.5574995,232.5919302,212.0770231,396.0459761,-0.104837521,-0.301547816,-0.106951294,-0.014615273,-0.639196054
SDMT,92545,13.5,14,13.75,171,1.787723365,0.026661803,0.029293454,2.614062607,7,2,154.5723741,188.1750641,135.586715,147.2107098,325.6693992,0.101001129,-0.095709165,0.232052158,0.149798596,-0.644219197
SDMT,92545,14,14.5,14.25,197,6.20979915,0.086985308,0.008952478,2.155124176,7,2,212.6248189,258.8476056,203.0342801,196.222746,386.7817995,-0.07632547,-0.273035764,-0.030171104,0.003953256,-0.67465698
SDMT,92545,14.5,15,14.75,217,9.445443581,0.118469597,0.010444497,1.990658971,7,2,234.3975335,285.353519,227.8305717,215.9124204,407.4219542,-0.077121181,-0.273831476,-0.048704893,0.005024489,-0.629952037
SDMT,92545,15,15.5,15.25,200,3.152512674,0.064750343,0.011251432,2.484655221,7,2,186.7232001,227.3152001,168.5955148,176.9705975,376.7676809,0.06869006,-0.128020234,0.170814924,0.122333764,-0.6333114
SDMT,92545,15.5,16,15.75,233,13.24918617,0.128739561,0.032617302,1.80334113,7,2,246.8600332,300.5252578,242.7532938,232.4652807,419.7917437,-0.057783055,-0.254493349,-0.041007222,0.00229757,-0.588720286
SDMT,92545,16,16.5,16.25,316,21.72841516,0.10606235,0,1.450928547,7,2,247.0609395,300.7698394,255.2448341,247.7900856,414.1124604,0.246107189,0.049396894,0.213518995,0.243160255,-0.270395367
SDMT,92545,16.5,17,16.75,424,15.63335866,0.089678817,0.001666804,1.607233706,7,2,239.036204,291.0005962,235.0448562,235.020775,407.3025224,0.573118434,0.376408139,0.589957082,0.590059541,0.040177248
SDMT,92545,17,17.5,17.25,336,14.43696976,0.083294375,0.002285245,1.637977177,7,2,236.5357683,287.9565876,229.1012993,232.8180377,406.184847,0.351011723,0.154301429,0.382946899,0.366853966,-0.189697184
SDMT,92545,17.5,18,17.75,320,16.32138512,0.093593824,0.003740591,1.594151232,7,2,243.0759054,295.9184935,237.887851,241.1801203,415.7572673,0.274947233,0.078236939,0.296521647,0.282776954,-0.261780602
SDMT,92545,18,18.5,18.25,382,21.51412706,0.196877399,0,1.639288737,7,2,279.0475065,339.7100079,280.1857361,269.0144472,462.1292398,0.314038567,0.117328273,0.309967882,0.350655523,-0.190423983
SDMT,92545,18.5,19,18.75,348,16.38197151,0.15179702,0.001215424,1.728667186,7,2,263.882676,321.2484751,255.0450221,255.0481527,448.9276536,0.276697884,0.07998759,0.310762393,0.310750118,-0.254659267
SDMT,92545,19,19.5,19.25,333,14.7379106,0.060382946,0.006786067,1.545874854,7,2,229.3158987,279.167181,219.3001265,234.3995843,400.5741607,0.373041967,0.176331673,0.417701258,0.351115206,-0.18475643
SDMT,92545,19.5,20,19.75,398,12.52522692,0.036343552,0.014534714,1.533565741,7,2,214.1726903,260.7319708,199.9713929,221.0949666,376.9766692,0.619669352,0.422959057,0.688277684,0.587859683,0.054268705
SDMT,92545,20,20.5,20.25,393,15.80978743,0.059885782,0.023470494,1.50527377,7,2,231.5790032,281.9222647,222.1205901,239.9739698,405.5147328,0.52888853,0.332178236,0.570589179,0.493279154,-0.031347593
SDMT,92545,20.5,21,20.75,363,18.51497499,0.096528367,0.025418003,1.528131776,7,2,250.6530525,305.1428466,243.3081125,257.1553896,434.6578191,0.370333112,0.173622818,0.400074241,0.344722303,-0.180156265
SDMT,92545,21,21.5,21.25,390,22.0923,0.1062,0.024,1.431278582,7,2,255.259198,310.7503281,255.135437,267.3268363,441.8426701,0.423867247,0.227156953,0.424352209,0.377674723,-0.12480713
SDMT,139897,0,1,0.5,583,0.794421919,0.009160846,0,2.775995545,7,2,75.35543102,91.73704646,209.3202483,44.79884896,115.0415401,2.045971187,1.849260892,1.024321819,2.56600474,1.622893905
SDMT,139897,1,1.5,1.25,53,2.988353249,0.006094871,0.004458891,2.084889299,7,2,114.1525515,138.9683235,161.9064284,71.87198855,146.8592548,-0.767243811,-0.963954105,-1.116726652,-0.304594686,-1.019182764
SDMT,139897,1.5,2,1.75,297,1.73819102,0.010364836,0.022154733,2.481546549,7,2,112.2427708,136.6433732,180.3832964,76.3546681,170.7940699,0.973068017,0.776357722,0.498648127,1.358342968,0.553273578
SDMT,139897,2,2.5,2.25,164,4.15056277,0.029099301,0.042468946,2.124031246,7,2,142.1544045,173.0575359,195.1908604,101.1545155,209.5627537,0.142952605,-0.053757689,-0.174111423,0.483217224,-0.245156807
SDMT,139897,2.5,3,2.75,89,11.8129129,0.02829992,0.00263707,1.519313699,7,2,162.4498527,197.7650381,189.5595418,124.0804748,221.4251605,-0.601732986,-0.79844328,-0.75606681,-0.332293976,-0.911448287
SDMT,139897,3,3.5,3.25,160,1.882572189,0.011036106,0.008745878,2.37585017,7,2,120.3489402,146.5117533,160.7245149,92.28269355,201.6309013,0.284778457,0.088068163,-0.004517997,0.550317193,-0.231264989
SDMT,139897,3.5,4,3.75,161,6.432697701,0.013740669,0.005254338,1.747712722,7,2,150.8854089,183.6865848,170.6114758,116.7272818,217.0858067,0.064883698,-0.131826597,-0.057984535,0.321564076,-0.298888333
SDMT,139897,4,4.5,4.25,183,0.744363942,0.011347405,0.053779704,2.939118438,7,2,103.5675939,126.0822882,141.5859255,87.20348837,215.1129655,0.569261672,0.372551378,0.256579373,0.741241818,-0.161677158
SDMT,139897,4.5,5,4.75,201,3.086589534,0.027745544,0.050410342,2.254313589,7,2,145.3802937,176.9847054,179.5541818,118.8920858,251.1596184,0.323951884,0.127241589,0.112827897,0.525088668,-0.222783759
SDMT,139897,5,5.5,5.25,218,12.17245944,0.046591919,0,1.599156601,7,2,186.6576542,227.2354051,208.6611543,155.50372,278.3753331,0.15521885,-0.041491444,0.043783398,0.337825409,-0.244475259
SDMT,139897,5.5,6,5.75,131,15.77807835,0.056327644,0.000866328,1.48808588,7,2,195.8558906,238.4332582,217.6185899,168.1888373,292.5368261,-0.402181814,-0.598892108,-0.50754662,-0.249890056,-0.803393237
SDMT,139897,6,6.5,6.25,203,13.75952616,0.051088424,0.003813729,1.548056761,7,2,194.3513215,236.6016088,213.1847336,167.4133078,294.7105779,0.043538522,-0.153171772,-0.048953105,0.192740327,-0.372787804
SDMT,139897,6.5,7,6.75,224,12.13858723,0.040595546,0.006372637,1.573316259,7,2,189.5112641,230.709365,204.288077,164.8012952,291.3892686,0.167197588,-0.029512706,0.092114912,0.306905575,-0.263014014
SDMT,139897,7,7.5,7.25,213,11.14592238,0.043841936,0.006380453,1.639262611,7,2,191.9156849,233.6364859,205.5891655,167.1203918,299.500703,0.104236031,-0.092474263,0.035412331,0.242577704,-0.340824599
SDMT,139897,7.5,8,7.75,218,14.49466664,0.052658761,0.0085139,1.522281061,7,2,200.652751,244.2729142,215.9544109,179.5224771,312.5490462,0.082919256,-0.113791038,0.009427738,0.194194642,-0.360266342
SDMT,139897,8,8.5,8.25,234,12.16397202,0.040972829,0.007286907,1.573233913,7,2,194.4375006,236.7065224,205.0717876,174.4462311,306.9444907,0.185210338,-0.011499956,0.131961014,0.293704552,-0.271345804
SDMT,139897,8.5,9,8.75,263,13.5594731,0.043781637,0.008705549,1.52353208,7,2,198.5478701,241.7104506,209.4165571,181.1130975,314.4991092,0.281123802,0.084413508,0.227828668,0.373032348,-0.178827212
SDMT,139897,9,9.5,9.25,271,16.49932459,0.076873027,0.008923041,1.537649817,7,2,217.8604018,265.2213588,233.519328,198.2553496,343.668813,0.218264322,0.021554027,0.148853972,0.312562977,-0.23755962
SDMT,139897,9.5,10,9.75,333,10.32542723,0.038063317,0.008894424,1.655644414,7,2,194.9312866,237.3076533,199.4007245,177.3914575,316.7631712,0.53549537,0.338785075,0.512825999,0.629783575,0.049988089
SDMT,139897,10,10.5,10.25,476,11.8594964,0.036938843,0.00901925,1.565978914,7,2,196.9192187,239.7277445,201.6796783,183.043266,319.8769393,0.882624267,0.685913973,0.858737166,0.955695303,0.397481497
SDMT,139897,10.5,11,10.75,211,13.85646402,0.042890234,0.008091804,1.504972897,7,2,203.1503573,247.3134784,209.7130397,192.053491,330.4844496,0.037911752,-0.158798542,0.006118015,0.094084201,-0.448701474
SDMT,139897,11,11.5,11.25,288,16.34865453,0.058882579,0.009074788,1.474676653,7,2,214.0844095,260.6244985,224.1129352,204.4930812,348.795094,0.296590106,0.099879812,0.25081038,0.342426338,-0.191524146
SDMT,139897,11.5,12,11.75,364,14.67850091,0.055848456,0.009234263,1.527980245,7,2,213.0602362,259.3776788,219.2327484,202.900607,349.9580228,0.535578943,0.338868649,0.507019924,0.584437629,0.039340655
SDMT,139897,12,12.5,12.25,245,12.27121369,0.034090258,0.009870857,1.530328876,7,2,199.8112887,243.2485254,200.7930853,192.0080353,331.2457197,0.203884846,0.007174552,0.198983259,0.243720989,-0.301602245
SDMT,139897,12.5,13,12.75,279,20.96148715,0.08706182,0.00963951,1.421604272,7,2,231.9791598,282.4094119,245.7245099,226.6900265,379.4922682,0.184564243,-0.012146052,0.127000752,0.20762822,-0.307622441
SDMT,139897,13,13.5,13.25,297,18.59908436,0.057319654,0.010354063,1.386853774,7,2,217.371174,264.6257771,227.7428543,217.5367648,362.6165018,0.312125767,0.115415473,0.265514978,0.311364269,-0.199613668
SDMT,139897,13.5,14,13.75,346,22.14590633,0.082931622,0.006595988,1.378508281,7,2,232.6841299,283.2676364,246.8281581,232.3995927,384.5325304,0.396756907,0.200046613,0.337746397,0.397980503,-0.105589615
SDMT,139897,14,14.5,14.25,411,19.46814294,0.018725137,0.050274292,1.197970139,7,2,195.4675694,237.9605193,207.8645943,203.6320707,319.4666584,0.743198734,0.54648844,0.681706336,0.702278424,0.251940302
SDMT,139897,14.5,15,14.75,366,15.21170671,0.018379016,0.058751602,1.314986384,7,2,193.8983452,236.0501594,197.3783541,198.1110066,320.8993925,0.635299305,0.438589011,0.617510867,0.61380582,0.131505678
SDMT,139897,15,15.5,15.25,458,8.3318,0.0118,0.0576,1.586295688,7,2,181.7859541,221.3046398,169.3899913,174.8677249,300.076462,0.924039266,0.727328971,0.994665487,0.962839354,0.422831869
SDMT,92538,0,2,1,191,1.085676872,0.012210074,0,2.645661387,7,1,89.65993342,109.1512233,206.3566488,57.64649312,141.4282396,0.756249432,0.559539138,-0.077332549,1.197944014,0.30048098
SDMT,92538,2,2.5,2.25,134,7.824460363,0.030464069,0.001779207,1.771353556,7,1,154.8828148,188.5529919,192.8156802,111.246779,211.8065389,-0.144828997,-0.341539292,-0.363894908,0.186088832,-0.457833506
SDMT,92538,2.5,3,2.75,118,1.179796572,0.010703603,0.007551072,2.666305018,7,1,109.1798241,132.9145685,162.8306746,82.14423364,191.8358281,0.077688339,-0.119021955,-0.32202623,0.362207976,-0.48595532
SDMT,92538,3,3.5,3.25,124,0.532418119,0.003327524,0.003266754,2.939730849,7,1,89.04684836,108.4048589,130.3337923,69.64962375,170.9259063,0.331118948,0.134408654,-0.049817227,0.576804267,-0.320948601
SDMT,92538,3.5,4,3.75,187,7.20535652,0.036184745,0.046406683,1.856783016,7,1,166.8506806,203.1225677,198.3102825,128.5787246,246.4128016,0.114009333,-0.082700962,-0.058724271,0.374567257,-0.275899568
SDMT,92538,4,4.5,4.25,182,8.001108056,0.011495676,0.054282405,1.613608478,7,1,155.4133638,189.1988777,170.4236016,122.8905087,219.2964608,0.157918257,-0.038792038,0.065719575,0.392712901,-0.18641783
SDMT,92538,4.5,5,4.75,176,8.860055373,0.015065927,0.008973158,1.593231128,7,1,162.0759696,197.309876,176.1682684,131.5489701,233.8099782,0.082418822,-0.114291472,-0.000955614,0.291104817,-0.284024731
SDMT,92538,5,5.5,5.25,179,7.592005969,0.009547168,0.017867969,1.622866795,7,1,156.9660557,191.0891112,166.866969,127.3730217,225.744356,0.13135623,-0.065354064,0.070188904,0.340265846,-0.232017385
SDMT,92538,5.5,6,5.75,178,11.11572294,0.017164168,0.025243789,1.482514294,7,1,169.9374878,206.8804199,181.4188446,144.895936,250.0126803,0.0463529,-0.150357394,-0.019024866,0.205767748,-0.339728087
SDMT,92538,6,6.5,6.25,174,7.947686326,0.010162785,0.028386462,1.60562089,7,1,161.7268332,196.8848404,168.606161,135.2872997,237.9367739,0.073146602,-0.123563692,0.031489712,0.251654636,-0.312949683
SDMT,92538,6.5,7,6.75,181,6.85617314,0.00876812,0.033682676,1.668382461,7,1,159.4876076,194.1588266,164.0381213,133.6576183,237.7460831,0.126530807,-0.070179487,0.098398184,0.303215588,-0.272706195
SDMT,92538,7,7.5,7.25,163,9.591962849,0.012287866,0.039055963,1.52504598,7,1,169.2883555,206.090172,174.9514758,147.1597754,253.5721648,-0.037853306,-0.2345636,-0.070758454,0.102231297,-0.441898255
SDMT,92538,7.5,8,7.75,204,9.914806015,0.017368099,0.043682676,1.54501319,7,1,175.0005138,213.0441038,180.6049265,155.0197928,269.8201352,0.153331084,-0.043379211,0.121808075,0.27456719,-0.279635577
SDMT,92538,8,8.5,8.25,189,7.58020519,0.009256698,0.048709059,1.621150012,7,1,165.7027048,201.725032,166.7860506,144.0334899,252.0894931,0.131551767,-0.065158527,0.125035158,0.271701174,-0.288037141
SDMT,92538,8.5,9,8.75,192,15.58337253,0.030481076,0.05392319,1.376337783,7,1,191.1567025,232.7125074,201.9068235,179.3070728,300.3464452,0.004401848,-0.192308446,-0.050310949,0.068395545,-0.447441254
SDMT,92538,9,9.5,9.25,231,13.28497094,0.028639636,0.058790783,1.456898967,7,1,190.3297963,231.705839,197.4258021,177.0446373,301.785868,0.193659373,-0.003050921,0.157054882,0.266015822,-0.267300009
SDMT,92538,9.5,10,9.75,220,12.42737874,0.029384659,0.064356857,1.500453335,7,1,191.6622635,233.3279729,196.9541139,178.3169232,306.7043905,0.137892768,-0.058817526,0.110656769,0.210065112,-0.33225684
SDMT,92538,10,10.5,10.25,226,15.93587946,0.038436176,0.06628325,1.403956738,7,1,200.260497,243.7953876,209.5698918,191.6296418,322.2373076,0.120915995,-0.075794299,0.075477703,0.164970439,-0.354753255
SDMT,92538,10.5,11,10.75,232,17.71690409,0.052525173,0.068102847,1.404087539,7,1,210.0792738,255.7486811,221.4854514,202.3470414,339.9241738,0.099252418,-0.097457876,0.046380467,0.136753122,-0.381985203
SDMT,92538,11,11.5,11.25,196,17.72597478,0.044759456,0.066951527,1.374481068,7,1,207.2437426,252.2967301,217.6960534,202.2328017,336.7805892,-0.055780942,-0.252491236,-0.10498518,-0.031304858,-0.541316988
SDMT,92538,11.5,12,11.75,201,16.55153639,0.037910809,0.071856638,1.379974252,7,1,203.5278949,247.7730894,211.3589041,199.9075998,333.0655071,-0.012498163,-0.209208457,-0.050252748,0.005449649,-0.505034281
SDMT,92538,12,12.5,12.25,230,7.944677575,0.034851079,0.066309624,1.763778544,7,1,191.4286105,233.0435258,189.5522964,180.6867131,331.1305447,0.183564361,-0.013145933,0.193414352,0.241314644,-0.364433384
SDMT,92538,12.5,13,12.75,177,5.117129251,0.033078388,0.01048112,2.017752255,7,1,182.9016163,222.6628372,176.3403982,170.7512569,331.1573215,-0.03279866,-0.229508954,0.003733525,0.035941873,-0.626443821
SDMT,92538,13,13.5,13.25,188,8.3539974,0.035604574,0.041367537,1.763345059,7,1,197.1796298,240.0447668,190.6065648,186.3435863,338.8376292,-0.047673177,-0.244383471,-0.013769471,0.008849755,-0.58907906
SDMT,92538,13.5,14,13.75,166,8.222075077,0.071004302,0.031202134,1.922697924,7,1,212.9835841,259.2843632,209.2597608,198.917634,374.0952223,-0.249227304,-0.445937598,-0.231588567,-0.180903051,-0.812522582
SDMT,92538,14,14.5,14.25,170,8.278220415,0.093110719,0.078633484,1.991554639,7,1,221.3160499,269.4282347,217.5198866,205.6752673,391.0497207,-0.263793333,-0.460503627,-0.246491842,-0.190500116,-0.833036278
SDMT,92538,14.5,15,14.75,183,5.047310339,0.050970201,0.011924468,2.124220594,7,1,193.826283,235.9624314,180.914008,183.9433666,363.423204,-0.057476157,-0.254186451,0.011464328,-0.005141767,-0.686081854
SDMT,92538,15,15.5,15.25,192,2.021977048,0.013715484,0.197503095,2.380015351,7,1,148.122129,180.3225918,122.9018804,145.9424865,306.9179616,0.259458243,0.062747949,0.446109055,0.274282756,-0.469085114
SDMT,92538,15.5,16,15.75,159,6.35487,0.044802834,0.079615866,1.950122243,7,1,197.9098781,240.9337646,183.6683807,191.5854272,363.981937,-0.218907564,-0.415617858,-0.144227651,-0.186429602,-0.828200041
SDMT,92538,16,16.5,16.25,253,6.56025843,0.04057088,0.115929782,1.922394306,7,1,198.3096265,241.4204148,181.7339131,192.552303,362.2550262,0.243559909,0.046849615,0.330845887,0.273021668,-0.358958967
SDMT,92538,16.5,17,16.75,192,10.67599256,0.071462377,0.093448505,1.78097044,7,1,225.6232743,274.6718122,214.6092958,218.3075138,394.3408065,-0.161371308,-0.358081603,-0.111323774,-0.128409311,-0.719720154
SDMT,92538,17,17.5,17.25,182,11.02559662,0.083341248,0.10703683,1.798816985,7,1,231.423887,281.7334276,220.1067628,223.9640204,405.4050298,-0.240244351,-0.436954645,-0.190106027,-0.207478729,-0.800879954
SDMT,92538,17.5,18,17.75,247,1.498965348,0.0256693,0.315706761,2.714708051,7,1,150.2819592,182.9519504,117.080783,153.5982737,345.2454743,0.496875079,0.300164784,0.746524187,0.475047755,-0.334867347
SDMT,92538,18,18.5,18.25,198,8.897563678,0.063434851,0.152519148,1.857695101,7,1,220.0844931,267.9289481,201.9543732,215.6420179,396.2625834,-0.105744501,-0.302454796,-0.019774766,-0.085352678,-0.69381005
SDMT,92538,18.5,19,18.75,234,10.21724679,0.077090397,0.140701725,1.827328256,7,1,230.1063998,280.1295302,213.2255567,225.2546202,409.6424303,0.016779306,-0.179930989,0.092970558,0.038089708,-0.559963543
SDMT,92538,19,19.5,19.25,262,10.03224181,0.050757013,0.167241056,1.712114362,7,1,215.7061166,262.5987506,200.2369921,218.5967306,390.5192802,0.194427594,-0.0022827,0.268842878,0.181115884,-0.399132837
SDMT,92538,19.5,20,19.75,208,9.93590362,0.0238926,0.144857019,1.593304928,7,1,202.1286115,246.069614,184.0580492,206.5265938,356.3599428,0.028633894,-0.1680764,0.122286887,0.007108892,-0.538403216
SDMT,92538,20,20.5,20.25,248,8.615253394,0.015390743,0.150416605,1.615223637,7,1,194.0038211,236.1785648,172.7177962,196.4364443,338.3352367,0.245550891,0.048840597,0.361769719,0.233089806,-0.310608482
SDMT,92538,20.5,21,20.75,230,9.535759098,0.019356847,0.156625347,1.585181443,7,1,199.1306239,242.41989,178.9406017,204.5409982,350.9929637,0.144118298,-0.052591996,0.251025392,0.117310873,-0.422686868
SDMT,92538,21,21.5,21.25,250,10.28832727,0.020148389,0.162169487,1.559502383,7,1,202.7700542,246.8505008,183.1590506,208.8576659,355.1580225,0.209388319,0.012678024,0.311106014,0.179807922,-0.351101906
SDMT,92538,21.5,22,21.75,297,9.484428024,0.015466718,0.169768306,1.556546875,7,1,196.5544016,239.2836193,175.1558249,203.2537168,344.9738512,0.412792893,0.216082599,0.528056133,0.379277104,-0.149736482
SDMT,92538,22,22.5,22.25,269,12.70599317,0.030271619,0.17580101,1.490729299,7,1,212.7656201,259.0190157,196.7405783,225.5673463,379.4339951,0.234520195,0.037809901,0.31282538,0.176092612,-0.343969276
SDMT,92538,22.5,23,22.75,271,9.125241374,0.013610087,0.176681608,1.574403887,7,1,196.6737473,239.4289098,172.6572241,202.5078535,343.0690733,0.32057257,0.123862276,0.450810555,0.291340152,-0.235812986
SDMT,92538,23,23.5,23.25,270,11.3095671,0.017347488,0.183571781,1.485003792,7,1,203.5557701,247.8070244,184.2536231,214.4045224,356.5815827,0.282481937,0.085771643,0.382108764,0.230557437,-0.278141098
SDMT,92538,23.5,24,23.75,244,9.607439231,0.016645925,0.185867962,1.562912613,7,1,200.4384702,244.0120507,175.9468859,209.9491597,356.1573827,0.196660907,-4.94E-05,0.32698606,0.150302821,-0.378204494
SDMT,92538,24,24.5,24.25,254,12.27021615,0.029736617,0.192954918,1.514503026,7,1,215.1529119,261.9252841,194.6874781,229.5321213,386.7900488,0.165985274,-0.030725021,0.265938671,0.101291285,-0.420547769
SDMT,92538,24.5,25,24.75,264,12.96456409,0.036077035,0.195191164,1.513148024,7,1,220.2708469,268.1558136,200.0219252,236.4378383,398.8474635,0.181091192,-0.015619102,0.277522117,0.11026377,-0.412629944
SDMT,92538,25,25.5,25.25,263,11.7958269,0.039209193,0.204076817,1.583178251,7,1,221.6536406,269.8392146,196.8256968,236.1699307,404.9499134,0.171038046,-0.025672248,0.289835483,0.107602441,-0.431609357
SDMT,92538,25.5,26,25.75,281,20.22282642,0.08596357,0.197354648,1.453543222,7,1,254.4522653,309.7679752,243.5456945,273.9058613,452.4897848,0.099241414,-0.097468881,0.143050087,0.025570194,-0.476410519
SDMT,92538,26,26.5,26.25,320,9.293143193,0.066331575,0.215162947,1.822403349,7,1,230.1074886,280.1308557,195.5345363,240.9639938,437.105082,0.329774454,0.13306416,0.492583976,0.283673477,-0.311852633
SDMT,92538,26.5,27,26.75,356,1.643479095,0.011328774,0.854094257,2.49482937,7,1,148.7262624,181.0580586,91.13776352,162.9968854,344.5970151,0.87282328,0.676112985,1.362558484,0.781199638,0.032555069
SDMT,92538,27,27.5,27.25,273,1.5223,0.0104,1.0256,2.485351121,7,1,145.8760261,177.5882056,87.54956094,162.0165209,341.9447416,0.62671467,0.430004377,1.137266751,0.521773484,-0.225177355
SDMT,123208,0,3.5,1.75,129,0.544495485,0.013829052,0.038112637,3.174199129,8,1,91.80563976,111.7633875,255.3150295,72.47942259,191.0025843,0.340138673,0.143428379,-0.682685788,0.576509709,-0.392474554
SDMT,123208,3.5,4,3.75,118,1.034110195,0.016132542,0.03532871,2.821158457,8,1,112.8874752,137.4282307,198.4821219,90.84963672,218.5363195,0.044293097,-0.152417198,-0.520014406,0.261478828,-0.616267598
SDMT,123208,4,4.5,4.25,144,1.333354228,0.014759111,0.058604641,2.629969143,8,1,118.2119318,143.9101778,180.9853543,96.86787389,223.4200316,0.197334254,0.00062396,-0.228602813,0.396465374,-0.43924025
SDMT,123208,4.5,5,4.75,124,1.526219306,0.019896435,0.029666092,2.618483508,8,1,126.7027868,154.2468709,189.5762014,104.4401427,239.1554728,-0.021562517,-0.218272811,-0.424509496,0.171667455,-0.656832289
SDMT,123208,5,5.5,5.25,120,2.638783689,0.025098321,0.012233353,2.376258619,8,1,146.3676477,178.1867016,192.6449789,118.4673878,253.8523097,-0.198629849,-0.395340143,-0.473357265,0.012854029,-0.749260897
SDMT,123208,5.5,6,5.75,113,0.615477572,0.013874209,0.165204036,3.111526902,8,1,102.8291634,125.1833293,152.2133444,93.80090819,237.934273,0.094318815,-0.102391479,-0.2978953,0.186213281,-0.744606653
SDMT,123208,6,6.5,6.25,114,0.491621964,0.005223511,0.277358467,3.057390598,8,1,92.32548847,112.3962468,122.5659279,85.7102312,213.6806962,0.210878197,0.014167903,-0.072450624,0.285226246,-0.628284379
SDMT,123208,6.5,7,6.75,113,0.524596909,0.004151862,0.254925501,2.971831296,8,1,93.80772039,114.2007031,118.2065681,86.72148171,211.5844924,0.186140659,-0.010569635,-0.045045852,0.264686195,-0.627236591
SDMT,123208,7,7.5,7.25,118,0.50753905,0.004357695,0.270981077,2.997146303,8,1,93.87363441,114.2809462,114.8160281,88.39894893,216.7582655,0.228735061,0.032024767,0.027353533,0.288824545,-0.608098124
SDMT,123208,7.5,8,7.75,130,0.520325192,0.003535484,0.266711485,2.9481166,8,1,94.33171601,114.8386108,109.9214144,88.82427593,214.5808295,0.320716986,0.124006692,0.167768755,0.38087446,-0.501152044
SDMT,123208,8,8.5,8.25,124,0.530452248,0.003438626,0.277796998,2.934239578,8,1,95.24678687,115.9526101,107.291565,90.42658103,217.2525774,0.263810286,0.067099992,0.14473153,0.315743303,-0.560779062
SDMT,123208,8.5,9,8.75,134,0.583046466,0.003337814,0.306570242,2.875561854,8,1,97.76316641,119.0160287,106.4740796,92.9501659,219.8181052,0.315291915,0.118581621,0.229938228,0.365776301,-0.49496061
SDMT,123208,9,9.5,9.25,116,0.516836206,0.005074156,0.375913969,3.011497977,8,1,96.21721307,117.1339985,103.3329825,96.05676084,235.2000889,0.186981919,-0.009728375,0.115633577,0.188650916,-0.706846403
SDMT,123208,9.5,10,9.75,124,0.543679989,0.007210126,0.399240146,3.047561004,8,1,99.82296652,121.5236114,106.6551242,101.0933697,249.5900307,0.216883283,0.020172989,0.150681075,0.204237023,-0.699538129
SDMT,123208,10,10.5,10.25,118,0.586991504,0.009185711,0.415028349,3.049368445,8,1,103.8453294,126.420401,110.19139,105.752484,261.0040722,0.12778205,-0.068928245,0.068465861,0.109583317,-0.793851385
SDMT,123208,10.5,11,10.75,152,0.609139286,0.005004247,0.384305005,2.915128588,8,1,102.3882946,124.6466195,101.9201934,102.4402035,244.1826871,0.395108125,0.198397831,0.399690431,0.394601273,-0.474036142
SDMT,123208,11,11.5,11.25,148,0.825368292,0.014394115,0.41191712,2.943448344,8,1,118.416412,144.1591102,126.1195405,118.3171094,284.0153591,0.223004946,0.026294652,0.159982082,0.223843886,-0.651816044
SDMT,123208,11.5,12,11.75,202,1.099618576,0.018572042,0.588964355,2.827012391,8,1,128.2695427,156.1542259,135.4634584,127.4766528,297.4640169,0.454133845,0.257423551,0.399565773,0.460334465,-0.387025569
SDMT,123208,12,12.5,12.25,228,2.071672968,0.024667836,1.007170119,2.511248535,8,1,149.2518709,181.6979298,152.7955671,144.6471248,313.3853137,0.423710341,0.227000047,0.400244764,0.455048475,-0.318087839
SDMT,123208,12.5,13,12.75,312,3.865906106,0.041494707,1.601226816,2.259803749,8,1,175.339394,213.4566536,177.5431211,167.072422,340.2869468,0.576279698,0.379569403,0.563789673,0.624575805,-0.086786035
SDMT,123208,13,13.5,13.25,328,6.777084347,0.079506796,3.055136209,2.085322971,8,1,203.8499002,248.1650959,207.4833611,193.2409877,375.4854966,0.475629669,0.278919374,0.457962459,0.529075557,-0.135206238
SDMT,123208,13.5,14,13.75,318,4.78754133,0.083360992,1.99357522,2.302314372,8,1,195.9165119,238.507058,201.5721035,186.4436545,380.3840971,0.484362774,0.28765248,0.455904232,0.53392231,-0.179130141
SDMT,123208,14,14.5,14.25,248,4.671080702,0.087935113,1.571439547,2.33990648,8,1,199.1216637,242.4089819,203.5370649,188.4729299,386.4443285,0.219512733,0.022802439,0.197580621,0.274474358,-0.443559071
SDMT,123208,14.5,15,14.75,238,2.965945472,0.080741024,0.658575811,2.594407404,8,1,185.3468868,225.6396883,190.2523465,176.9842673,384.238271,0.250041541,0.053331246,0.223919343,0.29620983,-0.478992184
SDMT,123208,15,15.5,15.25,277,2.651329548,0.058744228,0.939759588,2.576664655,8,1,175.0634602,213.1207342,172.4021519,171.1926533,371.4917203,0.458868968,0.262158674,0.474187666,0.481227956,-0.293509071
SDMT,123208,15.5,16,15.75,241,2.723754453,0.06464819,1.022568154,2.58509181,8,1,177.8386927,216.4992781,173.633803,174.7915498,379.3061726,0.303920015,0.10720972,0.327848432,0.321202814,-0.453546789
SDMT,123208,16,16.5,16.25,252,2.724050762,0.056967862,1.123762781,2.552080392,8,1,175.9412646,214.1893656,167.4995294,174.4794359,376.0851358,0.359278872,0.162568578,0.408448546,0.367622199,-0.400386455
SDMT,123208,16.5,17,16.75,235,2.35752854,0.049353346,1.134824961,2.602736133,8,1,168.8204887,205.5205949,156.6832084,170.2928594,371.5806983,0.330749561,0.134039267,0.405359528,0.322065857,-0.458180549
SDMT,123208,17,17.5,17.25,235,2.074117563,0.044886903,0.937588589,2.656138311,8,1,164.5151832,200.2793535,149.5810354,167.2325807,369.4196202,0.356582649,0.159872355,0.451747225,0.340199972,-0.452347666
SDMT,123208,17.5,18,17.75,202,1.933721813,0.040718569,0.903589956,2.673971588,8,1,161.329177,196.4007372,143.347807,165.5298997,367.2262611,0.224820842,0.028110548,0.342993803,0.199115856,-0.597710476
SDMT,123208,18,18.5,18.25,230,1.605457205,0.020291771,0.951471689,2.624197715,8,1,146.254672,178.0491659,120.9736743,153.2825533,337.3406115,0.452729878,0.256019584,0.642506355,0.405796337,-0.383013828
SDMT,123208,18.5,19,18.75,202,1.924428825,0.02242879,1.070839627,2.536347049,8,1,153.2451751,186.5593436,127.2281433,159.8455478,344.5686807,0.276228607,0.079518313,0.462285819,0.234059675,-0.534025737
SDMT,123208,19,19.5,19.25,199,1.781213593,0.017077069,0.997007894,2.524173198,8,1,148.4490604,180.7205953,119.519535,155.6742747,334.6028094,0.293062953,0.096352659,0.509824994,0.245538983,-0.51963936
SDMT,123208,19.5,20,19.75,213,2.364133237,0.025781238,0.901013357,2.44446596,8,1,164.0379117,199.6983273,136.6448823,168.9927531,356.0527248,0.261194596,0.064484301,0.443906705,0.231436333,-0.513786658
SDMT,123208,20,20.5,20.25,232,3.064184108,0.036026053,0.654074274,2.365210591,8,1,178.4548899,217.2494312,151.5357481,181.6225643,374.9618845,0.26240152,0.065691226,0.425915813,0.24480666,-0.480087008
SDMT,123208,20.5,21,20.75,235,2.55409836,0.026746451,0.963655375,2.406097109,8,1,167.3587383,203.7410727,137.0328535,173.7773002,362.4664989,0.339445872,0.142735578,0.53936481,0.301810919,-0.433346539
SDMT,123208,21,21.5,21.25,216,2.245686871,0.038130297,1.099646579,2.570348543,8,1,168.2710997,204.8517736,137.4636419,176.8494462,381.4981373,0.24970204,0.052991746,0.451918948,0.199979624,-0.56882756
SDMT,123208,21.5,22,21.75,199,2.129871986,0.015516881,1.267231833,2.399669211,8,1,154.0078525,187.4878205,118.2461617,163.943042,341.2859357,0.256301233,0.059590939,0.520536257,0.193785762,-0.539415822
SDMT,123208,22,22.5,22.25,256,3.193420109,0.047092489,0.834265899,2.412785192,8,1,186.5186678,227.0662043,154.9548077,191.7726247,397.7386116,0.316646115,0.119935821,0.502043933,0.288867021,-0.44061759
SDMT,123208,22.5,23,22.75,206,9.013411259,0.192933321,0.042573091,2.164339269,8,1,261.9740198,318.9248937,243.2018633,251.8813351,484.1664068,-0.240369169,-0.437079463,-0.166015643,-0.201081915,-0.854552495
SDMT,123208,23,23.5,23.25,204,9.841875401,0.198842993,0.029797689,2.121322306,8,1,267.169268,325.2495437,247.4586551,257.2815876,489.0694026,-0.269762426,-0.466472721,-0.193123524,-0.232051163,-0.874384413
SDMT,123208,23.5,24,23.75,206,7.130883758,0.25363789,0.063274187,2.395878863,8,1,263.6442965,320.958274,241.9397202,252.1167209,506.3087659,-0.246724664,-0.443434958,-0.160812436,-0.20201599,-0.899270524
SDMT,92539,0,1,0.5,156,1.502038114,0.017172947,0.00126313,2.629525014,7,1,93.395465,113.698827,236.6875495,51.73125404,125.4237991,0.513013218,0.316302923,-0.416884908,1.103793882,0.218157612
SDMT,92539,1,1.5,1.25,218,1.800259765,0.013985877,0,2.471284135,7,1,109.1024246,132.820343,182.3440771,71.58234448,162.9922213,0.692207947,0.495497652,0.178599627,1.113646605,0.290792585
SDMT,92539,1.5,2,1.75,182,1.853175188,0.012445172,0.00186726,2.424093345,7,1,113.1045352,137.6924777,174.1292205,78.2410949,174.9869451,0.475694206,0.278983911,0.044209017,0.844211667,0.039295315
SDMT,92539,2,2.5,2.25,152,3.804996173,0.007880803,0,1.981651984,7,1,129.0549082,157.110323,162.1446996,89.63177065,176.7193717,0.163642562,-0.033067732,-0.064608623,0.528170681,-0.150682483
SDMT,92539,2.5,3,2.75,135,0.952238721,0.009989441,0.012825064,2.76709735,7,1,103.5244227,126.029732,157.6701241,79.19307093,189.8202414,0.265467225,0.068756931,-0.15523025,0.533385972,-0.340802748
SDMT,92539,3,3.5,3.25,131,3.727275006,0.017157848,0.023566626,2.105974387,7,1,141.5716629,172.3481114,175.9765424,105.6192527,214.6180921,-0.077608717,-0.274319012,-0.295153381,0.215356651,-0.49366281
SDMT,92539,3.5,4,3.75,121,4.372348223,0.025951044,0.024241992,2.08211433,7,1,151.9128676,184.937404,185.1654531,116.3983653,235.1200769,-0.227516571,-0.424226865,-0.425459221,0.038772054,-0.664305804
SDMT,92539,4,4.5,4.25,150,4.1219386,0.025169283,0.025350389,2.109641752,7,1,152.5486977,185.7114581,182.4216254,119.2030196,241.626068,-0.01684858,-0.213558875,-0.195685337,0.229807208,-0.476756063
SDMT,92539,4.5,5,4.75,135,1.962002888,0.017532964,0,2.462751979,7,1,132.795053,161.6635428,164.6171449,107.2189849,235.8195045,0.016467794,-0.180242501,-0.198347665,0.230401448,-0.557791923
SDMT,92539,5,5.5,5.25,120,5.087554184,0.035324429,0.003103022,2.058511053,7,1,166.4770098,202.6676641,191.976259,134.0306311,266.8065628,-0.327365478,-0.524075772,-0.469879971,-0.110576621,-0.799032169
SDMT,92539,5.5,6,5.75,146,3.277035247,0.021888834,0.02775524,2.191799373,7,1,149.6392243,182.1694904,171.2759753,124.0038712,255.7199674,-0.024620604,-0.221330898,-0.159669525,0.163293837,-0.560476347
SDMT,92539,6,6.5,6.25,175,0.810269978,0.006011299,0.055046359,2.768779674,7,1,106.6698214,129.858913,117.9417836,93.22606734,218.5133005,0.495047692,0.298337397,0.394594831,0.629758599,-0.222060911
SDMT,92539,6.5,7,6.75,143,3.867091781,0.015858212,0.02245589,1.971695577,7,1,147.12415,179.1076609,159.7918539,129.2829247,255.6985202,-0.028432158,-0.225142452,-0.111027425,0.100841413,-0.581154465
SDMT,92539,7,7.5,7.25,178,8.748442108,0.022086846,0.030088958,1.649608753,7,1,175.3640662,213.4866893,183.3716642,152.464598,273.4709449,0.014919359,-0.181790935,-0.029731495,0.154851125,-0.429411832
SDMT,92539,7.5,8,7.75,147,9.850410889,0.030696734,0.034228073,1.64347606,7,1,184.6801153,224.8279665,193.8572228,162.3711476,290.5411149,-0.228192635,-0.42490293,-0.276689336,-0.099452163,-0.681312511
SDMT,92539,8,8.5,8.25,211,6.985792178,0.021654596,0.030269328,1.764212322,7,1,173.3110395,210.9873524,178.9630216,152.7535388,281.3678798,0.196770237,5.99E-05,0.164678932,0.323032368,-0.28780486
SDMT,92539,8.5,9,8.75,145,9.803510397,0.02433436,0.017482494,1.600167179,7,1,182.6442125,222.3494761,187.4116954,164.6246497,290.6816911,-0.230806324,-0.427516618,-0.256574034,-0.12693429,-0.695495081
SDMT,92539,9,9.5,9.25,157,6.946365459,0.021080838,0.052410867,1.758999029,7,1,174.8827072,212.900687,177.4526223,157.2122336,288.6121998,-0.107869699,-0.304579993,-0.122457851,-0.001350894,-0.608838112
SDMT,92539,9.5,10,9.75,146,4.434132056,0.025914157,0.034896867,2.02768886,7,1,167.3965264,203.7870756,170.1357416,152.1289663,299.4415789,-0.136758786,-0.33346908,-0.152989977,-0.041122002,-0.718312715
SDMT,92539,10,10.5,10.25,142,8.961847279,0.022298992,0.039096463,1.643720133,7,1,184.1996504,224.2430526,183.9379929,168.5931883,298.9419318,-0.260193168,-0.456903462,-0.258771648,-0.171661586,-0.744422289
SDMT,92539,10.5,11,10.75,155,3.453863145,0.036865503,0.117159924,2.254470892,7,1,168.3580905,204.9576754,170.0647146,155.2687013,320.7305183,-0.082668085,-0.279378379,-0.092753922,-0.001732056,-0.727176147
SDMT,92539,11,11.5,11.25,170,6.819493323,0.051878365,0,1.969606019,7,1,197.2705797,240.1554884,198.265327,178.4154529,340.8868871,-0.14877785,-0.345488145,-0.153807732,-0.048316399,-0.695752276
SDMT,92539,11.5,12,11.75,165,8.894886551,0.039631044,0.013870244,1.754946061,7,1,198.3315006,241.4470442,196.4962095,183.4815589,333.456597,-0.183994402,-0.380704696,-0.174697667,-0.106168692,-0.703567239
SDMT,92539,12,12.5,12.25,213,6.955973742,0.062569248,0.086230271,1.979563737,7,1,201.4813136,245.2815992,201.2473987,186.0838949,356.9529214,0.055595525,-0.141114769,0.056757175,0.135094546,-0.516311735
SDMT,92539,12.5,13,12.75,235,9.64068687,0.040324666,0.024734844,1.700461083,7,1,201.0069838,244.7041542,198.1182189,190.158548,341.3920486,0.156245861,-0.040464433,0.170721596,0.211727327,-0.373446005
SDMT,92539,13,13.5,13.25,206,13.95794063,0.047241928,0.014320703,1.523204366,7,1,211.4118082,257.3708969,212.801595,205.404593,352.8646324,-0.02593176,-0.222642054,-0.032484084,0.00289451,-0.538208337
SDMT,92539,13.5,14,13.75,231,12.84476998,0.040117017,0.068938263,1.53852263,7,1,207.31561,252.3842209,205.7995822,202.2982841,348.4829945,0.108175392,-0.088534902,0.115514917,0.132674448,-0.411171722
SDMT,92539,14,14.5,14.25,259,15.09892655,0.025789586,0.098933968,1.368172997,7,1,199.4232506,242.7761312,201.6186515,201.5998892,332.4154939,0.261398608,0.064688314,0.250450012,0.250543075,-0.249557612
SDMT,92539,14.5,15,14.75,205,14.78081395,0.033438524,0.107651669,1.419635776,7,1,205.3898105,250.0397694,205.8364183,207.3410551,346.7901664,-0.001899709,-0.198610004,-0.004071788,-0.011355067,-0.52570991
SDMT,92539,15,15.5,15.25,169,9.668174878,0.020166775,0.112967079,1.580037088,7,1,192.2224133,234.0098944,182.0937444,188.7712592,326.4497945,-0.128754389,-0.325464683,-0.074622919,-0.110637298,-0.658377453
SDMT,92539,15.5,16,15.75,190,2.396773354,0.021068375,0.231497725,2.329376814,7,1,154.9943781,188.6888082,129.0155406,156.381155,327.603404,0.203635226,0.006924932,0.387091205,0.194727744,-0.54477967
SDMT,92539,16,16.5,16.25,161,7.683414832,0.029688953,0.097347274,1.776209946,7,1,196.6261432,239.370957,181.1175751,191.9444219,348.2505142,-0.19989981,-0.396610105,-0.117742042,-0.175801496,-0.771517724
SDMT,92539,16.5,17,16.75,209,13.10441379,0.048314621,0.114247918,1.564880207,7,1,217.4257445,264.6922107,210.4657286,217.6587452,375.3449138,-0.039523136,-0.23623343,-0.006988578,-0.040594195,-0.585511121
SDMT,92539,17,17.5,17.25,142,7.188786688,0.063397422,0.183443171,1.95478698,7,1,209.0633794,254.5119401,193.1832666,205.8596932,390.0067434,-0.386810399,-0.583520693,-0.307812249,-0.371367778,-1.010336972
SDMT,92539,17.5,18,17.75,196,10.51335909,0.030752511,0.028116595,1.602928963,7,1,205.2990583,249.9292884,191.7623041,206.402924,358.5821577,-0.046353078,-0.243063372,0.021858054,-0.051715541,-0.604043145
SDMT,92537,0,1,0.5,40,1.933830204,0.027849366,0.005037515,2.594298535,7,1,101.7966558,123.9263635,274.1827946,55.84479998,133.8098767,-0.934097799,-1.130808092,-1.924915563,-0.33369696,-1.207540508
SDMT,92537,1,1.5,1.25,114,2.286867657,0.004214097,0.000936834,2.175108849,7,1,106.7680083,129.9784449,153.7011884,67.06973576,139.7036374,0.065540114,-0.13117018,-0.298811934,0.530465538,-0.203324855
SDMT,92537,1.5,2,1.75,100,2.250306296,0.01665647,0.006515418,2.37999251,7,1,120.1288569,146.2438258,183.0963111,82.42976361,182.0058408,-0.183394788,-0.380105082,-0.604842119,0.193223605,-0.598868593
SDMT,92537,2,2.5,2.25,160,3.444563877,0.03420495,0.056429042,2.288244915,7,1,141.6608262,172.4566579,203.9529262,99.80500724,213.7183096,0.121738163,-0.074972131,-0.242715398,0.47195546,-0.289485022
SDMT,92537,2.5,3,2.75,151,5.30196273,0.022378979,0.007231612,1.934801116,7,1,147.5940309,179.6796898,183.3038624,108.4280105,213.5008044,0.022814367,-0.173895928,-0.193865389,0.331193382,-0.346360764
SDMT,92537,3,3.5,3.25,127,1.61029838,0.006272998,0.008578184,2.386256238,7,1,113.8982504,138.6587396,148.9032858,86.09684971,187.1374646,0.108881577,-0.087828717,-0.15910992,0.388714264,-0.387656365
SDMT,92537,3.5,4,3.75,180,3.07729175,0.012613502,0.012353416,2.124634353,7,1,134.6471382,163.9182552,164.0305747,104.2256852,213.5154898,0.290299285,0.093588991,0.092904009,0.546398253,-0.170752531
SDMT,92537,4,4.5,4.25,186,9.072696336,0.014676215,0.007349495,1.573044054,7,1,159.4680012,194.1349579,175.065265,127.6977845,226.5822586,0.153903391,-0.042806903,0.060587826,0.37608026,-0.197361378
SDMT,92537,4.5,5,4.75,165,9.729734253,0.018351951,0.020545925,1.563610812,7,1,165.2898284,201.2223998,180.2245438,135.5361409,240.050817,-0.001754995,-0.198465289,-0.088258065,0.196707147,-0.374905165
SDMT,92537,5,5.5,5.25,172,7.051493069,0.010878883,0.025652692,1.678094929,7,1,157.1600462,191.3252736,168.0489803,127.3988462,229.4836823,0.090229788,-0.106480506,0.02323899,0.30017179,-0.288337449
SDMT,92537,5.5,6,5.75,162,7.816637796,0.013440363,0.029894353,1.644375417,7,1,162.5081182,197.83597,172.2333512,134.9647876,241.5588288,-0.003131623,-0.199841918,-0.061253915,0.182582423,-0.399516706
SDMT,92537,6,6.5,6.25,161,6.879260614,0.008572083,0.034266104,1.675863422,7,1,158.8273772,193.355068,165.3982625,130.6449094,232.4808429,0.013586431,-0.183123864,-0.026951913,0.208921337,-0.367403461
SDMT,92537,6.5,7,6.75,162,10.57184273,0.021067445,0.039538613,1.538077397,7,1,175.7297798,213.9319059,185.3444979,152.9939253,267.2986576,-0.081351138,-0.278061432,-0.134619909,0.057198119,-0.500770266
SDMT,92537,7,7.5,7.25,174,11.19312559,0.022210146,0.044938118,1.513062033,7,1,178.6434441,217.4789754,187.6074843,158.0449626,274.1684318,-0.026336588,-0.223046882,-0.075296632,0.096175733,-0.454687333
SDMT,92537,7.5,8,7.75,172,11.40495297,0.02135446,0.050010317,1.496038932,7,1,179.598014,218.6410605,187.3233194,160.9132484,277.4534089,-0.043226621,-0.239936915,-0.085341628,0.066629087,-0.478158546
SDMT,92537,8,8.5,8.25,181,9.483876641,0.015008677,0.0544659,1.55213848,7,1,174.0047121,211.8318234,177.8052446,154.8445611,268.8809401,0.039414651,-0.157295643,0.017808211,0.156075249,-0.395771649
SDMT,92537,8.5,9,8.75,184,14.63634533,0.029275861,0.060212275,1.405232756,7,1,190.0379626,231.3505631,200.1305162,177.1015092,298.6368002,-0.032288098,-0.228998392,-0.084033977,0.038212691,-0.484292362
SDMT,92537,9,9.5,9.25,200,15.97558284,0.038251218,0.06561494,1.400728309,7,1,197.5072347,240.4435901,208.804167,186.2292395,313.7832229,0.012542151,-0.184168143,-0.043079446,0.071338981,-0.450385008
SDMT,92537,9.5,10,9.75,211,14.51210151,0.03547695,0.06939434,1.443559388,7,1,196.7167262,239.4812318,205.3295949,185.2177485,314.6702759,0.070093378,-0.126616916,0.027241665,0.130325982,-0.399667214
SDMT,92537,10,10.5,10.25,213,15.84524348,0.037837566,0.074119396,1.404621631,7,1,199.8881401,243.3420836,209.2977507,191.2230202,321.5668578,0.063534255,-0.133176039,0.017534283,0.107851774,-0.411913312
SDMT,92537,10.5,11,10.75,198,12.60249647,0.028610918,0.077355875,1.488893254,7,1,193.6859551,235.7915975,197.4654463,183.1877362,313.3204334,0.022028971,-0.174681323,0.002703417,0.077755523,-0.458959385
SDMT,92537,11,11.5,11.25,171,4.139459381,0.042925915,0.106624008,2.204619848,7,1,178.8968339,217.78745,179.1314478,163.4496169,331.3685129,-0.045145736,-0.241856031,-0.046456325,0.045158767,-0.661567532
SDMT,92537,11.5,12,11.75,163,7.823447337,0.060413475,0.012758472,1.924190906,7,1,205.0128005,249.5808006,205.3061758,186.5360159,351.9083735,-0.229322218,-0.426032512,-0.230752205,-0.134874134,-0.769620638
SDMT,92537,12,12.5,12.25,150,2.778667385,0.040148697,0.055708078,2.416963006,7,1,168.0613104,204.5963779,163.1430415,157.1551015,334.6665066,-0.113693562,-0.310403856,-0.083992077,-0.046597931,-0.802499239
SDMT,92537,12.5,13,12.75,143,4.501866448,0.049267065,0.099792752,2.171096701,7,1,185.3608254,225.656657,180.2891113,173.265729,348.4289858,-0.259459703,-0.456169997,-0.231717106,-0.191981792,-0.890589808
SDMT,92537,13,13.5,13.25,143,3.315207895,0.034136435,0.093690463,2.281554315,7,1,172.6767908,210.2152236,161.3415105,162.553881,334.6909772,-0.188576956,-0.38528725,-0.120678671,-0.128164892,-0.85036302
SDMT,92537,13.5,14,13.75,140,3.25233457,0.030462162,0.126305377,2.289414547,7,1,172.6553787,210.1891566,159.0972207,162.2436028,332.8307407,-0.209655155,-0.406365448,-0.127873044,-0.147456504,-0.865991652
SDMT,92537,14,14.5,14.25,139,3.830742598,0.044802518,0.134884096,2.252701773,7,1,181.7694604,221.2845604,168.0701778,173.229966,353.5533017,-0.26826525,-0.464975544,-0.189907684,-0.220146062,-0.933560324
SDMT,92537,14.5,15,14.75,168,6.151723769,0.066364984,0.057138419,2.082406026,7,1,205.97242,250.7490331,195.7481035,193.4517721,376.6600238,-0.203778297,-0.400488591,-0.152864667,-0.141064262,-0.807379008
SDMT,92537,15,15.5,15.25,155,1.823490128,0.026665495,0.303577792,2.567834631,7,1,150.9047134,183.7100858,126.6243145,151.9446289,334.3691886,0.026776516,-0.169933777,0.202200568,0.019908946,-0.768820621
SDMT,92537,15.5,16,15.75,188,6.431342881,0.044576916,0.128890982,1.971449846,7,1,200.8784385,244.5476643,185.2650478,191.8352125,363.775013,-0.066257979,-0.262968273,0.014654472,-0.020194772,-0.660093618
SDMT,92537,16,16.5,16.25,201,11.15815148,0.083233685,0.079050622,1.794132645,7,1,230.2950124,280.3591455,221.5715241,220.6319557,399.2936443,-0.136056242,-0.332766536,-0.097440537,-0.093191046,-0.686392189
SDMT,92537,16.5,17,16.75,233,12.06971029,0.061335288,0.130172009,1.668495921,7,1,223.1125605,271.6152911,214.018728,219.3985609,386.9352885,0.043362054,-0.153348241,0.084974928,0.060148465,-0.507219012
SDMT,92537,17,17.5,17.25,248,1.610752938,0.03088767,0.255427353,2.684486191,7,1,151.7941488,184.7928768,115.6982713,156.3526716,351.2914995,0.490903427,0.294193133,0.762443053,0.461314575,-0.348187616
SDMT,92537,17.5,18,17.75,177,3.244709805,0.038683974,0.258861515,2.294746329,7,1,175.8212775,214.0432943,145.7034388,177.6091701,366.2393929,0.006681722,-0.190028572,0.194576418,-0.00343573,-0.727137466
SDMT,92537,18,18.5,18.25,187,12.11407967,0.093775545,0.147760487,1.774945637,7,1,238.9013113,290.836379,226.4639508,232.8747427,417.8725339,-0.244941926,-0.441652221,-0.191477158,-0.219392107,-0.804067826
SDMT,92537,18.5,19,18.75,214,7.51799606,0.043459679,0.172005903,1.853670302,7,1,206.1261908,250.9362323,185.6002269,205.5078839,379.3675933,0.037487457,-0.159222837,0.142380972,0.040491617,-0.572529623
SDMT,92537,19,19.5,19.25,205,10.88072855,0.023927381,0.152005003,1.54070648,7,1,202.5613261,246.596397,187.577777,207.7845373,354.3604852,0.011967294,-0.184743001,0.088816409,-0.013491685,-0.547304736
SDMT,92537,19.5,20,19.75,225,11.24093348,0.031051537,0.154770859,1.56586342,7,1,208.9040111,254.3179266,193.1551221,214.8526414,369.0473086,0.074225533,-0.122484762,0.152606795,0.046147998,-0.494824441
SDMT,92537,20,20.5,20.25,253,11.65270625,0.035043897,0.158483944,1.568591186,7,1,212.8900389,259.1704821,196.8837408,219.6692192,377.3754731,0.172613706,-0.024096588,0.250776082,0.141266623,-0.399851153
SDMT,92537,20.5,21,20.75,244,10.15348764,0.020120476,0.165751011,1.553393088,7,1,200.3974868,243.9621578,181.5153241,207.0620499,352.9267746,0.196865397,0.000155103,0.295828145,0.164149719,-0.369092373
SDMT,92537,21,21.5,21.25,210,9.100799639,0.014742492,0.170156637,1.577802818,7,1,195.204123,237.639802,173.4601919,199.9491978,340.7143619,0.073061735,-0.12364856,0.191159399,0.049044207,-0.483936947
SDMT,92537,21.5,22,21.75,216,8.845496641,0.017060642,0.175810233,1.617480323,7,1,197.9955458,241.0380557,174.2087272,202.8674916,349.2204567,0.087033873,-0.109676421,0.215024246,0.062725393,-0.480424996
SDMT,92537,22,22.5,22.25,228,10.84111665,0.019437908,0.18127629,1.514469218,7,1,202.6884396,246.7511438,183.3639951,212.5110902,357.7798898,0.117675609,-0.079034685,0.217872407,0.070351453,-0.450572335
SDMT,92537,22.5,23,22.75,241,12.77308735,0.029199789,0.184250268,1.4821705,7,1,212.6672072,258.8992088,196.1424047,226.4588768,379.8042265,0.125068397,-0.071641897,0.205955983,0.062233564,-0.454858993
SDMT,92537,23,23.5,23.25,256,11.73928254,0.026635926,0.187268766,1.530647385,7,1,212.3564045,258.5208403,192.1630821,223.3692026,377.1280291,0.186911428,-0.009798866,0.286833047,0.136351425,-0.387407285
SDMT,92537,23.5,24,23.75,254,8.968421216,0.014320895,0.194790177,1.588845828,7,1,197.9740775,241.0119204,171.7015645,205.2989411,349.0815088,0.249198167,0.052487873,0.391576387,0.212867101,-0.317971177
SDMT,92537,24,24.5,24.25,251,6.379577984,0.003028333,0.201732184,1.669832641,7,1,181.4149107,220.8529348,149.0179838,172.8205939,286.0235638,0.324666207,0.127955913,0.521385944,0.373198912,-0.130621259
SDMT,92537,24.5,25,24.75,260,6.282232046,0.002850006,0.206770217,1.678885788,7,1,181.6482769,221.1370328,148.2198999,172.5481419,285.2124003,0.358609358,0.161899064,0.56198465,0.41000535,-0.092552536
SDMT,92537,25,25.5,25.25,248,5.718709102,0.001894093,0.211958873,1.734986869,7,1,180.743434,220.0354849,144.6068041,165.4701783,271.6415883,0.316350212,0.119639918,0.539410383,0.404637759,-0.091054761
SDMT,92537,25.5,26,25.75,254,5.55699882,0.001175437,0.218011309,1.804253168,7,1,185.6212622,225.9737105,147.2204208,159.255905,256.5206884,0.313625894,0.1169156,0.545403342,0.466821893,-0.009875051
SDMT,92537,26,26.5,26.25,258,6.941839925,0.003622687,0.223434432,1.642218772,7,1,186.5508986,227.1054417,152.9106039,181.5122128,298.8812944,0.324255468,0.127545174,0.523106123,0.351636645,-0.147086901
SDMT,92537,26.5,27,26.75,255,1.638799027,0.029780211,0.458662324,2.685026426,7,1,160.8335302,195.7973411,101.7499902,176.538644,390.7231802,0.460893689,0.264183395,0.918744817,0.367723747,-0.426735785
SDMT,92537,27,27.5,27.25,263,1.439244799,0.033838473,0.899823776,2.80669489,7,1,156.0717346,190.0003726,95.48476822,176.0193877,398.7489364,0.521838293,0.325127999,1.013187292,0.401559886,-0.416177955
SDMT,92537,27.5,28,27.75,282,1.477310307,0.022596788,1.010454675,2.696360888,7,1,151.5109907,184.4481626,89.37044921,171.7248353,380.1753638,0.621248903,0.424538608,1.149116989,0.49601367,-0.298725559
SDMT,92537,28,28.5,28.25,267,1.868881443,0.021974392,0.974395036,2.552677617,7,1,159.7192068,194.4407735,98.20649418,178.1091584,381.1754218,0.513831342,0.317121048,1.000176313,0.404852047,-0.356011035
SDMT,92537,28.5,29,28.75,287,12.66798944,0.230441127,0.433964739,2.02897987,7,1,289.9810813,353.0204468,249.9383953,286.5497361,527.0921937,-0.010333468,-0.207043762,0.138267747,0.001570096,-0.607893258
SDMT,92534,0,1.5,0.75,171,3.318718735,0.064207689,0,2.462064253,7,1,126.1404525,153.56229,274.1547191,71.97718283,165.0230738,0.304267568,0.107557274,-0.472029059,0.865314393,0.035578251
SDMT,92534,1.5,2,1.75,357,6.867857969,0.041879494,0.007030552,1.9122228,7,1,152.8925231,186.1300281,205.8157966,104.4956615,206.883386,0.848000571,0.651290276,0.550754204,1.228590228,0.5455805
SDMT,92534,2,2.5,2.25,230,5.800798747,0.015038356,0.01168759,1.825571225,7,1,141.5109734,172.2742285,174.5714468,100.4906116,192.8063041,0.485702044,0.28899175,0.275745214,0.828015003,0.17639323
SDMT,92534,2.5,3,2.75,175,0.464042906,0.012959008,0.058569427,3.261721195,7,1,89.83707483,109.3668737,146.0585596,72.96485009,195.3108226,0.666788224,0.47007793,0.180778339,0.874808154,-0.109806278
SDMT,92534,3,3.5,3.25,154,0.379984339,0.000468564,0.075099737,2.914314859,7,1,75.96371606,92.47756737,100.6835826,56.21682741,131.7857912,0.706696796,0.509986502,0.424969849,1.00773647,0.155774792
SDMT,92534,3.5,4,3.75,224,2.464635358,0.006524942,0.011637234,2.181157482,7,1,126.1051977,153.5193711,151.3459495,95.65199429,195.8088392,0.574529591,0.377819297,0.392077779,0.850929506,0.134507179
SDMT,92534,4,4.5,4.25,268,7.789955994,0.038194855,0.01308158,1.81882248,7,1,171.3975578,208.6578965,198.9489321,135.2470503,256.2930423,0.447001223,0.250290929,0.297938811,0.683883872,0.044665494
SDMT,92534,4.5,5,4.75,243,11.45423218,0.043836083,0.011592681,1.623875445,7,1,182.4954035,222.1683173,205.4254339,149.1578398,269.1454391,0.286336457,0.089626163,0.167978327,0.488056371,-0.102190456
SDMT,92534,5,5.5,5.25,228,9.136166165,0.032102281,0.020053133,1.692216489,7,1,175.4464316,213.5869603,193.4668324,144.666847,264.6536522,0.262011866,0.065301571,0.16423954,0.454912137,-0.149076369
SDMT,92534,5.5,6,5.75,306,6.474237501,0.029908174,0.027555809,1.877083785,7,1,170.1998474,207.1998143,187.3935961,140.3683544,267.6557766,0.586611782,0.389901488,0.490373905,0.779315032,0.133883363
SDMT,92534,6,6.5,6.25,282,1.546861017,0.008336422,0.042424596,2.483610924,7,1,125.7601804,153.09935,139.6294397,105.1387015,229.0959606,0.807530308,0.610820014,0.702915017,0.986626626,0.207766113
SDMT,92534,6.5,7,6.75,203,6.397475938,0.032559695,0.036982925,1.904642201,7,1,175.2578281,213.357356,189.4205435,147.5551653,281.8132621,0.146947786,-0.049762509,0.069236338,0.319003871,-0.328038681
SDMT,92534,7,7.5,7.25,214,6.241628143,0.037979851,0.015315174,1.936134909,7,1,177.6121051,216.2234323,191.9358046,151.9125692,292.7053439,0.186374027,-0.010336267,0.10881505,0.342670862,-0.313190436
SDMT,92534,7.5,8,7.75,198,7.089073163,0.044321835,0.0374399,1.906025543,7,1,185.6055447,225.9545762,198.2576364,159.6529464,304.0105964,0.064643336,-0.132066958,-0.001300348,0.215264656,-0.428795527
SDMT,92534,8,8.5,8.25,200,2.626710209,0.025832959,0.051962496,2.350044212,7,1,152.301889,185.4109953,161.3992004,134.6416339,285.8196611,0.272452704,0.075742409,0.214436565,0.395700681,-0.35704369
SDMT,92534,8.5,9,8.75,207,11.58653659,0.019992997,0.020489101,1.482296957,7,1,181.9637995,221.5211472,187.7312652,165.9059065,283.7005966,0.12891103,-0.067799264,0.097707293,0.221297994,-0.315200651
SDMT,92534,9,9.5,9.25,180,11.9084301,0.016770277,0.059095656,1.443625922,7,1,180.7584914,220.0538156,185.4838019,166.7056949,281.2754383,-0.004204988,-0.200915282,-0.030010706,0.076726899,-0.446377546
SDMT,92534,9.5,10,9.75,234,12.46101627,0.02032557,0.06674436,1.44239056,7,1,185.0807366,225.3156793,190.0217422,173.0115675,292.3604028,0.234528971,0.037818677,0.208182617,0.301962659,-0.222666182
SDMT,92534,10,10.5,10.25,231,13.59110254,0.029386092,0.068805564,1.44984411,7,1,193.6418044,235.7378488,199.6610496,183.1603868,310.8182698,0.176407627,-0.020302667,0.145796534,0.232055511,-0.296790689
SDMT,92534,10.5,11,10.75,240,12.86659898,0.024264837,0.078501012,1.4510567,7,1,190.7492024,232.2164203,194.6260224,181.2401501,306.7279114,0.229679435,0.03296914,0.20955904,0.280815975,-0.245322149
SDMT,92534,11,11.5,11.25,252,11.67464793,0.025358371,0.083564467,1.51549081,7,1,192.0447507,233.7936095,193.2240207,181.6575613,311.835599,0.271700666,0.074990372,0.265578843,0.327305704,-0.213047035
SDMT,92534,11.5,12,11.75,243,5.099403313,0.03258788,0.114669596,2.008058511,7,1,179.2509156,218.2185059,174.7362344,166.6271242,323.7456895,0.304274856,0.107564562,0.329783838,0.377302917,-0.286896855
SDMT,92534,12,12.5,12.25,187,4.714770549,0.019681955,0.096058409,1.944122355,7,1,169.0528773,205.8035028,159.8332825,159.8443434,306.240799,0.100897067,-0.095813227,0.156977329,0.156908129,-0.4932631
SDMT,92534,12.5,13,12.75,174,5.011633157,0.029433874,0.074408957,2.003046934,7,1,179.850295,218.9481852,170.621252,168.5983349,326.1195345,-0.033069511,-0.229779805,0.0196091,0.03153613,-0.628208685
SDMT,92534,13,13.5,13.25,189,2.081246939,0.010558959,0.092470017,2.2906504,7,1,142.3196378,173.2586895,115.9739081,137.9935298,286.5157823,0.283671517,0.086961222,0.488381779,0.314540217,-0.416046606
SDMT,92534,13.5,14,13.75,193,8.238812995,0.029946898,0.030774705,1.742799674,7,1,194.8906299,237.2581582,186.4388077,185.2170841,334.3854954,-0.00974834,-0.206458635,0.034587113,0.041161624,-0.549604316
SDMT,92534,14,14.5,14.25,190,9.650582162,0.011706939,0.075322892,1.518978707,7,1,183.801245,223.7580374,175.6588129,177.0225839,298.9872167,0.033169089,-0.163541206,0.078480522,0.070746755,-0.453376747
SDMT,92534,14.5,15,14.75,158,10.64586633,0.016165931,0.115690298,1.497963401,7,1,189.4247475,230.6040405,182.2151946,186.1933468,314.7589716,-0.181396802,-0.378107096,-0.142593343,-0.1641906,-0.689212143
SDMT,92534,15,15.5,15.25,186,8.92253394,0.013070371,0.118025508,1.574977645,7,1,185.6555536,226.0154566,174.1563047,180.004615,308.3707342,0.001853579,-0.194856715,0.065793475,0.032764184,-0.505556068
SDMT,92534,15.5,16,15.75,212,6.897065644,0.014232154,0.123072178,1.723503094,7,1,182.7304106,222.4544129,166.2760862,176.2568021,313.7606154,0.148574374,-0.04813592,0.242936698,0.18464424,-0.392044049
SDMT,92534,16,16.5,16.25,231,10.96316068,0.072072176,0.131709355,1.770785311,7,1,225.9026846,275.0119639,216.9249438,217.4581901,391.838086,0.022313403,-0.174396891,0.062866298,0.060411108,-0.528430998
SDMT,92534,16.5,17,16.75,367,3.660417668,0.030878549,0.174428181,2.204248181,7,1,177.5993961,216.2079605,150.0689318,174.5337414,350.7978726,0.725831418,0.529121123,0.894267114,0.743243765,0.045151652
SDMT,92534,17,17.5,17.25,379,3.963923858,0.017998116,0.158049048,2.051211844,7,1,172.4620213,209.9537651,145.4568597,170.1981601,329.6622359,0.787359159,0.590648865,0.957656659,0.800572799,0.139467602
SDMT,92534,17.5,18,17.75,321,5.243739329,0.037472381,0.148430189,2.029577206,7,1,192.5551219,234.414931,170.9324098,189.8179748,366.0253162,0.511058663,0.314348369,0.630172909,0.525375538,-0.131261378
SDMT,92534,18,18.5,18.25,265,10.173004,0.020245848,0.065795418,1.553041214,7,1,197.4615068,240.3879213,183.1451093,199.9602648,341.9279724,0.294186163,0.097475869,0.36945104,0.281611155,-0.254870282
SDMT,92534,18.5,19,18.75,351,11.45189331,0.019162587,0.150242992,1.481007418,7,1,198.7429208,241.9479036,186.6503054,204.0002166,342.121649,0.568774089,0.372063795,0.631549382,0.542665168,0.025619851
SDMT,92534,19,19.5,19.25,329,10.93565148,0.018602441,0.148829654,1.52851745,7,1,201.4983739,245.3023682,187.1509552,203.6357921,342.9645161,0.490276439,0.293566145,0.564142213,0.479724685,-0.041569239
SDMT,92534,19.5,20,19.75,255,8.750451346,0.013767354,0.157373185,1.585043599,7,1,191.271519,232.852284,171.7018835,193.713208,331.4033473,0.287569561,0.090859267,0.395503808,0.274884789,-0.26207266
SDMT,92534,20,20.5,20.25,293,10.34744517,0.01449997,0.163991707,1.508709825,7,1,196.011008,238.6220966,179.4121561,200.692138,336.1785422,0.402001788,0.205291494,0.490486902,0.378400527,-0.137469785
SDMT,92534,20.5,21,20.75,281,9.211589954,0.015419368,0.169276744,1.571312771,7,1,194.835278,237.1907732,174.5075702,199.7191207,340.680605,0.366200196,0.169489902,0.476386546,0.341442686,-0.192590727
SDMT,92534,21,21.5,21.25,315,9.631136189,0.015238387,0.174093464,1.544027015,7,1,195.7285592,238.278246,175.9196907,202.1409607,342.3263403,0.475843841,0.279133547,0.582545051,0.44360736,-0.083191855
SDMT,92534,21.5,22,21.75,273,10.62946808,0.018313107,0.178055036,1.51674799,7,1,200.8232113,244.4804312,182.1992356,209.5346028,352.9309811,0.30704682,0.110336525,0.404371006,0.264582901,-0.256800722
SDMT,92534,22,22.5,22.25,275,7.909896774,0.00837984,0.181721982,1.595018076,7,1,187.5267627,228.2934502,162.4599485,189.3817797,319.9624762,0.382849528,0.186139234,0.526339597,0.373006122,-0.151432629
SDMT,92534,22.5,23,22.75,254,10.13057739,0.011673466,0.189166694,1.501593509,7,1,196.311802,238.9882807,175.8811665,202.9762092,336.5514868,0.257630045,0.060919751,0.36752569,0.224245491,-0.281416877
SDMT,92534,23,23.5,23.25,322,10.91450807,0.014380812,0.188201182,1.482879347,7,1,200.4364912,244.0096415,180.94541,210.0147051,347.9010368,0.474054101,0.277343807,0.576356162,0.427373993,-0.077366517
SDMT,92534,23.5,24,23.75,282,13.26735423,0.029083561,0.197626347,1.460788572,7,1,214.1708237,260.7296984,197.6732124,230.3635561,383.8693295,0.275133133,0.078422839,0.355291846,0.202248331,-0.308395136
SDMT,92534,24,24.5,24.25,317,12.91395986,0.019267675,0.201808135,1.418907173,7,1,206.8662056,251.8371199,190.71828,223.0483136,365.7122724,0.426829539,0.230119245,0.508104408,0.351513373,-0.142945109
SDMT,92534,24.5,25,24.75,390,10.78136431,0.014219959,0.205753772,1.481638146,7,1,200.8420939,244.5034187,179.0214848,213.1205157,352.8994546,0.663627742,0.466917448,0.778640914,0.604288932,0.099963554
SDMT,92534,25,25.5,25.25,340,12.29039492,0.019357557,0.211839875,1.445622422,7,1,207.3588844,252.4369028,187.974839,224.0529122,369.5587162,0.494494584,0.29778429,0.592637499,0.417063378,-0.083364017
SDMT,92534,25.5,26,25.75,335,14.29044045,0.020829201,0.216024853,1.37270429,7,1,210.4819975,256.2389535,195.743567,231.6265806,375.3699047,0.464730405,0.268020111,0.537325061,0.369004023,-0.11378142
SDMT,92534,26,26.5,26.25,282,16.43491229,0.024602351,0.223486544,1.31540506,7,1,214.4878859,261.1156872,204.3053725,240.9103793,385.8526172,0.27365381,0.076943516,0.322291272,0.157482077,-0.313548405
SDMT,92534,26.5,27,26.75,282,17.59365056,0.029320803,0.226037201,1.311552381,7,1,220.2766096,268.162829,211.1195955,248.1526602,396.8437744,0.247022998,0.050312704,0.289482295,0.127862949,-0.341635617
SDMT,92534,27,27.5,27.25,283,19.77568227,0.032492837,0.036064903,1.261025447,7,1,223.3312238,271.8814899,218.940475,255.8405184,404.4172829,0.23679092,0.040080625,0.256647008,0.100892622,-0.357000326
SDMT,92534,27.5,28,27.75,320,16.4444376,0.03575686,0.153003415,1.373386621,7,1,224.7516781,273.6107385,210.1577627,252.3939093,410.8081647,0.353324856,0.156614562,0.420462496,0.237329997,-0.249805357
SDMT,92534,28,28.5,28.25,282,15.5148,0.024,0.2104,1.353460865,7,1,215.6473476,262.5272058,200.0642221,242.5406189,391.5402025,0.268262647,0.071552353,0.343268645,0.150737874,-0.328181128
SDMT,66983,0,1,0.5,508,3.328055623,0.072125153,0.014820871,2.5128751,8,1,121.9549357,148.4668782,293.9382006,64.58393489,150.4204287,1.426829851,1.230119557,0.547111904,2.062515754,1.217047216
SDMT,66983,1,1.5,1.25,198,2.232208128,0.064177343,0.010216454,2.696633501,8,1,128.4949733,156.4286632,247.0231152,83.59740473,198.6018617,0.432377245,0.235666951,-0.221214885,0.862254555,-0.003035095
SDMT,66983,1.5,2,1.75,254,0.231028845,0.011886039,0.026840879,3.664071561,8,1,73.07586299,88.96192017,144.9945446,57.65928057,171.0349604,1.245836146,1.049125852,0.560638149,1.482783052,0.395466285
SDMT,66983,2,2.5,2.25,134,0.185332289,0.004265044,0.033354788,3.566378611,8,1,65.80544871,80.11098103,107.6023226,55.05594241,159.3737565,0.711137158,0.514426864,0.219397567,0.889489997,-0.173412314
SDMT,66983,2.5,3,2.75,96,0.276262935,0.005856993,0.034580263,3.395312095,8,1,75.76075729,92.23048713,120.9398609,63.33040604,175.3160028,0.236767747,0.040057453,-0.230945213,0.415982629,-0.602241884
SDMT,66983,3,3.5,3.25,78,0.337543739,0.004774668,0.093880039,3.230427608,8,1,78.4409183,95.49329185,95.41284739,67.15236639,178.3983555,-0.005636882,-0.202347176,-0.201504411,0.149744664,-0.827310175
SDMT,66983,3.5,4,3.75,181,0.381680504,0.00472981,0.113105207,3.153628607,8,1,81.87748433,99.67693744,90.24659358,71.08256096,184.9476127,0.793272995,0.596562701,0.695951179,0.934654999,-0.021575579
SDMT,66983,4,4.5,4.25,122,1.880524739,0.07192447,0.028579873,2.841133828,8,1,146.7595193,178.6637626,223.6752815,116.0840526,275.1967621,-0.184774279,-0.381484573,-0.606174319,0.049706525,-0.813465296
SDMT,66983,4.5,5,4.75,72,1.016577358,0.037355015,0.009962859,3.041993383,8,1,124.370304,151.4073266,183.0385493,103.7914193,258.784923,-0.546597319,-0.743307613,-0.933030664,-0.365717183,-1.279331185
SDMT,66983,5,5.5,5.25,142,1.265268074,0.046071999,0.034400702,2.957055945,8,1,133.1302958,162.0716644,187.2507231,112.0793808,273.2196268,0.064498741,-0.132211553,-0.276621426,0.23661968,-0.654448908
SDMT,66983,5.5,6,5.75,156,6.221938266,0.047616788,0.024209242,1.974264263,8,1,175.4616834,213.6055276,203.4828071,144.9895112,284.1277315,-0.117564684,-0.314274978,-0.265725508,0.073194604,-0.599567889
SDMT,66983,6,6.5,6.25,226,2.849188158,0.047021755,0.036354938,2.477191509,8,1,160.3541572,195.2137566,194.022078,132.4730461,288.0553068,0.343150148,0.146439853,0.152563043,0.5341558,-0.2426175
SDMT,66983,6.5,7,6.75,170,2.714227127,0.07818741,0.035792666,2.634956366,8,1,168.0263695,204.5538411,210.3835265,140.195163,313.6911839,0.011677509,-0.185032785,-0.213133745,0.192762964,-0.612610574
SDMT,66983,7,7.5,7.25,68,0.838728905,0.029469947,0.041955245,3.100815915,8,1,124.0289731,150.9917934,150.5947143,111.3681947,278.9368682,-0.601007487,-0.797717782,-0.795084512,-0.493334076,-1.411477772
SDMT,66983,7.5,8,7.75,149,0.756602252,0.022860729,0.010247826,3.101610791,8,1,119.6639692,145.6778756,138.6794465,109.4531484,274.2694701,0.219258748,0.022548453,0.071781176,0.308449717,-0.610164785
SDMT,66983,8,8.5,8.25,86,0.638998203,0.013902829,0.127989316,3.086003993,8,1,110.1092526,134.0460466,117.3005774,104.3029521,260.8774943,-0.247125782,-0.443836076,-0.310392382,-0.192952369,-1.10970363
SDMT,66983,8.5,9,8.75,174,0.79714914,0.022359416,0.214975106,3.063146692,8,1,119.8399556,145.8921199,129.8184072,113.8592914,282.1294588,0.37289815,0.176187855,0.292918693,0.424091899,-0.48331074
SDMT,66983,9,9.5,9.25,175,1.071282811,0.023933208,0.349526811,2.898343918,8,1,128.3662825,156.271996,136.0023121,121.3453649,289.3028991,0.309898215,0.113187921,0.252114088,0.366145239,-0.502688259
SDMT,66983,9.5,10,9.75,230,1.048063724,0.026513056,0.385800898,2.939674503,8,1,129.2612432,157.3615135,135.0676321,123.7961003,297.0665584,0.576243811,0.379533517,0.532303677,0.619443449,-0.255876907
SDMT,66983,10,10.5,10.25,268,2.124421776,0.071062255,0.135023409,2.762054518,8,1,165.9958982,202.0819631,182.3146684,150.8265986,343.7869557,0.479023902,0.282313607,0.385252839,0.574856157,-0.24903517
SDMT,66983,10.5,11,10.75,228,2.114539677,0.052518837,0.444745893,2.688614373,8,1,161.2431312,196.2959858,169.0543211,148.9509784,334.5349456,0.346432271,0.149721977,0.299125539,0.425728381,-0.383395716
SDMT,66983,11,11.5,11.25,278,2.632049312,0.027078801,0.243107301,2.38117508,8,1,159.3690929,194.0145479,156.2712286,147.3504612,310.9901173,0.556398263,0.359687968,0.576027971,0.634807275,-0.112140021
SDMT,66983,11.5,12,11.75,321,8.663475069,0.068756589,0.020087729,1.893419882,8,1,210.275682,255.9877868,212.7670652,191.2939338,358.0694555,0.423021682,0.226311388,0.411243146,0.517629958,-0.109285854
SDMT,66983,12,12.5,12.25,287,14.57305766,0.103129581,0.079161136,1.687700808,8,1,233.6899756,284.4921442,241.6797509,215.7122374,382.9225334,0.205486869,0.008776575,0.171868709,0.285536931,-0.28835049
SDMT,66983,12.5,13,12.75,295,16.67233811,0.131390449,0.084638678,1.673332142,8,1,245.7663317,299.1937951,256.0742413,226.9109633,399.5918735,0.182594143,-0.014116151,0.141507949,0.262417648,-0.303468354
SDMT,66983,13,13.5,13.25,330,18.16927607,0.116733157,0.056548713,1.587243808,8,1,243.5000337,296.4348236,253.2234751,229.941446,397.5989643,0.303975574,0.107265279,0.264820255,0.361267961,-0.186351215
SDMT,66983,13.5,14,13.75,293,7.401434267,0.094644035,0.02392242,2.07605875,8,1,219.2905205,266.9623728,216.1572832,200.6174521,387.9621927,0.289775181,0.093064886,0.304166303,0.378772738,-0.280735284
SDMT,66983,14,14.5,14.25,311,9.296769942,0.080235883,0.022890268,1.888125181,8,1,220.9556275,268.9894596,216.4376689,206.5331764,383.8183439,0.341831011,0.145120717,0.36249031,0.409331852,-0.210376466
SDMT,66983,14.5,15,14.75,310,10.67564592,0.085531008,0.030545885,1.827765368,8,1,227.4908694,276.9454062,222.437118,213.8500523,390.8143864,0.309462194,0.1127519,0.331927852,0.371297218,-0.231660435
SDMT,66983,15,15.5,15.25,372,11.5355736,0.08488854,0.038034325,1.764174061,8,1,228.0512247,277.6275779,223.8791263,218.1274657,393.9666869,0.489323581,0.292613287,0.507787563,0.533814257,-0.0573725
SDMT,66983,15.5,16,15.75,297,3.761518908,0.046827429,0.072967716,2.302749499,8,1,187.2748963,227.9868303,168.9490679,178.2723146,364.6028576,0.461154568,0.264444273,0.564134843,0.5104199,-0.205076561
SDMT,66983,16,16.5,16.25,299,1.516420053,0.030151316,0.323481541,2.742814859,8,1,150.8962768,183.6998153,124.3354168,152.1165295,344.7319748,0.683850881,0.487140587,0.877460685,0.675796705,-0.142323657
SDMT,66983,16.5,17,16.75,230,1.389722391,0.019822206,0.506472558,2.70333661,8,1,143.194311,174.323509,112.580292,146.3061603,328.7405163,0.473876783,0.277166489,0.714412635,0.452377894,-0.357189426
SDMT,66983,17,17.5,17.25,299,1.372286938,0.027555471,0.480300634,2.785942947,8,1,147.015913,178.9758941,116.1369357,151.3213745,345.6558803,0.709902741,0.513192446,0.945673598,0.68103769,-0.145000141
SDMT,66983,17.5,18,17.75,334,1.414690521,0.027205289,0.474365491,2.761968152,8,1,148.4052478,180.6672582,115.7914116,153.0362845,347.665197,0.8111943,0.614484006,1.059350596,0.780465946,-0.040098946
SDMT,66983,18,18.5,18.25,348,2.301166863,0.040023049,0.350026066,2.559583932,8,1,170.4879119,207.5505015,140.3981881,170.8013209,369.4658839,0.713538084,0.516827789,0.907719894,0.711701465,-0.059855926
SDMT,66983,18.5,19,18.75,343,4.553337239,0.056791465,0.267943555,2.236043889,8,1,200.0097982,243.4901891,173.6662654,195.4560784,391.2872047,0.539364091,0.342653797,0.680595005,0.562394756,-0.131711382
SDMT,66983,19,19.5,19.25,375,10.97791019,0.053638705,0.034038844,1.69202797,8,1,221.5205845,269.6772333,205.2491783,222.4359456,393.5433457,0.526410509,0.329700214,0.602701281,0.522286851,-0.04826519
SDMT,66984,0,1,0.5,314,3.328055623,0.072125153,0.014820871,2.5128751,8,1,121.9549357,148.4668782,293.9382006,64.58393489,150.4204287,0.945741389,0.749031095,0.066023443,1.581427292,0.735958754
SDMT,66984,1,1.5,1.25,308,2.232208128,0.064177343,0.010216454,2.696633501,8,1,128.4949733,156.4286632,247.0231152,83.59740473,198.6018617,0.874209998,0.677499703,0.220617867,1.304087307,0.438797657
SDMT,66984,1.5,2,1.75,452,0.231028845,0.011886039,0.026840879,3.664071561,8,1,73.07586299,88.96192017,144.9945446,57.65928057,171.0349604,1.822184059,1.625473765,1.136986062,2.059130965,0.971814197
SDMT,66984,2,2.5,2.25,61,0.185332289,0.004265044,0.033354788,3.566378611,8,1,65.80544871,80.11098103,107.6023226,55.05594241,159.3737565,-0.075828778,-0.272539072,-0.567568369,0.102524061,-0.960378249
SDMT,66984,2.5,3,2.75,56,0.276262935,0.005856993,0.034580263,3.395312095,8,1,75.76075729,92.23048713,120.9398609,63.33040604,175.3160028,-0.302228754,-0.498939048,-0.769941714,-0.123013871,-1.141238385
SDMT,66984,3,3.5,3.25,73,0.337543739,0.004774668,0.093880039,3.230427608,8,1,78.4409183,95.49329185,95.41284739,67.15236639,178.3983555,-0.071886267,-0.268596561,-0.267753797,0.083495278,-0.893559561
SDMT,66984,3.5,4,3.75,122,0.381680504,0.00472981,0.113105207,3.153628607,8,1,81.87748433,99.67693744,90.24659358,71.08256096,184.9476127,0.398797008,0.202086714,0.301475192,0.540179013,-0.416051566
SDMT,66984,4,4.5,4.25,108,1.880524739,0.07192447,0.028579873,2.841133828,8,1,146.7595193,178.6637626,223.6752815,116.0840526,275.1967621,-0.306664097,-0.503374391,-0.728064137,-0.072183293,-0.935355113
SDMT,66984,4.5,5,4.75,93,1.016577358,0.037355015,0.009962859,3.041993383,8,1,124.370304,151.4073266,183.0385493,103.7914193,258.784923,-0.290663945,-0.487374239,-0.677097289,-0.109783808,-1.02339781
SDMT,66984,5,5.5,5.25,80,1.265268074,0.046071999,0.034400702,2.957055945,8,1,133.1302958,162.0716644,187.2507231,112.0793808,273.2196268,-0.509301682,-0.706011976,-0.850421849,-0.337180743,-1.228249331
SDMT,66984,5.5,6,5.75,224,6.221938266,0.047616788,0.024209242,1.974264263,8,1,175.4616834,213.6055276,203.4828071,144.9895112,284.1277315,0.244225361,0.047515067,0.096064537,0.434984649,-0.237777844
SDMT,66984,6,7,6.5,228,2.780889029,0.060634225,0.036072707,2.554856461,8,1,164.1454442,199.8292365,202.0372465,136.2794199,300.6000835,0.328592739,0.131882445,0.12089356,0.514638293,-0.276435126
SDMT,66984,7,7.5,7.25,140,0.838728905,0.029469947,0.041955245,3.100815915,8,1,124.0289731,150.9917934,150.5947143,111.3681947,278.9368682,0.12112723,-0.075583064,-0.072949795,0.228800641,-0.689343055
SDMT,66984,7.5,8,7.75,152,0.756602252,0.022860729,0.010247826,3.101610791,8,1,119.6639692,145.6778756,138.6794465,109.4531484,274.2694701,0.239192963,0.042482668,0.091715391,0.328383932,-0.59023057
SDMT,66984,8,8.5,8.25,282,0.638998203,0.013902829,0.127989316,3.086003993,8,1,110.1092526,134.0460466,117.3005774,104.3029521,260.8774943,0.940433993,0.743723699,0.877167393,0.994607405,0.077856144
SDMT,66984,8.5,9,8.75,374,0.79714914,0.022359416,0.214975106,3.063146692,8,1,119.8399556,145.8921199,129.8184072,113.8592914,282.1294588,1.138098648,0.941388354,1.058119191,1.189292397,0.281889758
SDMT,66984,9,9.5,9.25,244,1.071282811,0.023933208,0.349526811,2.898343918,8,1,128.3662825,156.271996,136.0023121,121.3453649,289.3028991,0.642280466,0.445570172,0.584496339,0.69852749,-0.170306008
SDMT,66984,9.5,10,9.75,254,1.048063724,0.026513056,0.385800898,2.939674503,8,1,129.2612432,157.3615135,135.0676321,123.7961003,297.0665584,0.675498769,0.478788475,0.631558636,0.718698407,-0.156621949
SDMT,66984,10,10.5,10.25,258,2.124421776,0.071062255,0.135023409,2.762054518,8,1,165.9958982,202.0819631,182.3146684,150.8265986,343.7869557,0.440996507,0.244286212,0.347225444,0.536828762,-0.287062566
SDMT,66984,10.5,11,10.75,276,2.114539677,0.052518837,0.444745893,2.688614373,8,1,161.2431312,196.2959858,169.0543211,148.9509784,334.5349456,0.537487508,0.340777214,0.490180776,0.616783618,-0.19234048
SDMT,66984,11,11.5,11.25,268,2.632049312,0.027078801,0.243107301,2.38117508,8,1,159.3690929,194.0145479,156.2712286,147.3504612,310.9901173,0.519764129,0.323053835,0.539393838,0.598173141,-0.148774154
SDMT,66984,11.5,12,11.75,218,8.663475069,0.068756589,0.020087729,1.893419882,8,1,210.275682,255.9877868,212.7670652,191.2939338,358.0694555,0.036075622,-0.160634673,0.024297086,0.130683897,-0.496231915
SDMT,66984,12,12.5,12.25,199,14.57305766,0.103129581,0.079161136,1.687700808,8,1,233.6899756,284.4921442,241.6797509,215.7122374,382.9225334,-0.160690522,-0.357400816,-0.194308682,-0.08064046,-0.654527881
SDMT,66984,12.5,13,12.75,196,16.67233811,0.131390449,0.084638678,1.673332142,8,1,245.7663317,299.1937951,256.0742413,226.9109633,399.5918735,-0.226266554,-0.422976848,-0.267352748,-0.146443049,-0.712329051
SDMT,66984,13,13.5,13.25,325,18.16927607,0.116733157,0.056548713,1.587243808,8,1,243.5000337,296.4348236,253.2234751,229.941446,397.5989643,0.288708101,0.091997807,0.249552783,0.346000488,-0.201618688
SDMT,66984,13.5,14,13.75,344,7.401434267,0.094644035,0.02392242,2.07605875,8,1,219.2905205,266.9623728,216.1572832,200.6174521,387.9621927,0.450244229,0.253533935,0.464635352,0.539241786,-0.120266236
SDMT,66984,14,14.5,14.25,227,9.296769942,0.080235883,0.022890268,1.888125181,8,1,220.9556275,268.9894596,216.4376689,206.5331764,383.8183439,0.026988117,-0.169722178,0.047647415,0.094488957,-0.52521936
SDMT,66984,14.5,15.5,15,254,11.09728342,0.085209169,0.034085072,1.795688239,8,1,227.7708747,277.2862822,223.1569574,215.9781701,392.3873711,0.108994079,-0.087716215,0.129458898,0.162156929,-0.434915276
SDMT,66984,15.5,16.5,16,288,2.388313778,0.037575373,0.153634987,2.513168427,8,1,168.104386,204.6488177,144.9356849,164.6759418,354.5282261,0.538375348,0.341665054,0.686670389,0.558980926,-0.207827485
SDMT,66984,16.5,17.5,17,167,1.380977149,0.023371141,0.493213028,2.744328982,8,1,145.0925304,176.6343848,114.3447862,148.7926385,337.0921129,0.140622133,-0.056088161,0.378775488,0.115440164,-0.702362413
SDMT,66984,17.5,18.5,18,226,1.8042835,0.032997555,0.407480413,2.658851124,8,1,159.0638262,193.6429189,127.5025662,161.6749812,358.3998176,0.351229455,0.15451916,0.572398508,0.334946968,-0.461114173
SDMT,66984,18.5,19.5,19,291,7.070086794,0.055192578,0.095501251,1.945108944,8,1,210.4905874,256.2494107,188.7984594,208.51009,392.4136537,0.32388233,0.127172036,0.432643173,0.333335834,-0.298993255
SDMT,156435,0,2,1,238,0.743291928,0.006197242,0,2.783950895,6,2,83.78514387,101.9993056,183.0320951,55.81350831,138.6977501,1.044014963,0.847304668,0.262609153,1.450254749,0.539973568
SDMT,156435,2,2.5,2.25,207,4.239708573,0.016230193,0.00124847,2.008645252,6,2,136.3590379,166.0023071,179.4793855,96.66491338,194.2762613,0.417427402,0.220717107,0.142658436,0.761468297,0.06343762
SDMT,156435,2.5,3,2.75,161,3.730124376,0.00824787,0.002668138,1.99545474,6,2,132.1092226,160.8286188,164.446271,94.87906449,187.0314487,0.197775341,0.001065046,-0.021179532,0.52880129,-0.149872413
SDMT,156435,3,3.5,3.25,198,6.081046881,0.018639585,0.005894051,1.830466617,6,2,151.2177554,184.0911805,178.9078693,114.1146493,217.7288694,0.269546144,0.07283585,0.101396054,0.551063392,-0.09498354
SDMT,156435,3.5,4,3.75,306,2.638520002,0.006100027,0.009926676,2.135114246,6,2,127.3282215,155.0082696,153.2474022,95.97708104,194.0526111,0.876816928,0.680106634,0.691531479,1.159475678,0.455455788
SDMT,156435,4,4.5,4.25,251,0.351869083,0.00096337,0.047590945,3.010597096,6,2,78.82751287,95.96392871,104.8509111,63.79315404,155.2441215,1.158190855,0.961480561,0.872913492,1.369807058,0.480454084
SDMT,156435,4.5,5,4.75,261,1.726304754,0.007684875,0.07275932,2.467275304,6,2,125.8843667,153.2505334,160.6102964,98.34945548,211.7458945,0.729156646,0.532446352,0.485539496,0.975993399,0.209133462
SDMT,156435,5,5.5,5.25,167,3.379814765,0.020082039,0.081642571,2.207417239,6,2,151.2652575,184.1490091,182.3124898,120.5785753,247.1709315,0.098958845,-0.09775145,-0.087728379,0.325692195,-0.392086315
SDMT,156435,5.5,6,5.75,242,3.892455965,0.007891951,0.077020798,1.961202435,6,2,145.167072,176.7251311,156.9324496,116.7954711,224.2449977,0.511052426,0.314342132,0.433122271,0.728513431,0.076198532
SDMT,156435,6,6.5,6.25,111,3.359812739,0.015404135,0.076836396,2.13866461,6,2,149.8084549,182.3755103,167.3252935,123.7096493,249.560424,-0.299827309,-0.496537604,-0.410409582,-0.108407081,-0.810170865
SDMT,156435,6.5,7,6.75,298,4.887492773,0.190978673,0.049317829,2.538688176,6,2,204.8782718,249.4170266,274.9035134,164.3943355,353.977608,0.37467748,0.177967185,0.080673311,0.59482546,-0.17214017
SDMT,156435,7,7.5,7.25,212,0.744473392,0.007441696,0.051623929,2.914730593,6,2,112.019755,136.3718757,131.145674,97.69288653,233.1162533,0.637911035,0.44120074,0.480277554,0.774757528,-0.094950996
SDMT,156435,7.5,8,7.75,198,0.697394891,0.007707306,0.024901066,2.917401079,6,2,109.9093104,133.8026388,124.4642282,98.87730933,238.0527114,0.588611456,0.391901161,0.46424868,0.694387249,-0.184225095
SDMT,156435,8,8.5,8.25,204,0.727386935,0.006543308,0.133125815,2.863950254,6,2,108.4262185,131.9971355,116.8658072,99.85710655,236.8298986,0.632050066,0.435339772,0.557093664,0.714379764,-0.149222162
SDMT,156435,8.5,9,8.75,205,0.707247524,0.010247158,0.076596505,2.974554288,6,2,112.2456742,136.6469077,122.5077651,104.9296029,254.7640469,0.60231999,0.405609696,0.514835563,0.669720302,-0.217327831
SDMT,156435,9,9.5,9.25,164,0.669284049,0.015278928,0.022577152,3.07204631,6,2,115.2890215,140.3518522,123.3206594,109.2843979,272.0331608,0.352424222,0.155713928,0.285078478,0.405912788,-0.506057546
SDMT,156435,9.5,10,9.75,214,1.158057135,0.03307334,0.044373479,2.931960293,6,2,138.7790844,168.9484505,156.4418999,127.950413,306.0339794,0.433092667,0.236382373,0.313291321,0.514333225,-0.357720125
SDMT,156435,10,10.5,10.25,247,0.741553439,0.007399419,0.041026134,2.884868486,6,2,113.7673788,138.4994176,111.7454645,107.4560869,254.2709595,0.77523251,0.578522216,0.79316469,0.832306066,-0.029012131
SDMT,156435,10.5,11,10.75,268,1.572148659,0.016081381,0.139017734,2.634360301,6,2,141.5770013,172.3546102,143.5513351,129.407196,286.2676651,0.638143233,0.441432939,0.624294273,0.728022989,-0.065940285
SDMT,156435,11,11.5,11.25,228,0.947717744,0.018882744,0.042028859,2.917832337,6,2,129.4755018,157.62235,130.5774271,123.476265,294.5833544,0.565853941,0.369143647,0.557379267,0.613296678,-0.256216371
SDMT,156435,11.5,12,11.75,271,1.643307674,0.012964665,0.049718598,2.511715091,6,2,140.1136006,170.5730789,134.5825763,131.1299697,284.7910561,0.659665294,0.462955001,0.69994086,0.725929854,-0.049636954
SDMT,156435,12,12.5,12.25,275,3.267055649,0.011450747,0.090298746,2.105696164,6,2,158.136269,192.5137188,148.9514369,144.9549444,284.6451071,0.553313974,0.35660368,0.613150772,0.640348132,-0.034472068
SDMT,156435,12.5,13,12.75,253,4.031323106,0.015144981,0.101731837,2.028723268,6,2,166.9181169,203.2046641,157.3893973,154.6281966,298.649678,0.415886115,0.21917582,0.474666517,0.492365985,-0.165881752
SDMT,156435,13,13.5,13.25,364,4.98469853,0.01651918,0.093798597,1.916405992,6,2,173.228636,210.8870352,162.7981726,162.3079264,305.4744511,0.74254155,0.545831256,0.804642639,0.807658556,0.175287722
SDMT,156435,13.5,14,13.75,317,5.184558377,0.01911278,0.124842962,1.92626686,6,2,177.5527361,216.1511569,166.0529849,166.9274299,314.3440637,0.579634104,0.38292381,0.64659485,0.641342607,0.008413644
SDMT,156435,14,14.5,14.25,172,6.198335795,0.029312692,0.121061885,1.902112528,6,2,189.2752994,230.4221036,178.8089754,179.2360687,335.7757798,-0.095708089,-0.292418383,-0.038823583,-0.04120928,-0.668949138
SDMT,156435,14.5,15,14.75,231,5.344026655,0.021785415,0.114693973,1.931540651,6,2,181.765674,221.2799509,168.195411,172.8291834,325.5417325,0.239699358,0.042989064,0.317291246,0.290113983,-0.343072953
SDMT,156435,15,15.5,15.25,333,6.84896215,0.027112064,0.12878733,1.827630566,6,2,191.4601684,233.0819441,178.5690405,184.0958082,338.389493,0.553462701,0.356752407,0.623167182,0.592686171,-0.016055088
SDMT,156435,15.5,16,15.75,289,10.25853168,0.059733428,0.085945282,1.765466049,6,2,218.6339673,266.1630907,211.4392404,210.2224403,379.190482,0.279027739,0.082317444,0.31248901,0.318260478,-0.271611982
SDMT,156435,16,16.5,16.25,293,8.098361165,0.061391562,0.086438723,1.905001681,6,2,214.3059521,260.8942026,204.3693725,205.4246294,382.89315,0.312767932,0.116057638,0.360243603,0.355093409,-0.26758336
SDMT,156435,16.5,17,16.75,289,6.646634021,0.044969286,0.089209432,1.917638343,6,2,199.5300664,242.9061678,187.2894116,196.2167811,369.9966246,0.370461754,0.17375146,0.433771612,0.387206614,-0.247067195
SDMT,156435,17,17.5,17.25,261,2.146645501,0.016817616,0.357161421,2.411196486,6,2,156.3296478,190.3143538,131.4802967,154.9362029,325.2879385,0.512553503,0.315843209,0.685663402,0.521506969,-0.220190347
SDMT,156435,17.5,18,17.75,349,1.435162535,0.006202932,0.680517817,2.468015351,6,2,133.0730174,162.0019342,101.4098962,135.6657716,286.9472004,0.964173942,0.767463648,1.23590124,0.944877623,0.195773694
SDMT,156435,18,18.5,18.25,281,2.906308447,0.026476656,1.511420681,2.338101234,6,2,167.4849162,203.8946806,141.8948106,170.7119704,350.7977223,0.517461375,0.32075108,0.683268657,0.498376917,-0.221855098
SDMT,156435,18.5,19,18.75,274,11.29291315,0.181584878,0.136103041,2.002688129,6,2,258.4506858,314.6356176,251.9747263,245.367072,458.2441708,0.058423201,-0.138287093,0.083799316,0.110372764,-0.51427406
SDMT,156435,19,19.5,19.25,278,22.4015672,0.343483563,0.241869453,1.797054385,6,2,310.0990138,377.5118429,315.9303251,287.6116429,503.7064152,-0.109270532,-0.305980826,-0.127900585,-0.033989994,-0.594372475
SDMT,156435,19.5,20,19.75,254,22.37120882,0.33182112,0.289340972,1.786546585,6,2,309.2067303,376.4255847,312.9560257,288.783631,504.7083933,-0.196675816,-0.39338611,-0.208728421,-0.128343459,-0.686646556
SDMT,156435,20,20.5,20.25,222,5.655620035,0.063556867,0.86175843,2.173188113,6,2,209.1195445,254.580315,182.1350357,207.9795128,405.5664082,0.05977131,-0.136938984,0.197929016,0.065237803,-0.602607247
SDMT,156435,20.5,21,20.75,246,6.685578097,0.029019741,0.142003658,1.827333049,6,2,193.6338998,235.7282259,170.382704,200.9877149,368.993629,0.239362274,0.04265198,0.367284429,0.20208775,-0.405447842
SDMT,156435,21,21.5,21.25,226,19.25906496,0.04864426,0.038404287,1.344576601,6,2,227.1524182,276.5333787,226.7634417,245.9415567,400.1284614,-0.005086239,-0.201796533,-0.003372368,-0.084558934,-0.57125065
SDMT,156435,21.5,22,21.75,287,14.26400757,0.032113753,0.078614967,1.435766141,6,2,214.9011805,261.6188285,204.0961673,229.0313778,380.4921996,0.289303919,0.092593624,0.340890925,0.225623201,-0.281983461
SDMT,156435,22,22.5,22.25,260,10.13202603,0.023627496,0.051632282,1.580714492,6,2,205.3836783,250.032304,184.6470012,213.8882692,366.790766,0.2358018,0.039091506,0.34223573,0.195227859,-0.344109935
SDMT,156435,22.5,23,22.75,309,7.042901883,0.016697355,0.126613364,1.725569391,6,2,193.0385957,235.0035078,164.6875395,198.4322332,351.634439,0.47045113,0.273740836,0.629291298,0.44289363,-0.129250833
SDMT,156435,23,23.5,23.25,269,9.22170687,0.025405723,0.156251182,1.643437661,6,2,205.9695554,250.7455457,180.9975862,214.893476,374.1479379,0.266983011,0.070272717,0.396227684,0.224568935,-0.329939895
SDMT,156435,23.5,24,23.75,282,10.18386198,0.023035346,0.147962095,1.5710499,6,2,206.1637546,250.9819622,183.1837494,217.5044993,371.681112,0.313236293,0.116525998,0.431417327,0.259687534,-0.27612919
SDMT,156435,24,24.5,24.25,401,7.306576482,0.021285865,0.099790805,1.748853612,6,2,199.8306829,243.2721358,169.235662,207.1915008,368.9208789,0.696491005,0.49978071,0.862669234,0.660317937,0.083379227
SDMT,156435,24.5,25,24.75,383,8.853408692,0.023303856,0.157875194,1.653189577,6,2,205.3396417,249.9786942,177.2585475,215.8291499,375.7566255,0.623369592,0.426659298,0.770425602,0.573547867,0.019093328
SDMT,156435,25,25.5,25.25,393,9.121926358,0.017391025,0.18687139,1.592487843,6,2,201.2748036,245.0301957,174.0563076,212.7374612,363.6444852,0.669138455,0.472428161,0.814430758,0.613750783,0.077632911
SDMT,156435,25.5,26,25.75,292,8.772669069,0.017533717,0.193693146,1.613868419,6,2,201.0812194,244.7945279,172.1022153,212.8455194,365.7357927,0.373044899,0.176334605,0.528665227,0.316187161,-0.225157393
SDMT,156435,26,26.5,26.25,502,9.014058306,0.027033776,0.119918562,1.672001853,6,2,210.5707959,256.3470559,180.0731851,222.6848838,388.8768542,0.868778201,0.672067906,1.025236768,0.812842425,0.255337396
SDMT,156435,26.5,27,26.75,349,12.96380078,0.02341016,0.042223287,1.442329528,6,2,213.0706861,259.3904005,193.1881901,233.0805868,384.5279082,0.493447952,0.296737658,0.59140713,0.403687662,-0.096944447
SDMT,156435,27,27.5,27.25,379,12.03727074,0.057378175,0.048625373,1.658841165,6,2,235.6131845,286.833442,208.2777784,249.7008587,433.8493244,0.475344793,0.278634499,0.598663543,0.417272569,-0.13516109
SDMT,156435,27.5,28,27.75,379,10.58786516,0.046984962,0.067814995,1.681802488,6,2,227.2420909,276.6425454,196.0646526,242.319464,424.2697262,0.511520276,0.314809982,0.65909174,0.44727925,-0.112833195
SDMT,156435,28,28.5,28.25,343,15.48527586,0.228638317,0.078928306,1.888348181,6,2,294.4433567,358.4527821,263.6016933,293.3304009,525.0017658,0.1526438,-0.044066495,0.263291221,0.156430825,-0.425671179
SDMT,156435,28.5,29,28.75,651,11.9038433,0.108564611,0.059792103,1.840847404,6,2,259.8601117,316.3514403,227.3724068,266.795629,477.7418758,0.918366188,0.721655894,1.05192041,0.892026711,0.309439064
SDMT,156435,29,29.5,29.25,641,11.0979,0.5134,0.0798,2.358953766,6,2,317.940516,387.0580195,278.0834259,301.5154038,585.7230109,0.701165148,0.504454854,0.835108295,0.754208352,0.090182457
SDMT,92557,0,2.5,1.25,151,1.894313724,0.006978214,0.009010495,2.344895522,7,1,102.7912548,125.1371798,185.6087171,63.30450455,139.448949,0.384579557,0.187869263,-0.20636095,0.869323348,0.07958126
SDMT,92557,2.5,3,2.75,157,4.093823154,0.006168273,0.020452593,1.903279921,7,1,131.2249553,159.7521195,156.1469312,93.86766826,180.2231054,0.179332739,-0.017377555,0.005448375,0.514359799,-0.137949752
SDMT,92557,3,3.5,3.25,113,1.977394171,0.008029016,0.048656469,2.289551193,7,1,117.8963308,143.5259679,153.348807,90.51628276,193.5330135,-0.042417867,-0.239128161,-0.305327292,0.221858064,-0.538060292
SDMT,92557,3.5,4,3.75,159,3.535785499,0.010761573,0.059142627,1.9614113,7,1,131.2534033,159.7867519,159.7681505,104.9389621,209.3683063,0.191774371,-0.004935923,-0.004819503,0.415525334,-0.27519073
SDMT,92557,4,4.5,4.25,170,11.7174207,0.023566804,0.032244807,1.495973451,7,1,168.501145,205.1318287,186.2277474,137.8012404,241.4277975,0.008855892,-0.187854402,-0.091171936,0.209986077,-0.350772016
SDMT,92557,4.5,5,4.75,165,10.95896415,0.020727653,0.037287157,1.513960214,7,1,168.2016643,204.7672435,183.3991702,139.2782876,244.0947063,-0.019218168,-0.215928463,-0.105719561,0.169471473,-0.391610817
SDMT,92557,5,5.5,5.25,173,9.518509114,0.019925239,0.041804881,1.583356142,7,1,167.788583,204.2643619,181.4714517,139.8752713,248.8183703,0.030586842,-0.166123452,-0.047806756,0.212540488,-0.363431599
SDMT,92557,5.5,6,5.75,162,8.236264104,0.013893089,0.045223271,1.613077728,7,1,162.9924567,198.4255995,173.3888861,136.3593572,242.695313,-0.006107587,-0.202817881,-0.067940633,0.172302602,-0.404210465
SDMT,92557,6,6.5,6.25,165,13.50929838,0.028446014,0.049588917,1.445948769,7,1,181.2579144,220.6618089,194.9202592,159.0505623,273.0722697,-0.093975485,-0.290685779,-0.166645074,0.03672332,-0.50379101
SDMT,92557,6.5,7,6.75,195,13.78370803,0.029008448,0.053942895,1.439428529,7,1,183.6936739,223.6270813,196.6757902,163.2281087,279.1952419,0.059730004,-0.13698029,-0.008557079,0.177850896,-0.35891177
SDMT,92557,7,7.5,7.25,169,10.75476411,0.028446355,0.058055792,1.577300734,7,1,182.6214177,222.3217259,192.6434635,160.3993597,283.0484831,-0.077516539,-0.274226834,-0.130942426,0.052232011,-0.515719486
SDMT,92557,7.5,8,7.75,188,15.38982554,0.035124686,0.06194859,1.407337147,7,1,191.2102542,232.7777007,204.1570143,175.0935992,296.653313,-0.016931667,-0.213641961,-0.082447413,0.071121279,-0.456122198
SDMT,92557,8,8.5,8.25,187,17.63765751,0.041121603,0.066049488,1.35806471,7,1,196.86118,239.6570887,211.7740187,184.0894375,307.9346626,-0.051390193,-0.248100488,-0.12441114,0.015686904,-0.498779009
SDMT,92557,8.5,9,8.75,204,13.73255289,0.041739923,0.071171171,1.503996591,7,1,197.1383478,239.9945104,207.6217732,180.7264127,312.5819791,0.034214238,-0.162496056,-0.017598032,0.121135638,-0.426746774
SDMT,92557,9,9.5,9.25,181,9.37347636,0.025121593,0.074189022,1.636229271,7,1,184.3043292,224.3704877,187.353114,166.5513514,295.9228172,-0.018091323,-0.214801617,-0.034498115,0.083193353,-0.491601636
SDMT,92557,9.5,10,9.75,178,12.62524991,0.032470614,0.078245113,1.506939956,7,1,193.6059169,235.6941597,199.6045158,180.2105302,310.7483571,-0.084041187,-0.280751481,-0.114554438,-0.012342229,-0.557199893
SDMT,92557,10,10.5,10.25,176,12.54297641,0.028528032,0.082858817,1.491245004,7,1,192.4555048,234.293658,197.0281191,180.6110644,309.4393323,-0.089380988,-0.286091282,-0.11286246,-0.025861909,-0.564278059
SDMT,92557,10.5,11,10.75,160,8.196522125,0.025820562,0.091096329,1.699416249,7,1,184.2678041,224.3260224,183.9223936,170.7239013,308.1857876,-0.141216341,-0.337926636,-0.139340079,-0.064873824,-0.655528992
SDMT,92557,11,11.5,11.25,168,1.273057341,0.012870373,0.141427722,2.643055119,7,1,130.9848793,159.4598531,118.3927493,124.8022669,280.8762625,0.248882088,0.052171794,0.349956498,0.297233359,-0.513950246
SDMT,92557,11.5,12,11.75,151,1.721010713,0.019571906,0.2322047,2.539954456,7,1,142.6747351,173.6909818,132.5110633,136.5958916,300.5579095,0.056712377,-0.139997917,0.130613698,0.100252966,-0.688360609
SDMT,92557,12,12.5,12.25,173,2.924495531,0.025433822,0.171390228,2.277794477,7,1,160.6617166,195.5881767,152.4506647,152.4304709,315.5025397,0.073990579,-0.122719715,0.126450561,0.126583031,-0.600875137
SDMT,92557,12.5,13,12.75,161,1.75112491,0.01763212,0.153601636,2.486310267,7,1,142.0778752,172.9643698,125.1930264,138.8746159,302.7379993,0.125029041,-0.071681253,0.251547608,0.147832883,-0.631463378
SDMT,92557,13,13.5,13.25,190,12.14161643,0.032237103,0.097006161,1.528311545,7,1,200.5643964,244.1653521,198.7296465,195.03657,335.4160118,-0.054111302,-0.250821596,-0.044921269,-0.026163007,-0.568347516
SDMT,92557,13.5,14,13.75,210,14.54322422,0.046908847,0.117497958,1.496289607,7,1,212.2378336,258.3764931,213.6003204,208.63954,355.9681165,-0.010599972,-0.207310266,-0.016999076,0.006499457,-0.527733636
SDMT,92557,14,14.5,14.25,208,14.17465444,0.040990968,0.12408218,1.48476564,7,1,209.5345503,255.0855395,209.3282776,207.607523,352.8904805,-0.007350564,-0.204060858,-0.006365646,0.001888691,-0.528619676
SDMT,92557,14.5,15,14.75,219,13.88641052,0.039876432,0.128644793,1.490466068,7,1,209.4545907,254.9881974,207.8214281,208.5108434,354.6558824,0.044564765,-0.15214553,0.052392538,0.049080683,-0.482076244
SDMT,92557,15,15.5,15.25,182,11.07458722,0.030243797,0.131317151,1.569251539,7,1,201.5477874,245.3625238,194.1982832,199.0844871,344.4552878,-0.102019825,-0.298730119,-0.064873028,-0.089722606,-0.637957606
SDMT,92557,15.5,16,15.75,205,12.72528254,0.055050906,0.135312376,1.610420179,7,1,218.9038847,266.4916857,213.6687305,215.3834442,375.7863923,-0.065622772,-0.262333066,-0.041416848,-0.049409922,-0.606010897
SDMT,92557,16,16.5,16.25,181,6.089271768,0.06283729,0.200426816,2.053709071,7,1,203.634029,247.9022962,189.878492,197.5421439,383.2440148,-0.117827376,-0.31453767,-0.047887321,-0.087454917,-0.750174869
SDMT,92557,16.5,17,16.75,165,7.276538675,0.059477083,0.1726934,1.943941923,7,1,209.2750528,254.7696295,195.4586969,203.4593551,383.9504039,-0.237703955,-0.434414249,-0.169403614,-0.209520782,-0.844567914
SDMT,92557,17,17.5,17.25,187,9.771409473,0.069553399,0.027677702,1.827689997,7,1,223.9665198,272.6548937,210.2748171,216.8239417,395.6312857,-0.180387959,-0.377098253,-0.117306711,-0.147977079,-0.749374064
SDMT,92557,17.5,18,17.75,177,2.370960326,0.03149284,0.205797552,2.450454011,7,1,165.0758714,200.9619304,132.6133908,166.8905167,355.7503116,0.069744538,-0.126965757,0.288711673,0.058811724,-0.69807938
SDMT,92557,18,18.5,18.25,161,8.561041332,0.046138869,0.115068814,1.808405202,7,1,211.8292884,257.8791337,193.0665586,208.8557886,380.088938,-0.274376342,-0.471086636,-0.181630628,-0.260239642,-0.859000908
SDMT,92557,18.5,19,18.75,176,6.203426691,0.047918479,0.16078442,1.998282996,7,1,204.7426784,249.2519563,181.2768128,201.5251784,383.6689862,-0.151269968,-0.347980263,-0.02954122,-0.135430333,-0.779296171
SDMT,92557,19,19.5,19.25,146,1.459680213,0.023470374,0.579743376,2.708987568,7,1,147.559691,179.6378846,108.6783396,155.3432729,348.2577224,-0.010626157,-0.207336451,0.295214115,-0.06203071,-0.869336166
SDMT,92557,19.5,20,19.75,175,6.799720644,0.04404249,0.05867642,1.934910038,7,1,207.8140318,252.9909953,182.1898354,205.7322314,384.7681173,-0.171857628,-0.368567922,-0.040263221,-0.161789502,-0.787854886
SDMT,92557,20,20.5,20.25,167,4.551417955,0.054187476,0.207520415,2.2031729,7,1,198.9844561,242.2419465,168.5978602,198.9242167,396.6063345,-0.175232899,-0.371943193,-0.009522541,-0.174930119,-0.864950376
SDMT,92557,20.5,21,20.75,196,17.81355677,0.13563423,0.144653104,1.643788717,7,1,263.6421282,320.9556343,254.8430165,263.05144,454.1781588,-0.296477949,-0.493188243,-0.262533075,-0.294234943,-0.840374882
SDMT,92557,21,21.5,21.25,208,17.47336597,0.135259177,0.161484092,1.654067677,7,1,263.8886657,321.2557669,253.1643227,264.0036261,456.69294,-0.237989214,-0.434699508,-0.196500695,-0.238424759,-0.786473182
SDMT,92557,21.5,22,21.75,228,18.87506133,0.118045616,0.096671666,1.577875914,7,1,261.4404195,318.2752933,252.5382184,265.6665692,451.5882037,-0.136860787,-0.333571082,-0.102216968,-0.152896394,-0.683425082
SDMT,92557,22,22.5,22.25,186,12.39591482,0.076884024,0.152175676,1.70947769,7,1,238.7494706,290.6515294,217.6264832,242.845211,428.2337539,-0.249668088,-0.446378382,-0.15703354,-0.266677575,-0.833922527
SDMT,92557,22.5,23,22.75,191,11.22444028,0.065803128,0.184476602,1.730794971,7,1,232.7468499,283.3439912,208.4596061,237.7904479,421.7131182,-0.197677954,-0.394388248,-0.087471859,-0.219116387,-0.79205184
SDMT,92557,23,23.5,23.25,196,11.14507964,0.05322261,0.197287189,1.683505371,7,1,226.89266,276.2171513,202.1273487,234.8156518,412.4806379,-0.146362383,-0.343072677,-0.030783279,-0.180686087,-0.744074607
SDMT,92557,23.5,24,23.75,197,11.36917382,0.088908986,0.201297223,1.799941041,7,1,243.7055116,296.6849707,216.1584854,247.1937771,443.379851,-0.212756848,-0.409467142,-0.092808139,-0.226968823,-0.811223125
SDMT,92557,24,24.5,24.25,195,15.50070747,0.142831047,0.208424688,1.743374522,7,1,268.3280172,326.6601949,246.0488795,270.412304,475.1441918,-0.319210618,-0.515920913,-0.232530655,-0.326948288,-0.890618761
SDMT,92557,24.5,25,24.75,230,15.77532566,0.122920765,0.210790295,1.688556372,7,1,263.1033163,320.2996894,241.0341282,269.2634808,468.4343552,-0.134467484,-0.331177778,-0.046859225,-0.157611074,-0.711316666
SDMT,92557,25,25.5,25.25,202,16.24255222,0.13601258,0.213223734,1.700273899,7,1,268.5088939,326.8803925,245.4648335,274.1989558,477.1492163,-0.28461634,-0.481326634,-0.194885995,-0.305586262,-0.859561567
SDMT,92557,25.5,26,25.75,210,18.32046495,0.163756683,0.216065971,1.681263019,7,1,279.4173162,340.160211,258.2092362,284.8743679,491.6729054,-0.285598891,-0.482309185,-0.206662719,-0.304940738,-0.850706138
SDMT,92557,26,26.5,26.25,222,18.11896664,0.145967141,0.222588788,1.654500374,7,1,274.8049499,334.5451564,252.6617844,283.2294017,486.6997938,-0.213384191,-0.410094485,-0.129374392,-0.243579794,-0.784970111
SDMT,92557,26.5,27,26.75,216,10.35214101,0.128941523,0.238071798,1.919601084,7,1,252.2423236,307.0776113,214.9453134,259.9794548,479.2182656,-0.155111819,-0.351822113,0.004894768,-0.1853242,-0.796877755
SDMT,92557,27,27.5,27.25,281,2.222419513,0.02513407,0.766049924,2.464098199,7,1,166.9428045,203.2347185,105.6024806,182.8154033,384.8634084,0.520703404,0.323993109,0.978672808,0.429877751,-0.314533819
SDMT,92557,27.5,28,27.75,293,9.156631709,0.091658374,0.34183741,1.909333171,7,1,239.8538815,291.9960296,198.8730007,250.838121,462.2777931,0.200142698,0.003432404,0.387506175,0.155364814,-0.455993385
SDMT,92549,0,1.5,0.75,379,1.439771425,0.014541246,0,2.602580536,7,1,95.42206649,116.165994,211.4152884,56.42032463,135.2112281,1.379226348,1.182516054,0.583711814,1.904706746,1.030697997
SDMT,92549,1.5,2,1.75,217,2.771682233,0.030893427,0.00712706,2.393117865,7,1,131.1258209,159.6314342,205.0414386,89.40953034,197.5294458,0.503740026,0.307029732,0.056685255,0.886670074,0.094009688
SDMT,92549,2,2.5,2.25,146,3.003601081,0.029802998,0,2.329877688,7,1,136.248615,165.8678791,199.0456331,96.74302813,209.7122115,0.069125353,-0.127584941,-0.309927489,0.411548353,-0.362129548
SDMT,92549,2.5,3.5,3,512,6.182389291,0.037663954,0.002531887,1.955734986,7,1,160.0246929,194.8126696,201.1786657,118.4738366,233.6057797,1.162996491,0.966286197,0.934131228,1.463632477,0.784689633
SDMT,92549,3.5,4,3.75,228,4.330147253,0.00696461,0,1.887045922,7,1,138.4262642,168.5189304,156.1746922,104.213966,198.1504211,0.499007834,0.302297539,0.378370426,0.782899478,0.140319184
SDMT,92549,4,4.5,4.25,177,8.04408706,0.016386123,0.048209754,1.64809239,7,1,158.7622671,193.2758034,176.2401061,126.6573908,229.6472561,0.108741825,-0.087968469,0.004302428,0.334664002,-0.26039473
SDMT,92549,4.5,5,4.75,249,6.22613214,0.009797444,0.075680399,1.751104256,7,1,153.8224177,187.2620737,167.3786158,120.6459505,220.513116,0.481654091,0.284943797,0.39719449,0.724592669,0.12149572
SDMT,92549,5,5.5,5.25,218,7.405393364,0.017588406,0.071363761,1.719717544,7,1,164.0248082,199.6823751,178.106245,133.5196705,244.3614373,0.284477377,0.087767083,0.202114809,0.490246251,-0.114153367
SDMT,92549,5.5,6,5.75,224,7.677242275,0.021120173,0.060248788,1.718352183,7,1,168.1212348,204.6693293,181.1013085,139.7612998,256.1429042,0.286960697,0.090250403,0.212589462,0.471710086,-0.134089456
SDMT,92549,6,6.5,6.25,221,8.792344584,0.034523241,0.056724311,1.732346471,7,1,180.5294269,219.7749545,195.8790733,151.9338856,279.1444581,0.202268907,0.005558613,0.120665206,0.374717238,-0.233566717
SDMT,92549,6.5,7,6.75,254,7.796423756,0.016556808,0.053572231,1.671089392,7,1,168.2005708,204.7659123,175.8253997,143.530667,258.473191,0.412177126,0.215466832,0.367842812,0.570785547,-0.017457712
SDMT,92549,7,7.5,7.25,262,7.790197349,0.031539831,0.050476391,1.778792751,7,1,179.5858376,218.6262371,190.1960117,154.4387215,286.1888434,0.377691206,0.180980912,0.320289323,0.528547111,-0.088307381
SDMT,92549,7.5,8,7.75,264,5.284598285,0.026387045,0.047430527,1.994593264,7,1,172.4864001,209.9834436,182.801848,146.5925644,283.5731725,0.42563071,0.228920416,0.367546335,0.588292035,-0.071521091
SDMT,92549,8,8.5,8.25,253,13.27302631,0.132665807,0.043062177,1.81535892,7,1,229.3941541,279.2624484,254.4223777,194.7467587,357.8281133,0.097947768,-0.098762526,-0.005606302,0.261689448,-0.346663252
SDMT,92549,8.5,9,8.75,281,9.287237659,0.08972816,0.04016352,1.925459288,7,1,211.7629145,257.7983306,228.0016397,182.0322802,344.283305,0.282887348,0.086177054,0.209001849,0.434170634,-0.20311021
SDMT,92549,9,9.5,9.25,251,12.39557484,0.123250775,0.034589109,1.83781604,7,1,229.015441,278.8014064,247.7541904,197.8593094,364.647369,0.09166351,-0.105046784,0.013015852,0.23789672,-0.373477835
SDMT,92549,9.5,10,9.75,302,13.42302985,0.130397888,0.029323665,1.805364981,7,1,234.0363854,284.9138605,251.6910024,204.0449409,372.4750325,0.254950421,0.058240127,0.182224863,0.392086749,-0.209742991
SDMT,92549,10,10.5,10.25,250,11.32594526,0.139025475,0.024211303,1.921641058,7,1,233.1093809,283.7853333,249.9579729,202.9787905,379.895751,0.069953129,-0.126757166,0.000168123,0.208359425,-0.418435958
SDMT,92549,10.5,11,10.75,269,2.326506946,0.028526831,0.00870601,2.478624707,7,1,158.2634256,192.6685182,155.847335,143.5919122,309.3091577,0.530450484,0.33374019,0.545834473,0.627736046,-0.139629907
SDMT,92549,11,11.5,11.25,289,3.168924078,0.027596079,0.047847671,2.290647214,7,1,167.0725891,203.3927171,161.4405839,151.6177121,312.2548704,0.547998305,0.351288011,0.582289515,0.645064387,-0.077393059
SDMT,92549,11.5,12,11.75,234,8.575320958,0.109703577,0.011750483,2.019054868,7,1,222.1228342,270.4104068,228.9423296,198.6120686,380.5448187,0.052090579,-0.144619715,0.021850979,0.163967597,-0.486282844
SDMT,92549,12,12.5,12.25,286,3.219063103,0.044305003,0.094409773,2.388658883,7,1,175.632649,213.8136596,169.3086341,161.8377806,339.349043,0.487597219,0.290886925,0.524268524,0.569397332,-0.171037392
SDMT,92549,12.5,13,12.75,263,1.215347346,0.009846251,0.570190294,2.640972483,7,1,127.4002776,155.0959902,107.1466824,125.5394656,279.8973611,0.72482011,0.528109815,0.897955273,0.739533856,-0.062268936
SDMT,92549,13,13.5,13.25,308,1.541956352,0.020317461,0.743014608,2.647212891,7,1,140.7546348,171.3534685,122.9092335,139.451191,311.0918432,0.783081587,0.586371293,0.918653639,0.792385128,-0.009988401
SDMT,92549,13.5,14,13.75,350,1.383682942,0.009477461,0.967906827,2.55909017,7,1,128.8988681,156.9203612,104.9245761,130.2069112,284.1567162,0.998905026,0.802194731,1.204691385,0.988808345,0.208407251
SDMT,92549,14,14.5,14.25,349,1.667947332,0.00483098,0.825879331,2.352416312,7,1,131.1589645,159.6717829,105.4790625,127.7442465,263.049823,0.978661865,0.781951571,1.196559449,1.005041731,0.282728467
SDMT,92549,14.5,15,14.75,201,5.272620098,0.032072776,0.215156433,1.988829652,7,1,183.8240794,223.7858358,169.6660664,178.1219248,342.2942714,0.089325698,-0.107384596,0.169472718,0.120836621,-0.532365902
SDMT,92549,15,15.5,15.25,397,11.87032962,0.070931089,0.06528371,1.706077793,7,1,223.8755514,272.5441496,219.5324778,215.82588,385.0187665,0.572845957,0.376135663,0.592436096,0.609464309,0.030644203
SDMT,92549,15.5,16,15.75,296,13.19636927,0.101613454,0.067951697,1.738456321,7,1,238.4236922,290.2549297,235.2034323,227.8133388,407.063489,0.216310144,0.01959985,0.229908645,0.26183285,-0.318609712
SDMT,92549,16,16.5,16.25,293,4.987758577,0.054481232,0.058942103,2.172199646,7,1,199.7922476,243.2253449,181.6041972,189.6868299,375.6452734,0.382894544,0.18618425,0.478343031,0.43479816,-0.248472667
SDMT,92549,16.5,17,16.75,308,10.54211287,0.053552605,0.054962123,1.7161296,7,1,217.2760481,264.5099717,205.8867324,212.7550306,379.7891661,0.348931127,0.152220832,0.402773608,0.36995837,-0.20951649
SDMT,92549,17,17.5,17.25,260,6.393725038,0.055233774,0.054292504,2.010273965,7,1,206.8256646,251.7877656,188.2680589,200.111724,382.7478407,0.228805393,0.032095098,0.322814839,0.2618058,-0.386694762
SDMT,92549,17.5,18,17.75,261,3.686622059,0.054950209,0.05529562,2.35807557,7,1,193.2390896,235.2475874,168.448242,186.252863,383.7005126,0.300592179,0.103881884,0.437891874,0.337415178,-0.385341926
SDMT,92549,18,18.5,18.25,276,2.078504211,0.036472824,0.052375434,2.604899899,7,1,169.4605852,206.2998429,138.7749987,167.0493234,364.8070376,0.487780502,0.291070207,0.687546959,0.502111747,-0.278967684
SDMT,92549,18.5,19,18.75,285,2.86325546,0.044752853,0.046961592,2.45694318,7,1,182.8216324,222.5654656,152.547008,179.2728734,378.1057536,0.443978189,0.247267895,0.625016383,0.463580103,-0.282684748
SDMT,92549,19,19.5,19.25,354,6.155084383,0.070414911,0.043479314,2.102987408,7,1,215.1755941,261.9528972,190.1309291,209.3591954,406.0265017,0.497842502,0.301132207,0.621583978,0.525245498,-0.137121519
SDMT,92549,19.5,20,19.75,373,8.873116735,0.120945344,0.040886398,2.032756341,7,1,241.748204,294.3021614,220.5790986,232.4663676,439.6303394,0.433681715,0.23697142,0.525322065,0.472832861,-0.164355816
SDMT,92549,20,20.5,20.25,334,13.72432687,0.09971157,0.037332873,1.717735927,7,1,247.0403152,300.7447316,232.023355,245.2988494,432.8494365,0.30158945,0.104879156,0.364302958,0.308663732,-0.259248953
SDMT,92549,20.5,21,20.75,536,9.980950703,0.122121154,0.033925418,1.958687089,7,1,246.3003729,299.8439323,224.1899655,239.90005,446.1073411,0.777582342,0.580872047,0.871640408,0.803911783,0.183574563
SDMT,92549,21,21.5,21.25,285,8.081935106,0.135536232,0.031097575,2.12777968,7,1,245.0407191,298.3104406,217.4672074,236.2999537,454.215397,0.151064783,-0.045645511,0.270441112,0.187387192,-0.466082348
SDMT,92549,21.5,22,21.75,404,3.487891854,0.048707877,0.040582801,2.368503686,7,1,194.2474142,236.475113,155.0887758,193.5658104,397.5002396,0.732282201,0.535571906,0.957417178,0.735797318,0.016219341
SDMT,92549,22,22.5,22.25,335,3.2807,0.0245,0.0346,2.201277046,7,1,179.0098686,217.9250574,138.8963072,180.4046938,358.5116048,0.626689596,0.429979302,0.880402868,0.618927906,-0.067830498
SDMT,92544,0,1,0.5,230,4.611069205,0.042386468,0,2.16164452,7,1,121.6496767,148.0952586,251.7424581,65.53391672,142.2310307,0.636933897,0.440223603,-0.090327264,1.255511488,0.480626597
SDMT,92544,1,1.5,1.25,140,7.870211812,0.059366888,0.002217916,1.924620505,7,1,155.5930271,189.4175983,224.4768424,99.80944227,198.8514648,-0.105601375,-0.30231167,-0.472130127,0.338379632,-0.350915715
SDMT,92544,1.5,2,1.75,564,8.937320541,0.037261867,0,1.732036446,7,1,154.9987799,188.6941668,199.6289864,107.4876805,204.1626457,1.291637006,1.094926712,1.038593676,1.65767801,1.016137292
SDMT,92544,2,3,2.5,132,10.70652748,0.031976374,0,1.600603525,7,1,161.8391239,197.0215421,194.27769,120.1713583,219.1515819,-0.203800857,-0.400511151,-0.386486605,0.093883213,-0.506961723
SDMT,92544,3,3.5,3.25,401,10.6537885,0.027434308,0.001265227,1.574729552,7,1,164.5209804,200.2864109,190.0026663,127.744232,229.9003435,0.890923325,0.694213031,0.746923322,1.14393135,0.556315501
SDMT,92544,3.5,4,3.75,140,9.65727433,0.032075941,0,1.661169707,7,1,169.1459582,205.9168186,194.5159601,132.7825656,243.1081647,-0.189119578,-0.385829871,-0.328871794,0.052929477,-0.551864044
SDMT,92544,4,4.5,4.25,135,5.13327794,0.089450971,0,2.267043334,7,1,177.6980195,216.3280237,232.2962641,136.6843418,285.3920059,-0.274810811,-0.471521106,-0.542738779,-0.012399414,-0.748588916
SDMT,92544,4.5,5,4.75,140,2.168992489,0.02400183,0.00707751,2.481733379,7,1,139.2333351,169.5014514,172.0708757,111.6514557,245.8287234,0.005491227,-0.191219067,-0.206264037,0.226260406,-0.562992624
SDMT,92544,5,5.5,5.25,141,4.292057784,0.032157758,0.023988067,2.152628732,7,1,162.0735935,197.3069834,187.1507014,129.7732203,263.2373114,-0.139290623,-0.336000917,-0.283154292,0.082971422,-0.62429606
SDMT,92544,5.5,6,5.75,86,7.06220985,0.016926791,0.001048245,1.723095483,7,1,162.9731525,198.4020988,174.7363185,135.5771897,248.7241753,-0.639238182,-0.835948477,-0.70893079,-0.455193848,-1.061997257
SDMT,92544,6,6.5,6.25,136,8.804332862,0.013892851,0.003352375,1.726763662,7,1,179.6846847,218.7465727,195.7104743,140.3446006,247.0955924,-0.278548677,-0.475258972,-0.363981509,-0.031445945,-0.59712039
SDMT,92544,6.5,7,6.75,138,5.888751853,0.002222827,0.042999092,1.761762693,7,1,158.1966027,192.5871686,163.5642531,117.0248712,199.2028842,-0.136584895,-0.33329519,-0.169952213,0.164867199,-0.367070139
SDMT,92544,7,7.5,7.25,140,4.309971747,0.065856243,0.067333179,2.274547884,7,1,178.0843963,216.7983956,204.8331371,150.7563992,313.5568102,-0.240615152,-0.437325447,-0.38055326,-0.074022861,-0.806338134
SDMT,92544,7.5,8,7.75,165,1.305352546,0.006083325,0.064330722,2.566280572,7,1,125.2952196,152.5333108,129.9060784,106.0527842,231.7938807,0.275272764,0.07856247,0.239133758,0.44200854,-0.339903058
SDMT,92544,8,8.5,8.25,175,1.543393209,0.007135961,0.062241657,2.468644953,7,1,130.0052982,158.2673196,131.5438553,111.7851343,240.2633778,0.297210769,0.100500474,0.285445678,0.448207389,-0.316949755
SDMT,92544,8.5,9,8.75,213,0.974169575,0.0001,0.058149979,2.597701391,7,1,115.0343381,140.0418029,110.3633351,75.32215751,140.7373953,0.61606149,0.419351196,0.657514197,1.039517818,0.414396457
SDMT,92544,9,9.5,9.25,187,1.124243307,0.00226646,0.05668863,2.510822653,7,1,118.3385374,144.0643064,112.3706416,100.4028285,212.8781458,0.457559139,0.260848845,0.509305909,0.621918238,-0.1296113
SDMT,92544,9.5,10,9.75,221,1.596822804,0.000330193,0.053633313,2.336095378,7,1,128.1341448,155.9893937,120.7729764,91.6377053,168.89606,0.54508498,0.348374686,0.604250146,0.880319885,0.268879205
SDMT,92544,11,11.5,11.25,186,1.199133191,0.000584739,0.043909151,2.434523688,7,1,121.0180714,147.3263478,108.7399502,96.02887334,188.372526,0.429806789,0.233096495,0.53678742,0.661097764,-0.01267485
SDMT,92544,11.5,12,11.75,212,2.142220913,0.024165364,0.041284959,2.495726928,7,1,156.0973991,190.0316163,155.7024783,143.4593153,309.4101717,0.306106109,0.109395815,0.308639279,0.390534797,-0.378081538
SDMT,92544,12,12.5,12.25,202,1.778834876,0.015524936,0.038335484,2.511139848,7,1,146.6477994,178.5277558,140.6022662,136.2028808,294.8054103,0.320233908,0.123523614,0.3623326,0.394122153,-0.378047815
SDMT,92544,12.5,13,12.75,230,1.706709143,0.011876099,0.035459322,2.494558674,7,1,144.0950228,175.4200278,134.9269533,133.8969934,287.522858,0.467606346,0.270896052,0.533345764,0.541008511,-0.223223054
SDMT,92544,13,13.5,13.25,214,2.144336776,0.012826571,0.033721592,2.371934929,7,1,151.2588418,184.1411988,139.6863039,140.7121478,293.6685486,0.346983462,0.150273167,0.426576793,0.419259716,-0.316475731
SDMT,92544,13.5,14,13.75,234,2.031391068,0.005538433,0.032212544,2.239998924,7,1,141.3251472,172.0480053,122.8590485,131.75745,266.0176452,0.504257871,0.307547577,0.644283364,0.574358383,-0.128241527
SDMT,92544,14,14.5,14.25,246,6.830939057,0.021712678,0.041694848,1.810764084,7,1,188.437807,229.4025477,178.3869564,177.2901313,323.1596906,0.26656352,0.069853225,0.321376433,0.327543985,-0.272815063
SDMT,92544,14.5,15,14.75,304,3.797216662,0.016262499,0.052006373,2.074659628,7,1,170.001301,206.9581055,154.4919223,160.5860409,312.6088534,0.581221611,0.384511318,0.676885889,0.638197822,-0.027925038
SDMT,173187,0,1.5,0.75,204,6.500704475,0.023345909,0,1.822598996,6,1,125.5630213,152.8593303,207.3829489,73.57543698,146.6189407,0.4853122,0.288601905,-0.016447085,1.01980876,0.330283013
SDMT,173187,1.5,2,1.75,248,9.470284752,0.055949582,0.00039582,1.792738084,6,1,163.6487529,199.2245687,216.3783686,112.1071439,215.3335142,0.415706366,0.218996072,0.136400164,0.79397369,0.141240691
SDMT,173187,2,2.5,2.25,206,8.592029637,0.049250128,0.001462077,1.819047425,6,1,164.6646762,200.461345,210.350645,117.3424679,225.6111916,0.223965028,0.027254734,-0.020899708,0.562779433,-0.090936958
SDMT,173187,2.5,3,2.75,222,7.774547334,0.043466399,0.000971485,1.849757986,6,1,164.7853578,200.6082617,204.7181951,121.0625553,233.4051432,0.298033617,0.101323322,0.081043006,0.606369984,-0.050098374
SDMT,173187,3,3.5,3.25,174,4.472596032,0.025796958,0.002576444,2.0666886,6,1,149.6192866,182.1452184,184.545247,112.1613138,226.6083523,0.150961321,-0.045748973,-0.058839375,0.439117162,-0.264167908
SDMT,173187,3.5,4,3.75,178,3.69312476,0.018552881,0.006832665,2.114069178,6,1,144.1433088,175.4788107,172.652386,110.4821159,224.8021654,0.210975546,0.014265251,0.030503307,0.476929889,-0.2334372
SDMT,173187,4,4.5,4.25,192,5.553016642,0.020279853,0.010330256,1.893000176,6,1,155.5121943,189.3191931,177.0189959,122.2190514,235.4543744,0.210771224,0.014060929,0.081238324,0.451680434,-0.204021783
SDMT,173187,4.5,5,4.75,170,9.302138764,0.033737226,0.015478356,1.691628086,6,1,174.4702471,212.3985617,195.3513989,141.6419679,259.7372756,-0.025955786,-0.222666081,-0.139001545,0.182495916,-0.423872205
SDMT,173187,5,5.5,5.25,207,10.32692119,0.048042085,0.020845052,1.703662346,6,1,185.2839806,225.5631068,207.7555384,152.2519768,279.1468918,0.110829115,-0.085881179,-0.003643299,0.307181903,-0.299019344
SDMT,173187,5.5,6,5.75,170,12.54949286,0.04955103,0.027085295,1.595129632,6,1,190.5911086,232.0239583,211.4633602,161.0122902,287.2154657,-0.114331904,-0.311042198,-0.218253309,0.054317738,-0.524434249
SDMT,173187,6,6.5,6.25,170,20.28691192,0.100081758,0.034638574,1.479934137,6,1,217.4282811,264.6952988,247.2782205,187.2013011,322.5578907,-0.246070617,-0.442780912,-0.374715664,-0.096386077,-0.640484189
SDMT,173187,6.5,7,6.75,190,12.95935603,0.078406172,0.038818438,1.685300706,6,1,207.0174217,252.0212091,229.283612,175.7032463,317.5756307,-0.08577888,-0.282489175,-0.187935645,0.078227601,-0.513691925
SDMT,173187,7,7.5,7.25,164,8.492079021,0.035961275,0.036274599,1.756620108,6,1,183.5344577,223.4332529,194.7253046,158.0811999,291.2975204,-0.112536002,-0.309246297,-0.171723443,0.036757603,-0.574478724
SDMT,173187,7.5,8,7.75,170,10.68921024,0.038686581,0.03818964,1.637991438,6,1,190.1585665,231.4973853,200.863659,167.4782687,299.5926112,-0.112059848,-0.308770142,-0.166827927,0.014944833,-0.566625152
SDMT,173187,8,8.5,8.25,155,7.673864169,0.021640278,0.039280302,1.725122018,6,1,176.2385414,214.5512678,180.1893827,154.8254723,281.5393364,-0.128413309,-0.325123604,-0.150583307,0.00112662,-0.596847059
SDMT,173187,8.5,9,8.75,187,11.37221064,0.048361409,0.043862426,1.649316361,6,1,199.0665152,242.3418446,208.5948121,178.0470307,318.1786095,-0.062530399,-0.259240694,-0.109285055,0.049060884,-0.531504273
SDMT,173187,9,9.5,9.25,149,10.7978024,0.036018382,0.047994936,1.615289681,6,1,192.673009,234.5584458,198.7248983,175.1387918,310.4381479,-0.257048192,-0.453758487,-0.287975142,-0.16163245,-0.734038374
SDMT,173187,9.5,10,9.75,190,10.28242288,0.02927115,0.052488622,1.606132193,6,1,189.2304791,230.3675398,192.3982363,173.4619178,306.1206161,0.004058334,-0.19265196,-0.012543299,0.091065991,-0.476955122
SDMT,173187,10,10.5,10.25,202,7.688065526,0.020528749,0.054949478,1.711644799,6,1,179.8615284,218.9618607,177.4341639,163.7837649,295.4093147,0.116080429,-0.080629865,0.129668065,0.209720646,-0.380094205
SDMT,173187,10.5,11,10.75,220,12.48770784,0.035493535,0.060486341,1.535335605,6,1,198.4879304,241.6374805,203.0714609,186.2491975,322.203002,0.102899252,-0.093811042,0.080069605,0.166541998,-0.381554242
SDMT,173187,11,11.5,11.25,252,12.46024076,0.084830357,0.068401021,1.731267713,6,1,222.5148385,270.8876295,229.2113261,202.7000546,365.015139,0.124435298,-0.072274996,0.094784688,0.217701765,-0.370509742
SDMT,173187,11.5,12,11.75,251,9.786365066,0.049769365,0.072029099,1.745232672,6,1,204.8234278,249.3502599,204.6506734,189.5730474,343.721524,0.203304659,0.006594365,0.204148446,0.280678514,-0.314378867
SDMT,173187,12,12.5,12.25,216,15.57005277,0.09480831,0.07842938,1.621584834,6,1,231.342697,281.6345876,239.6187869,216.3113517,379.0212412,-0.06862174,-0.265332034,-0.103770865,-0.001440405,-0.562313841
SDMT,173187,12.5,13,12.75,270,14.21050369,0.072733975,0.081704673,1.588231685,6,1,220.0227134,267.8537381,226.620304,211.1747026,369.6595785,0.204691175,0.007980881,0.175146012,0.245736194,-0.314160565
SDMT,173187,13,13.5,13.25,196,26.86120019,0.076938575,0.089264962,1.248908026,6,1,228.38427,278.0330244,251.5263346,235.0340085,377.7879741,-0.152914946,-0.34962524,-0.249433035,-0.181615561,-0.656218464
SDMT,173187,13.5,14,13.75,260,17.49439216,0.071741042,0.090564844,1.479080409,6,1,225.9558721,275.0767139,233.0082106,221.9552817,376.6964637,0.140341907,-0.056368387,0.109607939,0.158205703,-0.370758096
SDMT,173187,14,14.5,14.25,230,2.190756422,0.034583776,0.062755296,2.548639417,6,1,163.7473244,199.3445688,145.2253232,156.4386756,340.4419721,0.339754774,0.14304448,0.45979282,0.385415225,-0.392165382
SDMT,173187,14.5,15,14.75,172,1.299556599,0.007256116,0.045608845,2.584452552,6,1,135.4449372,164.8894887,107.0984961,128.6948564,279.2495702,0.238929287,0.042218993,0.473745541,0.290050329,-0.484611422
SDMT,173187,15,15.5,15.25,184,1.773294474,0.019088149,0.054474279,2.556722116,6,1,152.3284163,185.4432894,127.421284,147.1937198,320.0828359,0.188896934,-0.00781336,0.367436964,0.223186217,-0.553644067
SDMT,173187,15.5,16,15.75,160,3.30904561,0.001526509,0.046155442,1.969008854,6,1,154.4204591,187.9901242,128.7698203,131.7470773,233.4499748,0.035494679,-0.161215615,0.217147343,0.194289812,-0.377793998
SDMT,173187,16,16.5,16.25,158,1.563162139,0.008202366,0.13411583,2.473705273,6,1,140.6130631,171.1811203,108.6358588,137.1588497,291.1716255,0.116583148,-0.080127146,0.374593488,0.141455292,-0.611317839
SDMT,173187,16.5,17,16.75,154,2.223494471,0.01007904,0.063224011,2.28593241,6,1,152.0731635,185.1325469,121.5270015,148.0288775,302.1648799,0.012590859,-0.184119436,0.23681613,0.039545229,-0.674020226
SDMT,173187,17,17.5,17.25,287,3.8581,0.0106,0.0684,2.011236157,6,1,165.4254568,201.3875126,138.2934496,159.204612,302.8683854,0.550961534,0.35425124,0.730104342,0.589291973,-0.053816124
SDMT,92524,0,1,0.5,95,4.078013815,0.073613209,0.001707914,2.399592031,7,2,127.4630778,155.1724425,300.6625425,67.4032391,152.6737076,-0.293949845,-0.490660139,-1.152111623,0.343183817,-0.474426122
SDMT,92524,1,1.5,1.25,123,5.350499401,0.044349172,0,2.085281645,7,2,143.7260005,174.9707833,214.6246757,92.15643972,190.9074923,-0.155724357,-0.352434652,-0.556706453,0.288696791,-0.439604622
SDMT,92524,1.5,2,1.75,159,3.653651162,0.023102117,0.000403805,2.15558489,7,2,132.9028398,161.7947615,187.8040866,90.82087263,190.5951583,0.179285869,-0.017424425,-0.166495125,0.560015068,-0.181247386
SDMT,92524,2,2.5,2.25,156,4.010962648,0.017848393,0.000939038,2.059390052,7,2,136.4810517,166.1508456,177.2350131,96.65540483,196.6107674,0.133670218,-0.063040077,-0.127620602,0.478703881,-0.231369967
SDMT,92524,2.5,3,2.75,152,2.257366759,0.006125995,0.009530219,2.236886553,7,2,120.1867435,146.3142965,152.8101561,86.10735147,179.2705971,0.234833792,0.038123497,-0.00531582,0.56828573,-0.165015859
SDMT,92524,3,3.5,3.25,183,3.274543392,0.023093807,0.017975006,2.229338656,7,2,141.808936,172.6369655,181.41131,106.2561674,222.8560365,0.255005522,0.058295229,0.008719269,0.543633301,-0.197039834
SDMT,92524,3.5,4,3.75,223,2.944382772,0.031109746,0,2.340814131,7,2,144.7617235,176.2316634,188.7113013,111.6232564,240.0244019,0.432082667,0.235372373,0.166953431,0.692042353,-0.073568821
SDMT,92524,4,4.5,4.25,196,7.231718391,0.038903074,0.001127417,1.868656437,7,2,170.6113437,207.7007662,198.7525882,134.0108001,256.7645849,0.138726533,-0.057983761,-0.013946117,0.380194265,-0.270044994
SDMT,92524,4.5,5,4.75,231,8.735118139,0.081118046,0.003621562,1.93316886,7,2,192.2373763,234.0281103,228.9026645,150.967132,290.9800481,0.183686767,-0.013023527,0.009120843,0.425355566,-0.230836991
SDMT,92524,5,5.5,5.25,190,6.998354605,0.085931275,0.012814713,2.058186571,7,2,188.7851505,229.8254006,228.4958312,151.0742659,300.2003575,0.006414474,-0.190295821,-0.184493894,0.229252529,-0.457426038
SDMT,92524,5.5,6,5.75,246,14.0093452,0.08074484,0.003397331,1.647763667,7,2,205.0717492,249.6525643,232.1073483,170.3500164,306.2876962,0.181971622,-0.014738673,0.058131563,0.367476296,-0.219193308
SDMT,92524,6,6.5,6.25,215,10.24354326,0.089380872,0.004781288,1.852092892,7,2,203.6986931,247.9810177,232.166982,168.0731883,316.2476159,0.053996121,-0.142714174,-0.076818835,0.246238499,-0.385887473
SDMT,92524,6.5,7,6.75,186,8.910426412,0.109091604,0.002847331,2.00092921,7,2,208.857324,254.26109,238.3636832,171.1034493,330.5907068,-0.115904685,-0.312614979,-0.248050914,0.083478333,-0.575134401
SDMT,92524,7,7.5,7.25,208,7.13707277,0.070059401,0.020793614,2.018867706,7,2,194.6583816,236.9754211,214.3883802,162.9478006,317.2708754,0.066291947,-0.130418348,-0.030251151,0.244108172,-0.422217826
SDMT,92524,7.5,8,7.75,190,5.922129925,0.050714033,0.030177699,2.048124786,7,2,184.7672319,224.9340214,198.2452939,157.3204727,308.9705247,0.027927245,-0.168783049,-0.04248105,0.18873912,-0.486221811
SDMT,92524,8,8.5,8.25,206,7.172759487,0.055489158,0.037395075,1.955749685,7,2,192.5664723,234.4287488,203.952737,165.7912726,318.0423447,0.067434764,-0.12927553,0.009987883,0.217146566,-0.434308365
SDMT,92524,8.5,9,8.75,202,1.256703851,0.014599628,0.03453703,2.664479189,7,2,129.6030113,157.777579,126.1002045,117.38418,267.8993257,0.443791678,0.247081384,0.471190833,0.542815552,-0.282343562
SDMT,92524,9,9.5,9.25,164,6.552257327,0.040653095,0.023638473,1.919795437,7,2,185.2906504,225.5712266,191.6145993,164.6287241,314.1982182,-0.122059248,-0.318769542,-0.155619632,-0.003826354,-0.650157627
SDMT,92524,9.5,10,9.75,172,9.650063953,0.075379289,0.015972194,1.856641908,7,2,210.7403274,256.553442,219.8821716,185.9225904,346.014412,-0.203132223,-0.399842517,-0.245597342,-0.07783593,-0.698985951
SDMT,92524,10,10.5,10.25,169,1.023508155,0.016298179,0.040214811,2.854780125,7,2,128.7479707,156.73666,121.5063809,120.1843162,282.4325663,0.272041937,0.075331643,0.329931936,0.340872182,-0.513541104
SDMT,92524,10.5,11,10.75,178,2.042976205,0.027222592,0.007224544,2.536930947,7,2,153.4145184,186.7655006,148.2446558,140.3833404,307.137601,0.148640022,-0.048070272,0.182919562,0.237406724,-0.545512309
SDMT,92524,11,11.5,11.25,166,1.448272256,0.018313523,0.024994557,2.653526363,7,2,140.1856366,170.660775,130.5345164,130.9184332,294.3357068,0.169020268,-0.027690026,0.240350103,0.237413306,-0.572733187
SDMT,92524,11.5,12,11.75,198,2.939450468,0.031545415,0.021686168,2.334537109,7,2,165.930396,202.0022212,157.2607824,153.5045621,321.0686771,0.176698631,-0.020011663,0.230361569,0.254536744,-0.483388017
SDMT,92524,12,12.5,12.25,190,3.216672146,0.039482984,0.005520331,2.326481307,7,2,172.2048599,209.640699,163.2002374,160.2802067,334.3017705,0.098339258,-0.098371036,0.152046175,0.170100497,-0.565020017
SDMT,92524,12.5,13,12.75,180,2.420039691,0.032823476,0.039855471,2.478895797,7,2,163.7192433,199.3103831,152.1676885,153.198914,328.9963515,0.094803821,-0.101906473,0.167973724,0.161219682,-0.60308981
SDMT,92524,13,13.5,13.25,177,1.746890825,0.025668612,0.169342754,2.61978377,7,2,151.221448,184.0956758,135.8462368,144.7615926,320.9881059,0.157404427,-0.039305867,0.264626098,0.201061532,-0.595254337
SDMT,92524,13.5,14,13.75,201,4.112136505,0.037984622,0.022404607,2.194503134,7,2,182.5864129,222.2791114,169.3867516,170.9198498,343.1131855,0.096081352,-0.100628943,0.171120337,0.162110176,-0.534755472
SDMT,92524,14,14.5,14.25,284,4.132064431,0.04765307,0.01272448,2.240872383,7,2,187.4872179,228.2453087,174.2042476,176.0280081,356.5995077,0.415263566,0.218553272,0.488745791,0.478331119,-0.227639087
SDMT,92524,14.5,15,14.75,211,7.331133046,0.087412911,0.011549196,2.056387259,7,2,218.4633913,265.9554329,209.5935842,202.9885984,390.900275,-0.034760321,-0.231470616,0.006687791,0.038708322,-0.616594343
SDMT,92524,15,15.5,15.25,284,9.832417131,0.119479924,0.042210725,1.950069956,7,2,234.4421592,285.407846,229.6217538,219.3410925,411.449122,0.191765337,-0.004944958,0.212540832,0.25834622,-0.370711134
SDMT,92524,15.5,16,15.75,542,20.21121668,0.124074221,0.006375333,1.540038735,7,2,252.5088496,307.4020777,258.8042782,246.284817,419.0898246,0.763819705,0.567109411,0.739193908,0.788777343,0.257180726
SDMT,92524,16,16.5,16.25,392,15.17601636,0.090763688,0.006989874,1.629584926,7,2,238.3353592,290.1473938,235.3085239,232.2863723,404.7347315,0.497583086,0.300872791,0.510364319,0.523290866,-0.031970029
SDMT,92524,16.5,17,16.75,440,15.59908027,0.087687058,0.004295925,1.603574839,7,2,238.3256281,290.1355473,234.8541518,234.5089199,406.1084042,0.613136803,0.416426509,0.627810036,0.629281102,0.080154598
SDMT,92524,17,17.5,17.25,481,13.66384711,0.072697921,0.00244263,1.634072245,7,2,230.9388917,281.1429987,223.0987296,228.3861738,398.9005689,0.733714133,0.537003838,0.768252863,0.744829329,0.187155085
SDMT,92524,17.5,18,17.75,508,20.38972194,0.143131475,0.001811971,1.575828245,7,2,262.6214456,319.7130642,264.3266665,257.971795,440.0869852,0.659767823,0.463057528,0.653295736,0.67763119,0.143509047
SDMT,92524,18,18.5,18.25,554,15.5126837,0.119295344,0,1.691500954,7,2,252.3406838,307.1973541,244.5962597,246.1862536,431.9445192,0.786384592,0.589674298,0.817555755,0.811076309,0.248867535
SDMT,92524,18.5,19,18.75,503,14.38599612,0.10052344,0.000994779,1.688004181,7,2,245.2975433,298.6230962,234.5115022,241.9023822,425.0982689,0.718118234,0.52140794,0.763085534,0.732055905,0.168269807
SDMT,92524,19,19.5,19.25,301,13.06424413,0.047228497,0,1.566918362,7,2,221.3726203,269.497103,208.710636,225.7154348,387.6351996,0.307262918,0.110552624,0.366161489,0.287835197,-0.252954425
SDMT,92524,19.5,20,19.75,430,11.76193951,0.031826035,0.026591409,1.543751687,7,2,210.2034858,255.8998957,195.2273897,216.7016288,370.3553101,0.715709167,0.518998873,0.789620228,0.685263784,0.149322366
SDMT,92524,20,20.5,20.25,284,18.6836,0.0545,0.0273,1.397922701,7,2,226.9678577,276.3086963,223.9003093,240.776757,397.7008616,0.224165827,0.027455533,0.237773333,0.165104053,-0.336725881
SDMT,139896,0,1,0.5,208,1.263215684,0.020199464,0,2.686247582,7,2,88.89656267,108.2219024,243.5921267,51.14165719,127.9345359,0.850064603,0.653354309,-0.157957135,1.402938705,0.486019385
SDMT,139896,1,1.5,1.25,392,1.919545947,0.023838977,0.003816217,2.519056929,7,2,113.9676439,138.7432187,199.9673395,75.51632843,174.7755982,1.235347257,1.038636963,0.673107789,1.646912936,0.807758985
SDMT,139896,1.5,2,1.75,147,1.705653475,0.015197298,0.001659292,2.47587442,7,2,111.6932755,135.9744223,176.7073781,78.60474398,179.4810379,0.274676084,0.07796579,-0.184062547,0.626000533,-0.199636977
SDMT,139896,2,2.5,2.25,161,3.789472102,0.020840296,0.004992567,2.108269839,7,2,136.3988204,166.0507378,183.3495976,97.10910979,200.5276939,0.165821268,-0.030889026,-0.129990335,0.505569175,-0.219547996
SDMT,139896,2.5,3,2.75,127,6.473383684,0.020711913,0.002285806,1.805346452,7,2,149.9286856,182.5218781,181.4573017,110.8753637,211.6754287,-0.165972665,-0.362682959,-0.356833287,0.135780366,-0.510867018
SDMT,139896,3,3.5,3.25,110,5.901636351,0.042180376,0.039725243,1.939866472,7,2,157.4239601,191.6465601,203.8714979,121.592422,242.0624484,-0.358462183,-0.555172477,-0.617009517,-0.100194283,-0.788715378
SDMT,139896,3.5,4,3.75,191,7.853279387,0.01541053,0.010304621,1.660169804,7,2,155.8111835,189.6831799,175.0706818,121.2789192,220.6723716,0.203628516,0.006918222,0.08708364,0.454180418,-0.144405692
SDMT,139896,4,4.5,4.25,178,2.939382569,0.029132413,0.021955553,2.305933761,7,2,144.5559048,175.9811015,183.5144749,114.9244632,245.6477887,0.208117233,0.011406939,-0.030509996,0.437508479,-0.322115206
SDMT,139896,4.5,5,4.75,53,4.820340031,0.059713053,0.014791289,2.185193681,7,2,169.7275916,206.6248941,212.0575225,135.1014107,278.3917304,-1.163902836,-1.36061313,-1.386565657,-0.935733773,-1.65873731
SDMT,139896,5,5.5,5.25,147,11.26631437,0.053567225,0.01306298,1.678328544,7,2,189.2331796,230.3708273,213.5019983,155.5721094,283.3078751,-0.252547422,-0.449257716,-0.373213606,-0.056676763,-0.656101617
SDMT,139896,5.5,6,5.75,194,10.75664654,0.037499813,0.000487352,1.628671519,7,2,182.8006291,222.5398962,200.1467146,153.8768807,276.6809964,0.059462059,-0.137248235,-0.031192512,0.231705352,-0.355007046
SDMT,139896,6,6.5,6.25,213,12.66436663,0.03819748,0.000835911,1.535946311,7,2,186.7482176,227.3456562,202.9563595,161.4809179,283.6036147,0.131530886,-0.065179408,0.048301188,0.276905185,-0.286285375
SDMT,139896,6.5,7,6.75,183,9.390388436,0.035314534,0.002766356,1.693478427,7,2,183.1288981,222.9395281,196.3597305,156.9940788,285.6145513,-0.000704113,-0.197414407,-0.070462184,0.153278063,-0.445157026
SDMT,139896,7,7.5,7.25,257,10.17908125,0.029255155,0.003307875,1.613108479,7,2,182.4665181,222.1331525,192.561968,159.5044216,283.9663494,0.342509391,0.145799097,0.288658071,0.477004441,-0.099779658
SDMT,139896,7.5,8,7.75,243,7.939276953,0.022464997,0.002870276,1.706432045,7,2,175.5574263,213.7220842,181.3839205,153.3791302,278.5404432,0.325095239,0.128384944,0.292445551,0.460148612,-0.136501823
SDMT,139896,8,8.5,8.25,154,8.236128905,0.017920589,0.002605013,1.650154154,7,2,174.1016255,211.9498049,177.6913874,153.9805751,274.8640598,-0.122686581,-0.319396875,-0.143095664,0.000126144,-0.579324045
SDMT,139896,8.5,9,8.75,207,12.76092088,0.036437334,0.001775218,1.521083818,7,2,193.5676267,235.6475455,203.2532338,176.8214858,306.9427986,0.06709185,-0.129618444,0.018266135,0.157578124,-0.393942613
SDMT,139896,9,9.5,9.25,375,14.24404795,0.049742831,0.002345828,1.524448484,7,2,203.967995,248.3088635,215.0144568,187.215754,324.4084126,0.608962932,0.412252637,0.556220759,0.694664309,0.144922771
SDMT,139896,9.5,10,9.75,423,12.43339302,0.033717691,0.003821916,1.522959065,7,2,194.3943753,236.6540221,200.731772,180.3769362,312.2391679,0.777483221,0.580772927,0.74540263,0.852323428,0.303602721
SDMT,139896,10,10.5,10.25,315,10.64456842,0.027800158,0.004084639,1.577676943,7,2,189.9800262,231.2800319,192.3631283,176.014914,308.0270859,0.505653697,0.308943403,0.49318776,0.582003909,0.022384918
SDMT,139896,10.5,11,10.75,222,15.72585903,0.047570321,0.004029852,1.458916706,7,2,207.600505,252.7310495,216.9497916,197.2740106,335.2778352,0.067061798,-0.129648496,0.02301143,0.118083703,-0.412282165
SDMT,139896,11,11.5,11.25,232,14.51160704,0.044931167,0.004660418,1.488020091,7,2,205.9270403,250.6937882,212.4398829,196.5516952,336.4497488,0.119215439,-0.077494855,0.088078327,0.165811895,-0.371711431
SDMT,139896,11.5,12,11.75,201,13.10961861,0.038497317,0.005479597,1.516593284,7,2,202.3745891,246.369065,205.6092644,193.5543564,333.155651,-0.006815474,-0.203525768,-0.022672685,0.037746523,-0.505304893
SDMT,139896,12,12.5,12.25,408,16.00557496,0.046360096,0.005940308,1.436350111,7,2,209.46425,254.9999565,216.4187767,204.6521588,345.4307053,0.666714094,0.4700038,0.634051863,0.689955423,0.166475115
SDMT,139896,12.5,13,12.75,315,17.71070934,0.064996803,0.006223161,1.451801149,7,2,221.242849,269.3391205,229.9060109,215.9523542,364.8881063,0.353311676,0.156601382,0.314902062,0.377514838,-0.14701811
SDMT,139896,13,13.5,13.25,112,14.56840312,0.031811469,0.007948545,1.430356353,7,2,203.0175041,247.1517442,205.6022148,200.0011322,335.2887607,-0.594793331,-0.791503626,-0.607444435,-0.579824156,-1.096493261
SDMT,139896,13.5,14,13.75,289,21.3647814,0.052512516,0.008029651,1.296926933,7,2,216.9876727,264.1589059,231.01972,222.5961881,362.2582036,0.286586144,0.08987585,0.223923613,0.261067374,-0.225930539
SDMT,139896,14,14.5,14.25,125,15.65282759,0.029155858,0.008414042,1.367094585,7,2,202.254894,246.2233493,205.7270485,204.7225955,337.8497744,-0.481215016,-0.677925311,-0.498236546,-0.493342133,-0.994287605
SDMT,139896,14.5,15,14.75,346,11.8082885,0.010904435,0.068380989,1.411654471,7,2,187.1913169,227.8850815,183.1947687,182.9162194,299.2826067,0.614307596,0.417597302,0.635888878,0.637410545,0.145050475
SDMT,139896,15,15.5,15.25,448,14.61248485,0.010612106,0.065198584,1.319769985,7,2,192.2782154,234.0778275,193.511172,189.9429762,301.2279572,0.845849871,0.649139576,0.839457985,0.858069331,0.396925921
SDMT,139896,15.5,16,15.75,366,17.55462109,0.024105399,0.071750375,1.290056141,7,2,203.284952,247.4773328,208.9820324,210.6515287,338.3377748,0.588024634,0.39131434,0.560385055,0.552428088,0.078588603
SDMT,139896,16,16.5,16.25,418,21.22709501,0.048284252,0.077917565,1.357300099,7,2,230.4044519,280.4923763,239.0229596,231.3440857,373.779118,0.595645181,0.398934887,0.55892182,0.591575282,0.111816403
SDMT,139896,16.5,17,16.75,408,14.77570573,0.014867021,0.071545415,1.325832582,7,2,196.208562,238.8625972,195.6047001,200.8163173,322.3110537,0.732088989,0.535378695,0.735171388,0.708876528,0.23575009
SDMT,139896,17,17.5,17.25,333,18.31350631,0.018296224,0.067665293,1.224483155,7,2,199.3370879,242.6712375,206.5546321,212.4496746,334.1296811,0.513145189,0.316434895,0.47757755,0.449437355,-0.003386694
SDMT,139896,17.5,18,17.75,263,18.9448022,0.02686443,0.065002742,1.244310142,7,2,205.7278089,250.4512457,212.6402598,222.1627765,353.8749575,0.245600053,0.048889759,0.212552215,0.168743692,-0.296789591
SDMT,139896,18,18.5,18.25,229,14.35368777,0.022716025,0.060845844,1.380138551,7,2,203.3483941,247.5545667,198.6305486,212.1404364,347.9690074,0.118801268,-0.077909026,0.142275444,0.076473512,-0.418391413
SDMT,139896,18.5,19,18.75,253,7.380400204,0.015649684,0.057035954,1.67938182,7,2,187.6992201,228.5033984,166.823276,188.3024951,332.1508302,0.2985487,0.101838406,0.416454464,0.295339802,-0.272199685
SDMT,139896,19,19.5,19.25,227,11.69887666,0.079869633,0.052655232,1.757368416,7,2,235.3657942,286.5322713,219.7340983,232.058039,414.6976109,-0.036190858,-0.232901152,0.032531846,-0.022037491,-0.602599589
SDMT,139896,19.5,20,19.75,225,10.28501176,0.093992426,0.049622961,1.876070218,7,2,238.1922596,289.9731856,217.9975078,232.544705,425.9196621,-0.056977759,-0.253688053,0.031616772,-0.032982084,-0.63815034
SDMT,139896,20,20.5,20.25,221,12.26845869,0.10954026,0.046140075,1.811190336,7,2,248.0558614,301.9810487,229.9224011,243.2603357,437.8084467,-0.115491267,-0.312201561,-0.039579164,-0.095969509,-0.683618777
SDMT,139896,20.5,21,20.75,215,8.33252071,0.115173646,0.039714516,2.050041345,7,2,239.1141251,291.0954566,213.7505268,232.6108933,442.1323894,-0.106302921,-0.303013215,0.005828456,-0.078729044,-0.720971333
SDMT,139896,21,21.5,21.25,203,12.46576213,0.119405542,0.036664495,1.824970477,7,2,252.8457538,307.812222,232.2865521,248.8842248,448.2296045,-0.219573655,-0.416283949,-0.134765769,-0.203781849,-0.792099632
SDMT,139896,21.5,22,21.75,213,13.27074178,0.150967709,0.030059026,1.855330535,7,2,263.8484391,321.2067954,242.8404993,257.7348399,465.0491829,-0.214082678,-0.410792972,-0.131112681,-0.190639138,-0.780851004
SDMT,139896,22,22.5,22.25,222,13.42079443,0.134018216,0.023196559,1.813171114,7,2,260.2467973,316.822188,238.2978942,257.2335986,460.583948,-0.158953019,-0.355663313,-0.070844165,-0.147307234,-0.729817755
SDMT,139896,22.5,23,22.75,208,15.05832851,0.135141146,0.010866201,1.744750804,7,2,263.6716929,320.9916262,243.5438032,263.336738,464.0788517,-0.237166662,-0.433876956,-0.157758737,-0.235895506,-0.802516397
SDMT,156437,0,2,1,259,0.426474598,0.000857284,0.000880189,2.846934373,6,2,66.29309563,80.70463815,156.1564327,40.41925854,99.44111199,1.362742308,1.166032014,0.505969783,1.857521694,0.957262432
SDMT,156437,2,2.5,2.25,165,4.820785946,0.010894658,0.003911576,1.880513374,6,2,135.079722,164.4448789,168.5866352,95.26498787,184.6410304,0.200080336,0.003370043,-0.021504299,0.549283119,-0.11246809
SDMT,156437,2.5,3,2.75,245,4.730432749,0.012179709,0.008637953,1.902980102,6,2,138.9498807,169.1563765,169.4342757,101.4096902,197.0999504,0.567144913,0.370434619,0.368793113,0.88208956,0.217547248
SDMT,156437,3,3.5,3.25,234,1.915070239,0.009638827,0.022748869,2.34183338,6,2,119.5601398,145.5514746,162.8509533,91.47678997,198.1386411,0.671501609,0.474791314,0.36248573,0.939235837,0.166354122
SDMT,156437,3.5,4,3.75,185,0.953941792,0.004460962,0.03241782,2.640700081,6,2,102.966234,125.350198,142.2967591,80.77236987,184.9193972,0.585954716,0.389244421,0.262441095,0.828720875,0.000435786
SDMT,156437,4,4.5,4.25,155,2.222195007,0.009616167,0.027176104,2.293857493,6,2,129.0812224,157.1423577,160.4333566,100.6853203,212.2439272,0.18298328,-0.013727015,-0.034453516,0.431425104,-0.314311096
SDMT,156437,4.5,5,4.75,349,1.992561381,0.011001822,0.027792351,2.367887377,6,2,129.1654223,157.2448619,159.5541371,103.3807783,221.982427,0.993977996,0.797267702,0.78268864,1.216652874,0.452473701
SDMT,156437,5,5.5,5.25,298,1.336055034,0.013238083,0.034172098,2.645388,6,2,123.1261875,149.89275,159.7068446,101.9076327,232.5342541,0.883883742,0.687173448,0.623753573,1.073026645,0.248055943
SDMT,156437,5.5,6,5.75,307,2.382692188,0.012438293,0.034879038,2.28890005,6,2,137.2713277,167.1129207,159.7134642,113.0135233,237.044752,0.804888286,0.608177992,0.653466387,0.999340261,0.258598797
SDMT,156437,6,6.5,6.25,261,3.543610117,0.007510092,0.016570332,2.00034647,6,2,143.5634807,174.772933,153.8547669,117.44623,227.3986689,0.597743096,0.401032802,0.528511322,0.798539795,0.13781568
SDMT,156437,6.5,7,6.75,259,3.646730976,0.019615592,0.081615766,2.122162744,6,2,154.3681201,187.926407,171.606605,130.4778394,262.7512504,0.517487921,0.320777628,0.411623385,0.685624662,-0.014379707
SDMT,156437,7,7.5,7.25,198,7.49290954,0.024705475,0.021250823,1.762218417,6,2,175.2094819,213.2984996,184.7711932,150.4940737,277.1654249,0.122284733,-0.074425561,0.069148765,0.274343325,-0.336347499
SDMT,156437,7.5,8,7.75,168,4.675462642,0.014241973,0.059290331,1.936727651,6,2,159.6981775,194.4151727,165.2206217,136.8433976,261.4898748,0.050678336,-0.146031958,0.016682297,0.205126791,-0.442431584
SDMT,156437,8,8.5,8.25,182,4.81336326,0.014348292,0.068902163,1.919776675,6,2,161.4691352,196.5711212,164.9388047,139.9138121,265.9744741,0.119692676,-0.077017619,0.098432163,0.262980082,-0.379393655
SDMT,156437,8.5,9,8.75,314,6.925112647,0.020304304,0.043318385,1.778399316,6,2,175.266452,213.3678546,178.4719926,154.2520468,283.1903666,0.583085587,0.386375293,0.564961301,0.710805054,0.103273641
SDMT,156437,9,9.5,9.25,156,8.495930173,0.031189894,0.025212443,1.739277846,6,2,187.5077175,228.2702648,192.8261824,167.1860644,304.1432784,-0.183963997,-0.380674292,-0.211933167,-0.069251343,-0.667642894
SDMT,156437,9.5,10,9.75,246,8.647465849,0.02807145,0.008873443,1.708053769,6,2,186.9597481,227.6031716,189.5127365,168.603223,304.0698132,0.274438193,0.077727899,0.260875303,0.377783374,-0.211925788
SDMT,156437,10,10.5,10.25,111,8.934303844,0.025075029,0.058744865,1.661637057,6,2,185.7718746,226.1570647,186.3726722,170.1676052,303.5297409,-0.514989239,-0.711699533,-0.518218082,-0.427253663,-1.005949397
SDMT,156437,10.5,11,10.75,165,4.046213075,0.044326779,0.072702461,2.243699038,6,2,179.4051378,218.4062547,185.1674128,161.2971973,328.8932575,-0.083701114,-0.280411408,-0.115314876,0.022696865,-0.689787779
SDMT,156437,11,11.5,11.25,201,4.19703634,0.025967629,0.049559517,2.106653333,6,2,173.0270105,210.641578,170.2904451,157.0832707,310.4404384,0.149857196,-0.046853099,0.165799428,0.246528857,-0.43468715
SDMT,156437,11.5,12,11.75,112,4.331825816,0.03871103,0.086911003,2.175484067,6,2,181.1207669,220.4948466,180.6833224,165.1011727,330.6746765,-0.480665158,-0.677375452,-0.478247028,-0.388059583,-1.08263617
SDMT,156437,12,12.5,12.25,102,9.360760765,0.057778621,0.07270822,1.808363729,6,2,208.9549081,254.3798881,209.3731344,192.9331112,354.0527769,-0.717145665,-0.913855959,-0.719145179,-0.637370741,-1.244473176
SDMT,156437,12.5,13,12.75,202,10.32391472,0.04243907,0.092502421,1.678681237,6,2,203.9388671,248.2734035,201.7466213,192.8590799,343.8419111,-0.00955258,-0.206262875,0.001255137,0.046307931,-0.531914294
SDMT,156437,13,13.5,13.25,210,9.253918133,0.032151913,0.102060234,1.687449805,6,2,197.1481412,240.0064327,191.6228883,187.5148836,334.6274468,0.063152099,-0.133558195,0.091578214,0.113249309,-0.465910283
SDMT,156437,13.5,14,13.75,50,12.90606895,0.05883872,0.109066815,1.62755592,6,2,218.5865438,266.1053577,218.294785,208.9756629,366.2860571,-1.475159012,-1.671869307,-1.473823369,-1.430194794,-1.991391599
SDMT,156437,14,15,14.5,40,6.796821143,0.048395424,0.037981291,1.952635389,6,2,201.5319351,245.3432254,192.8165395,190.258908,360.2033169,-1.617068402,-1.813778696,-1.57285971,-1.559506364,-2.197789187
SDMT,156437,15,15.5,15.25,50,6.619468989,0.044934226,0.038076844,1.960267206,6,2,201.5707852,245.3905211,189.5840091,191.0398141,361.269458,-1.394117606,-1.5908279,-1.332809241,-1.340458852,-1.977601096
SDMT,156437,15.5,16,15.75,265,4.936078491,0.030390105,0.071735312,2.043744921,6,2,187.0832253,227.7534917,170.04268,178.8836074,345.4246628,0.348176253,0.151465959,0.443680362,0.39299447,-0.265044741
SDMT,156437,16,16.5,16.25,233,5.328825057,0.02942251,0.071947543,1.991442922,6,2,189.059142,230.1589555,170.9210784,181.9556939,346.9019694,0.208978567,0.012268272,0.309836533,0.247275236,-0.398003778
SDMT,156437,16.5,17,16.75,112,2.896171808,0.016175355,0.637817537,2.231165817,6,2,161.4644916,196.565468,136.3393998,159.9289309,321.9585225,-0.365786381,-0.562496675,-0.196648492,-0.356230663,-1.055923854
SDMT,156437,17,17.5,17.25,108,6.494950654,0.070143461,0.164643032,2.086997829,6,2,212.4999907,258.6956409,196.3225416,204.5826656,394.8707399,-0.676810717,-0.873521012,-0.5976277,-0.638840899,-1.296427243
SDMT,156437,17.5,18,17.75,244,13.99830303,0.203676483,0.168294718,1.913497904,6,2,269.9604943,328.6475583,266.5495883,251.6331943,459.4588126,-0.101107406,-0.2978177,-0.088392073,-0.030804224,-0.632881077
SDMT,156437,18,18.5,18.25,284,8.611120046,0.137831642,0.32517531,2.10089788,6,2,241.3821338,293.8565107,227.2964219,228.9073197,438.2184237,0.162592943,-0.034117351,0.222719249,0.215657034,-0.433743232
SDMT,156437,18.5,19,18.75,253,2.508351526,0.030523722,1.313069365,2.452022057,6,2,165.3862573,201.3397915,135.0086764,170.3905269,359.4050494,0.425105797,0.228395503,0.628050443,0.395296469,-0.351060535
SDMT,156437,19,19.5,19.25,194,4.665691407,0.096450337,0.113256044,2.357924075,6,2,212.4488544,258.6333879,190.1327362,206.4939325,422.1114307,-0.090843115,-0.287553409,0.020135719,-0.06241287,-0.777411174
SDMT,156437,19.5,20,19.75,215,6.445463334,0.036035728,0.038613754,1.919607598,6,2,202.2507829,246.2183445,177.1917787,200.7815108,374.7133029,0.061129601,-0.135580693,0.193405387,0.068420722,-0.55552318
SDMT,156437,20,20.5,20.25,250,12.40026479,0.033245248,0.043942459,1.519970467,6,2,212.2995316,258.4516037,200.2837183,220.6777422,374.9719103,0.163462755,-0.033247539,0.221725965,0.124757461,-0.405390199
SDMT,156437,20.5,21,20.75,272,8.667268496,0.030780152,0.011650003,1.712979752,6,2,206.1017531,250.906482,183.7220979,209.6657323,372.5445441,0.277432072,0.080721778,0.392377788,0.260287555,-0.314554546
SDMT,156437,21,21.5,21.25,325,5.42696916,0.080517081,0.017402065,2.220366826,6,2,217.5956409,264.8990411,188.4837932,213.6907831,423.2336621,0.4011867,0.204476406,0.544813157,0.419295151,-0.264099237
SDMT,156437,21.5,22,21.75,241,7.356725181,0.025556216,0.011563941,1.781810388,6,2,201.3581938,245.1317142,174.8465554,204.2930673,367.5551811,0.179711553,-0.016998742,0.32088817,0.165241366,-0.422076527
SDMT,156437,22,22.5,22.25,269,7.872402569,0.012881683,0.112191813,1.634657422,6,2,191.5387862,233.1776527,165.8904901,196.1282743,338.3448519,0.339621053,0.142910759,0.483383507,0.315942474,-0.229354268
SDMT,156437,22.5,23,22.75,282,4.887002913,0.013542444,0.154847815,1.896465825,6,2,181.9096291,221.4552006,147.171956,185.0159693,341.2662759,0.438397051,0.241686757,0.650305399,0.421464929,-0.190755969
SDMT,156437,23,23.5,23.25,260,5.829316696,0.015441435,0.162372332,1.813902625,6,2,187.8291867,228.6616186,155.0216545,193.0150169,349.5083977,0.325148663,0.128438368,0.517116817,0.297913637,-0.295845958
SDMT,156437,23.5,24,23.75,598,6.100417432,0.014538607,0.188282428,1.788221125,6,2,189.2470387,230.3876993,155.8686971,194.4604329,348.7709034,1.150537509,0.953827215,1.344576786,1.123362041,0.539175485
SDMT,156437,24,24.5,24.25,210,7.691260952,0.023214311,0.202549846,1.729468875,6,2,201.7506565,245.6094949,170.8650674,210.2359254,373.2454478,0.04007497,-0.156635325,0.206233365,-0.001122824,-0.57512871
SDMT,156437,24.5,25,24.75,281,8.128348612,0.02289218,0.203321825,1.692768979,6,2,202.7318486,246.8039896,172.401271,212.8746991,374.6500222,0.326470506,0.129760212,0.488529939,0.277650944,-0.287637647
SDMT,156437,25,25.5,25.25,314,9.699776442,0.030406617,0.206532162,1.648034708,6,2,212.7473678,258.9967956,184.3050042,224.8146245,391.2172389,0.389287591,0.192577296,0.532800969,0.334116814,-0.219870018
SDMT,156437,25.5,26,25.75,402,8.184086461,0.03543353,0.172429233,1.776190092,6,2,213.5126576,259.9284527,180.1016364,223.3989393,400.5571843,0.632755972,0.436045677,0.80293075,0.58749295,0.00359555
SDMT,156437,26,26.5,26.25,509,9.909696689,0.048454756,0.113145662,1.749397105,6,2,227.8190974,277.3449881,197.0590078,236.9460987,419.8192919,0.803896135,0.607185841,0.948944801,0.764615333,0.192623655
SDMT,156437,26.5,27,26.75,413,13.09916093,0.079260068,0.034081594,1.701441162,6,2,248.7688222,302.8490009,221.9282097,258.2953932,450.6254914,0.506923553,0.310213259,0.621093643,0.469343728,-0.087189006
SDMT,156437,27,27.5,27.25,438,14.56854947,0.096035187,0.047212192,1.670781774,6,2,255.8830714,311.5098261,230.1137677,267.8685285,464.5486192,0.537498323,0.340788028,0.643645082,0.491722616,-0.058847312
SDMT,156437,27.5,28,27.75,498,11.56267531,0.164830529,0.011881631,1.970447937,6,2,272.0457491,331.1861294,234.9552535,272.3565522,499.7874353,0.60462983,0.407919535,0.751204992,0.603488015,-0.003582802
SDMT,156437,28,28.5,28.25,540,11.88009349,0.165724876,0.036507906,1.949254721,6,2,272.8063912,332.1121284,235.5301227,274.9049869,502.5046213,0.682806786,0.486096492,0.829730325,0.675143604,0.071964303
SDMT,156437,28.5,29,28.75,547,12.86781301,0.431017707,0.025737672,2.20603714,6,2,315.8445267,384.5063803,276.2887933,302.5167339,571.8583257,0.549198714,0.35248842,0.683002131,0.592312208,-0.044442476
SDMT,92536,0,2.5,1.25,78,1.043108527,0.013120848,0,2.736785417,7,2,93.37941059,113.6792825,180.7686142,61.21826986,150.7113754,-0.179962051,-0.376672346,-0.840509012,0.242263155,-0.65865776
SDMT,92536,2.5,3,2.75,27,0.3088022,0.004122843,0.004646884,3.266155653,7,2,77.3445104,94.1585344,124.6002429,62.56928234,167.7871373,-1.052432738,-1.249143032,-1.52927369,-0.840437594,-1.82685927
SDMT,92536,3,3.5,3.25,208,0.244772053,0.003546916,0.011109181,3.382756415,7,2,74.13136808,90.24688287,112.1797676,62.60681885,171.3623149,1.031699316,0.834989022,0.617435427,1.20066388,0.193757964
SDMT,92536,3.5,4,3.75,130,4.844975882,0.033054749,0.014892058,2.049436753,7,2,155.9375117,189.8369708,194.8764184,120.5278781,242.8174299,-0.181920911,-0.378631205,-0.404831155,0.075653371,-0.624775393
SDMT,92536,4,4.5,4.25,103,2.169778201,0.016690616,0.006153077,2.380460885,7,2,132.2909495,161.0498516,167.272765,105.0387087,227.9763033,-0.250274672,-0.446984966,-0.484896815,-0.019599948,-0.794512702
SDMT,92536,4.5,5,4.75,99,2.088915653,0.012355607,0.014974554,2.356182096,7,2,130.9579421,159.42706,158.8002372,105.0936022,225.435494,-0.279756369,-0.476466663,-0.472527192,-0.059731552,-0.82291421
SDMT,92536,5,5.5,5.25,41,0.772686478,0.006380155,0.038757476,2.779285364,7,2,104.6128788,127.354809,124.4434188,88.64413154,210.6288483,-0.936694602,-1.133404896,-1.110279078,-0.771057766,-1.636525505
SDMT,92536,5.5,6,5.75,55,0.311654728,0.003923853,0.015009424,3.259224886,7,2,85.30715944,103.8521941,100.7448551,76.61867846,200.9819143,-0.438925198,-0.635635492,-0.605257948,-0.331507706,-1.29588174
SDMT,92536,6,6.5,6.25,57,0.367257488,0.003416001,0.007605202,3.138716695,7,2,88.26443302,107.4523532,100.5320682,79.37396584,201.8488407,-0.437285962,-0.633996255,-0.567425495,-0.331119161,-1.264467836
SDMT,92536,6.5,7,6.75,86,0.392356149,0.005718333,0.066779093,3.189535879,7,2,91.77852443,111.7303776,103.6023185,85.44370109,220.1845195,-0.065031035,-0.26174133,-0.186212413,0.006489604,-0.940118624
SDMT,92536,7,7.5,7.25,93,0.543562024,0.006358761,0.056203063,3.015166765,7,2,100.0443605,121.7931346,110.6196582,92.15601418,227.8677137,-0.073014199,-0.269724494,-0.173498322,0.009116546,-0.896165764
SDMT,92536,7.5,8,7.75,135,0.324612422,0.002225613,0.007580261,3.14540202,7,2,86.59856353,105.4243382,85.22072334,79.89096864,201.4125901,0.44399155,0.247281256,0.460030142,0.524611965,-0.400080713
SDMT,92536,8,8.5,8.25,153,0.563610556,0.004448989,0.082717827,2.937486506,7,2,100.8885844,122.8208853,105.1133353,93.22239406,224.8210804,0.416421138,0.219710844,0.37539877,0.495449949,-0.384866966
SDMT,92536,8.5,9,8.75,150,0.855890923,0.008691626,0.234138621,2.817001673,7,2,114.188696,139.0123256,121.1913068,106.3881591,249.7214752,0.272782986,0.076072692,0.213264949,0.34354101,-0.509710903
SDMT,92536,9,9.5,9.25,166,1.200537768,0.015388794,0.377878394,2.744382223,7,2,127.4350415,155.1383114,136.7373816,118.9484115,273.4665635,0.264381032,0.067670738,0.193925625,0.333297906,-0.499191572
SDMT,92536,9.5,10,9.75,163,1.28544675,0.01243103,0.461881655,2.65073485,7,2,127.6124519,155.3542893,131.0422845,119.7555848,269.6862643,0.244752249,0.048041955,0.218230147,0.308297328,-0.503509098
SDMT,92536,10,10.5,10.25,156,0.865934233,0.003850506,0.42619025,2.682362572,7,2,109.7923755,133.6602832,102.1883297,104.0837447,233.8388776,0.35126492,0.154554626,0.423038527,0.404660195,-0.404776314
SDMT,92536,10.5,11,10.75,171,1.021488073,0.005677972,0.48377635,2.643983474,7,2,116.5567645,141.8951916,109.5124268,111.5491182,249.2353569,0.383285153,0.186574859,0.445625527,0.427198541,-0.376734102
SDMT,92536,11,11.5,11.25,208,1.304427119,0.007791608,0.571396976,2.563178906,7,2,125.8292657,153.1834538,118.6533751,120.1306442,263.1830676,0.502612126,0.305901832,0.561331651,0.548958227,-0.235311785
SDMT,92536,11.5,12,11.75,229,4.386632223,0.021613634,0.092321866,2.025851244,7,2,170.1506759,207.1399533,167.8496771,157.5899646,306.5754985,0.29703763,0.100327336,0.310653204,0.373725505,-0.291742046
SDMT,92536,12,12.5,12.25,256,6.56236434,0.016157391,0.058149214,1.769224613,7,2,178.2526727,217.0032538,171.0643863,164.9159983,299.2161814,0.361975391,0.165265097,0.403137431,0.439741201,-0.155988882
SDMT,92536,12.5,13,12.75,319,5.53707529,0.021731594,0.056025807,1.904402371,7,2,179.1709383,218.1211423,172.3511139,166.7834343,313.7393426,0.57685079,0.380140496,0.615657347,0.648494933,0.016628581
SDMT,92536,13,13.5,13.25,305,7.558112262,0.048688336,0.055044626,1.889116367,7,2,202.0458031,245.9688037,200.1873795,188.5100351,352.6463254,0.411817357,0.215107063,0.421057951,0.481160535,-0.145153867
SDMT,92536,13.5,14,13.75,365,24.94590676,0.190794669,0.052153062,1.539044559,7,2,269.7090866,328.3414967,288.1936051,253.3461023,428.8996569,0.302553432,0.105843138,0.236264859,0.365140806,-0.161325638
SDMT,92536,14,14.5,14.25,321,20.8578637,0.133908693,0.044582879,1.543012849,7,2,253.0101561,308.0123639,264.0992201,242.1431312,412.7784587,0.238011493,0.041301198,0.195116257,0.281912121,-0.251469906
SDMT,92536,14.5,15,14.75,368,16.74998036,0.196315444,0.037478367,1.788554609,7,2,266.6039206,324.5612947,276.9557635,244.5172557,436.9187376,0.322318825,0.12560853,0.284225143,0.408797056,-0.171664284
SDMT,92536,15,15.5,15.25,296,13.3855448,0.100706303,0.037186064,1.73226899,7,2,237.9831774,289.7186507,238.6059586,226.0740599,403.3263381,0.218159466,0.021449172,0.215545972,0.26949681,-0.309386552
SDMT,92536,15.5,16,15.75,298,15.99798281,0.135366709,0.035004371,1.709501554,7,2,253.2844584,308.3462971,255.6654803,239.859892,423.1299392,0.162580288,-0.034130006,0.153223614,0.217038517,-0.35058583
SDMT,92536,16,16.5,16.25,324,14.94137677,0.10577976,0.033487919,1.680521249,7,2,243.6683588,296.6397411,242.4684116,234.7296581,412.823256,0.2849354,0.088225106,0.289872075,0.322309055,-0.242276034
SDMT,92536,16.5,17,16.75,337,9.130552941,0.091211705,0.034285803,1.935787477,7,2,229.0903278,278.892573,220.3570349,217.8137247,406.5796917,0.38596656,0.189256266,0.424833814,0.436442707,-0.187697023
SDMT,92527,0,1.5,0.75,268,1.511041602,0.049568016,0,2.874725468,7,2,106.5241308,129.6815505,279.2705434,62.90177607,158.63756,0.922615441,0.725905147,-0.041194021,1.449412581,0.524364877
SDMT,92527,1.5,2,1.75,272,3.727963442,0.038739782,0,2.263586569,7,2,140.0773975,170.5290056,208.6440429,95.07773683,203.8742025,0.663606957,0.466896663,0.26517241,1.051107227,0.288298917
SDMT,92527,2,2.5,2.25,305,3.809998633,0.03505696,0.001752956,2.227970564,7,2,143.7175483,174.9604936,200.4299009,101.4717274,214.5630183,0.752461873,0.555751579,0.419847212,1.100531565,0.35170829
SDMT,92527,2.5,3,2.75,139,5.626163755,0.036640309,0.05140938,2.006219627,7,2,156.2837636,190.2584949,199.2772759,113.9265786,227.7328639,-0.117199419,-0.313909714,-0.360223268,0.19891974,-0.493699359
SDMT,92527,3,3.5,3.25,86,2.826502205,0.021875173,0.052476405,2.299982874,7,2,137.8219741,167.7832729,178.553696,103.5614655,221.0501466,-0.471615513,-0.668325808,-0.730542078,-0.18581801,-0.944042287
SDMT,92527,3.5,4,3.75,78,0.435518763,0.003729416,0.048628638,3.051497944,7,2,87.45069045,106.4617101,116.7897292,71.08406935,179.6181635,-0.11436627,-0.311076564,-0.403666305,0.092845575,-0.834124457
SDMT,92527,4,4.5,4.25,116,0.451038143,0.004918288,0.050960076,3.083085923,7,2,90.99369649,110.7749349,118.5851594,75.69507547,192.2453377,0.242799956,0.046089662,-0.022041156,0.426877086,-0.505182166
SDMT,92527,4.5,5,4.75,61,0.74639662,0.009307988,0.048876798,2.915997023,7,2,106.6117408,129.7882061,136.2685533,88.51270517,215.637249,-0.55831978,-0.755030074,-0.803753731,-0.372272239,-1.262723729
SDMT,92527,5,5.5,5.25,134,0.893931952,0.016583053,0.053784765,2.925532663,7,2,115.9797329,141.1927183,152.1875451,97.99333018,238.7341829,0.14442434,-0.052285954,-0.12727381,0.312940383,-0.577510928
SDMT,92527,5.5,6,5.75,181,0.33753831,0.005507321,0.047837144,3.275525906,7,2,89.07745869,108.4421236,104.5353992,79.71573567,210.1614122,0.708990718,0.512280424,0.548971269,0.820030029,-0.149378834
SDMT,92527,6,6.5,6.25,81,0.837170407,0.008033979,0.052074039,2.789675115,7,2,110.7690783,134.8493127,125.179377,95.94774066,226.9645058,-0.312998504,-0.509708798,-0.43529857,-0.16935452,-1.030344488
SDMT,92527,6.5,7,6.75,184,4.339060412,0.057069365,0.028228098,2.276179988,7,2,176.9187712,215.3793736,205.5221068,146.1851085,302.2718072,0.03924505,-0.157465244,-0.110617846,0.230062073,-0.496390879
SDMT,92527,7,7.5,7.25,229,2.591063985,0.0178174,0.01814036,2.313944594,7,2,147.522345,179.59242,159.656051,125.6981317,263.5560702,0.439742348,0.243032053,0.360700183,0.599838751,-0.140544132
SDMT,92527,7.5,8,7.75,295,2.64078561,0.01841107,0.1864733,2.308885259,7,2,148.8414332,181.1982665,158.226203,128.7519798,269.2248557,0.684093824,0.48738353,0.622949683,0.82908744,0.091428431
SDMT,92527,8,8.5,8.25,241,3.841560867,0.071837524,0.184480876,2.416458893,7,2,180.8041395,220.1093872,205.4756896,154.8174256,327.3835426,0.28738259,0.090672296,0.159469205,0.44255041,-0.306335463
SDMT,92527,8.5,9,8.75,298,2.698713127,0.025159965,0.072446964,2.376940316,7,2,156.7573524,190.8350377,164.9888827,137.0961182,289.1716597,0.642394403,0.445684109,0.591215392,0.776411214,0.030072997
SDMT,92527,9,9.5,9.25,319,2.81083081,0.020034465,1.003369636,2.287749838,7,2,150.9365085,183.7487929,151.8992963,137.4264404,284.7952493,0.748331828,0.551621534,0.741973326,0.842102308,0.113420604
SDMT,92527,9.5,10,9.75,284,3.455971709,0.039353392,1.117311013,2.322365877,7,2,167.0472418,203.3618595,172.058753,151.9446877,315.5723917,0.530697581,0.333987287,0.501138232,0.62545768,-0.105413868
SDMT,92527,10,10.5,10.25,253,5.119280333,0.152727356,0.082720596,2.442091379,7,2,212.1847517,258.3118717,236.8519983,182.4644594,382.3132496,0.175932123,-0.020778171,0.065954022,0.326834078,-0.412850809
SDMT,92527,10.5,11,10.75,291,2.788007712,0.053013733,0.073345196,2.525883439,7,2,173.2976211,210.971017,180.3363731,155.1618957,335.7081408,0.518312798,0.321602503,0.478499421,0.628854207,-0.142918887
SDMT,92527,11,11.5,11.25,256,2.194174738,0.018159167,0.060585378,2.415640463,7,2,152.2359238,185.3306898,146.083783,138.8917077,294.9172599,0.519745997,0.323035703,0.560997131,0.611482896,-0.141517398
SDMT,92527,11.5,12,11.75,255,2.048030641,0.036281884,0.045307004,2.613846742,7,2,159.9810354,194.7595214,158.4194508,147.4232426,326.0878566,0.466208266,0.269497971,0.476017278,0.547955894,-0.245903299
SDMT,92527,12,12.5,12.25,247,2.277297503,0.031942949,0,2.516740831,7,2,161.8325306,197.0135156,156.0616124,149.8452084,324.3875873,0.422826298,0.226116003,0.459137456,0.499785519,-0.272550721
SDMT,92527,12.5,13,12.75,243,2.426672701,0.032094262,0.039456563,2.482710137,7,2,164.3635798,200.0947928,156.7417815,152.9737864,328.0435068,0.390980519,0.194270225,0.438461696,0.462794867,-0.300084799
SDMT,92527,13,13.5,13.25,306,2.171094149,0.051034743,0.148881088,2.661203694,7,2,167.4784956,203.8868642,161.7541099,158.1325532,351.5506101,0.602730143,0.406019849,0.63750776,0.660151476,-0.138768582
SDMT,92527,13.5,14,13.75,285,3.790344735,0.128487978,0.082536721,2.577665822,7,2,203.9599542,248.2990746,206.4592992,186.9066066,401.7710501,0.334565509,0.137855215,0.322385886,0.421880118,-0.343393219
SDMT,92527,14,14.5,14.25,247,4.293037973,0.090453665,0.16545331,2.398206035,7,2,201.0144747,244.7132735,195.286941,186.669629,387.6922763,0.206011418,0.009301124,0.234918367,0.280047972,-0.450823586
SDMT,92527,14.5,15,14.75,352,8.03290941,0.178423876,0.756676408,2.197384376,7,2,238.0552312,289.8063685,239.4824024,218.2270201,429.1843022,0.391128465,0.19441817,0.385151238,0.478095278,-0.19825526
SDMT,92527,15,15.5,15.25,309,9.864724128,0.145157258,0.11632551,2.022390023,7,2,242.5289103,295.2525864,239.469799,223.019218,422.0047882,0.242220356,0.045510062,0.254913968,0.32608333,-0.311675384
SDMT,92527,15.5,16,15.75,260,4.428375459,0.107169334,0.122629194,2.42108275,7,2,208.4713323,253.7911871,197.7750213,195.5292835,406.5916988,0.220880094,0.0241698,0.273551502,0.284971475,-0.447127854
SDMT,92527,16,16.5,16.25,254,5.834853278,0.081563179,0.16192151,2.183131977,7,2,212.8275701,259.0944331,197.9648788,200.628501,396.3366089,0.176851959,-0.019858335,0.249244632,0.235879323,-0.444929606
SDMT,92527,16.5,17,16.75,279,11.20832045,0.043754098,0.021466629,1.628258877,7,2,212.0340817,258.1284473,202.6206043,211.0706546,370.1096974,0.274464757,0.077754463,0.319876496,0.279018848,-0.282587659
SDMT,92527,17,17.5,17.25,296,18.16141776,0.061417553,0.017768008,1.425403078,7,2,228.1557382,277.7548117,229.4882486,234.6317688,391.0743132,0.260330996,0.063620702,0.25450763,0.23234211,-0.278538147
SDMT,92527,17.5,18,17.75,350,8.425175274,0.032969295,0.049628075,1.744386293,7,2,203.3204031,247.5204907,185.4891623,201.0839696,361.249165,0.543150079,0.346439785,0.634936698,0.554210574,-0.031634774
SDMT,92527,18,18.5,18.25,326,11.82780834,0.050884123,0.019807431,1.63936474,7,2,220.3380056,268.237572,207.7172244,220.5919585,385.8788891,0.391734625,0.195024331,0.450719725,0.390582728,-0.16862618
SDMT,92527,18.5,19,18.75,300,14.58182081,0.133348703,0.051309359,1.760890078,7,2,256.3805449,312.115446,247.1989787,248.1255963,441.0487312,0.15711963,-0.039590664,0.193588881,0.18984742,-0.385372896
SDMT,92543,0,1,0.5,112,4.537196331,0.016203667,0.000778845,1.969744619,7,1,111.0499948,135.191298,194.591673,60.36624247,125.502577,0.008518368,-0.188191926,-0.552404507,0.618068822,-0.113827421
SDMT,92543,1,1.5,1.25,104,2.750099835,0.055182223,0.004814641,2.526012243,7,1,131.5906225,160.1972795,237.8528975,85.26698752,195.444211,-0.23530486,-0.432015153,-0.827261506,0.198603536,-0.630884074
SDMT,92543,1.5,2,1.75,94,6.383328859,0.051631493,0.00076011,2.011440236,7,1,155.5399639,189.3529995,217.2930077,105.2128031,212.4756715,-0.503607919,-0.700318213,-0.837951926,-0.112690213,-0.815532712
SDMT,92543,2,2.5,2.25,181,3.352906635,0.034465397,0.002246771,2.286599607,7,1,139.8761748,170.2840388,201.3234118,99.48076568,213.886473,0.257739466,0.061029172,-0.106415598,0.598532716,-0.166948343
SDMT,92543,2.5,3,2.75,153,5.905518376,0.054886465,0.007441368,2.071845894,7,1,163.9509463,199.5924564,215.9149651,118.6376782,240.1028101,-0.069129354,-0.265839648,-0.344446729,0.254363794,-0.450629286
SDMT,92543,3,3.5,3.25,176,7.41749812,0.048286008,0.002898841,1.889939327,7,1,168.4317648,205.0473659,209.0314943,127.079808,246.7712391,0.043953284,-0.152757011,-0.172000936,0.325668696,-0.337977755
SDMT,92543,3.5,4,3.75,221,9.956019529,0.049862022,0.001154124,1.73545415,7,1,178.1648441,216.8963319,209.6995275,138.3401858,257.5160003,0.215453489,0.018743195,0.052487017,0.468446935,-0.152919154
SDMT,92543,4,4.5,4.25,190,7.555324472,0.041636811,0.001005578,1.858666732,7,1,172.7442252,210.2973176,201.050213,135.6205297,259.1253894,0.095212039,-0.101498255,-0.056530621,0.337163309,-0.310288001
SDMT,92543,4.5,5,4.75,153,5.060407305,0.058623631,0.002186383,2.172387674,7,1,172.355703,209.824334,209.6979181,135.8425085,277.8260572,-0.119122461,-0.315832754,-0.315230088,0.118941732,-0.596557303
SDMT,92543,5,5.5,5.25,190,8.311953656,0.038534929,0.002133304,1.784495293,7,1,177.437094,216.0103754,198.023725,144.8904295,270.8229524,0.068407926,-0.128302369,-0.041362775,0.271046274,-0.354441223
SDMT,92543,5.5,6,5.75,192,8.432748693,0.058157815,0.004329417,1.872728074,7,1,188.602659,229.6032371,212.7894928,154.0882469,292.3966282,0.017852903,-0.178857391,-0.102808008,0.219969902,-0.420615824
SDMT,92543,6,6.5,6.25,212,10.57913735,0.055782288,0.007821417,1.725740824,7,1,193.4551176,235.510578,213.3369997,162.3754396,297.5182332,0.091540739,-0.105169555,-0.006286799,0.266675092,-0.338889237
SDMT,92543,6.5,7,6.75,194,5.303690565,0.033357377,0.005357659,1.997972748,7,1,169.9427601,206.8868384,184.5760355,143.913285,282.3094031,0.132396484,-0.06431381,0.049796664,0.298647228,-0.375145485
SDMT,92543,7,7.5,7.25,182,0.770547552,0.007457272,0.006262712,2.824446258,7,1,109.8301224,133.7062359,105.9582682,98.19540155,233.2390354,0.505071857,0.308361563,0.540961367,0.6170473,-0.248057144
SDMT,92543,7.5,8,7.75,174,1.214352692,0.01380872,0.001669129,2.628766301,7,1,124.0674531,151.0386386,97.76876796,112.4090238,257.8565413,0.338229905,0.14151961,0.576450119,0.436911082,-0.39334809
SDMT,92543,8,8.5,8.25,205,8.707915991,0.138109002,0.006941484,2.083016495,7,1,220.1230489,267.9758856,246.6599607,183.8906473,358.5832791,-0.071176724,-0.267887018,-0.185000732,0.108668706,-0.559150953
SDMT,92543,8.5,9,8.75,182,8.922387156,0.140027594,0.01061556,2.076241306,7,1,223.2224297,271.7490448,246.493711,187.7952754,364.6818887,-0.20416203,-0.400872324,-0.303329793,-0.031345722,-0.695018749
SDMT,92543,9,9.5,9.25,189,9.669034594,0.134843677,0.022071931,2.016304656,7,1,225.9145985,275.0264678,245.2894136,192.3364756,368.2561995,-0.17841003,-0.375120325,-0.260691778,-0.0174993,-0.667031875
SDMT,92543,9.5,10,9.75,220,7.55363782,0.096202987,0.022195889,2.066418549,7,1,210.9474734,256.8056198,223.1716983,183.1500459,356.5157888,0.042018385,-0.154691909,-0.014313876,0.183321807,-0.482750981
SDMT,92543,10,10.5,10.25,208,10.65110342,0.113779822,0.028463216,1.90881927,7,1,226.1433989,275.3050073,238.215844,197.8724552,369.9586767,-0.083631227,-0.280341521,-0.135639091,0.049915422,-0.575853235
SDMT,92543,10.5,11,10.75,192,10.78308449,0.127575609,0.028930053,1.932629244,7,1,231.1916827,281.4507442,242.4544387,202.7833144,380.0916245,-0.18575179,-0.382462084,-0.233318439,-0.05464262,-0.682916969
SDMT,92543,11,11.5,11.25,203,9.846651304,0.115724849,0.02768865,1.960742578,7,1,227.2797507,276.6883922,234.6687221,201.0602711,379.3919482,-0.112975662,-0.309685956,-0.144968847,0.00960126,-0.625363856
SDMT,92543,11.5,12,11.75,210,9.019398349,0.145704767,0.025842783,2.079845706,7,1,232.921468,283.5565697,240.7427857,204.8298023,394.99442,-0.103593819,-0.300304113,-0.136621554,0.024928129,-0.631764108
SDMT,92543,12,12.5,12.25,140,3.142851477,0.050189281,0.018019799,2.438598332,7,1,178.5588607,217.3760043,171.042401,162.9583557,344.8340902,-0.243275876,-0.43998617,-0.200269062,-0.151852259,-0.901420981
SDMT,92543,12.5,13,12.75,224,13.46464082,0.079626074,0.013098596,1.659031678,7,1,224.2678747,273.0217605,228.1877916,211.1220368,373.8867142,-0.001195155,-0.197905449,-0.018522885,0.059209712,-0.512306796
SDMT,92543,13,13.5,13.25,263,13.1520883,0.0651233,0.00798594,1.63210915,7,1,219.9338164,267.7455156,220.378296,209.1520109,367.7393935,0.178827366,-0.017882929,0.176808435,0.22909272,-0.335220485
SDMT,92543,13.5,14,13.75,293,17.18033284,0.094771552,0.003080109,1.565335,7,1,236.3532659,287.7344107,242.3729076,226.5521307,390.5275402,0.214845034,0.018134739,0.189695128,0.257197533,-0.287325883
SDMT,92543,14,14.5,14.25,309,16.20755197,0.087017379,0.002470304,1.578593783,7,1,233.7899786,284.613887,236.9666851,225.2987478,389.5560708,0.278918092,0.082207798,0.265421715,0.315913987,-0.231666534
SDMT,92543,14.5,15,14.75,333,17.65005134,0.103134368,0.001793385,1.571454141,7,1,241.8311141,294.4030954,246.1315736,233.5501423,402.0011058,0.319902883,0.123192589,0.302276245,0.354745694,-0.188312349
SDMT,92543,15,15.5,15.25,354,16.61977637,0.102363949,0.001920075,1.605074677,7,1,241.7550084,294.310445,243.1872776,233.5466645,404.831085,0.381372062,0.184661768,0.375465077,0.415915008,-0.134172993
SDMT,92543,15.5,16,15.75,302,15.41322618,0.095430566,0.006838042,1.632243906,7,1,239.2452201,291.2550505,237.5739514,231.7541342,404.2191804,0.232937966,0.036227672,0.239948068,0.264749974,-0.291530239
SDMT,92543,16,16.5,16.25,400,12.54477905,0.060167398,0.008881532,1.642525912,7,1,222.688454,271.0989874,214.4195577,218.421789,383.130667,0.58569082,0.388980526,0.623529901,0.605036542,0.043088449
SDMT,92543,16.5,17,16.75,297,11.45670585,0.036459992,0.011736664,1.584386803,7,1,208.6908078,254.0583748,198.1224508,208.5570361,361.4969407,0.352878371,0.156168076,0.404846861,0.353519581,-0.19652144
SDMT,92543,17,17.5,17.25,287,13.70576687,0.027862716,0.026041901,1.437033115,7,1,205.6888029,250.40376,200.1976639,211.0046371,352.1516191,0.333117855,0.136407561,0.360177018,0.307602106,-0.204579603
SDMT,92543,17.5,18,17.75,353,13.79316374,0.052887995,0.059494174,1.555346746,7,1,222.4599163,270.8207677,214.1890242,224.5128594,385.5433789,0.461721123,0.265010829,0.499609141,0.452535071,-0.088185656
SDMT,92543,18,18.5,18.25,381,19.95066801,0.163610892,0.051939061,1.626466867,7,1,268.9755156,327.4484538,268.8430144,262.0507552,450.8905183,0.34817902,0.151468725,0.348671755,0.374261168,-0.168425182
SDMT,92543,18.5,19,18.75,361,19.95311161,0.361024693,0.043571583,1.88451189,7,1,308.6760754,375.7795701,306.6805431,281.9588296,503.1827025,0.156585531,-0.040124763,0.163071329,0.247116892,-0.332075371
SDMT,92543,19,19.5,19.25,353,13.1903,0.2162,0.0413,1.975711319,7,1,273.0401662,332.3967241,258.4324858,255.1044362,470.7491801,0.256849144,0.060138849,0.311833574,0.324795042,-0.287857369
SDMT,92526,0,2,1,301,3.433690016,0.085672675,0.0149364,2.53746683,7,2,135.6108373,165.0914541,277.3282079,79.98524874,183.7522681,0.797320971,0.600610677,0.081908594,1.325268038,0.493521783
SDMT,92526,2,2.5,2.25,314,2.48535828,0.036374092,0.885674189,2.495218002,7,2,130.6774221,159.0855573,194.5480591,95.71001446,214.9137647,0.876661126,0.679950832,0.478713763,1.188070049,0.379156133
SDMT,92526,2.5,3,2.75,291,1.963056342,0.02420412,0.76496306,2.545969791,7,2,123.9748969,150.9259615,175.7886068,94.58690074,214.1079335,0.853244166,0.656533872,0.504041092,1.123804271,0.306843017
SDMT,92526,3,3.5,3.25,320,2.21966909,0.015608975,1.106680604,2.380775736,7,2,123.8276841,150.7467459,158.6144216,97.25633265,211.1830558,0.949430041,0.752719746,0.70184476,1.190970898,0.415595675
SDMT,92526,3.5,4,3.75,296,1.858372288,0.032684611,0.858485529,2.643194653,7,2,129.6450131,157.8287117,176.9270083,104.8949825,240.7490116,0.825559407,0.628849113,0.514622189,1.037399771,0.206604509
SDMT,92526,4,4.5,4.25,241,1.075695511,0.014585726,0.504404662,2.787969301,7,2,111.3499411,135.5564501,145.7802687,93.88790599,222.8558158,0.772119069,0.575408774,0.502696454,0.942695352,0.078271937
SDMT,92526,4.5,5,4.75,213,0.794295429,0.018002688,0.392165544,3.014987402,7,2,107.294601,130.6195143,142.5659227,94.33511157,235.0532577,0.685713834,0.48900354,0.401487658,0.814438706,-0.098519951
SDMT,92526,5,5.5,5.25,189,0.702029959,0.019581815,0.348768173,3.107616347,7,2,106.3464626,129.4652588,137.5088666,95.95674975,243.5131873,0.575044736,0.378334442,0.318058616,0.677849449,-0.253424083
SDMT,92526,5.5,6,5.75,205,0.656843087,0.024400958,0.325891294,3.199980164,7,2,107.584951,130.9729838,136.8039433,99.27427657,256.2909368,0.644729202,0.448018908,0.404461149,0.725123489,-0.223303292
SDMT,92526,6,6.5,6.25,209,0.566940327,0.016162699,0.282223727,3.191399629,7,2,102.2773887,124.5116037,121.2176218,96.12942366,247.8398359,0.714645633,0.517935338,0.544746795,0.776638805,-0.170448463
SDMT,92526,6.5,7,6.75,271,1.520664298,0.022041389,0.192802188,2.656842171,7,2,132.4305194,161.2197628,151.6569867,116.1551148,265.0431788,0.716060695,0.5193504,0.580497517,0.847192326,0.022226069
SDMT,92526,7,7.5,7.25,299,8.931433836,0.071636526,0.021319008,1.887822856,7,2,199.9532909,243.4213977,220.0359678,168.6074295,318.7189067,0.40235978,0.205649485,0.30665255,0.572870463,-0.063865971
SDMT,92526,7.5,8,7.75,323,13.95493401,0.115634665,0.015923629,1.748529333,7,2,224.3255934,273.0920268,248.5641383,190.5899051,346.1038949,0.364553785,0.16784349,0.261951409,0.527528297,-0.069086681
SDMT,92526,8,8.5,8.25,338,17.08885456,0.149526996,0.046755776,1.697340226,7,2,238.3890741,290.2127859,265.3278694,203.9792358,364.1174023,0.349141791,0.152431497,0.242079591,0.505027692,-0.074430454
SDMT,92526,8.5,9,8.75,339,19.72116106,0.172113549,0.058736781,1.652052944,7,2,247.9301228,301.8279756,276.2718254,214.1522219,376.8003714,0.312853164,0.11614287,0.204614852,0.459313028,-0.105715421
SDMT,92526,9,9.5,9.25,374,23.82870037,0.29275605,0.064830918,1.705527904,7,2,276.9410844,337.1456679,314.6964711,233.5678084,410.0308774,0.300451006,0.103740711,0.172647207,0.470783362,-0.09197667
SDMT,92526,9.5,10,9.75,370,25.45073029,0.287617825,0.067975437,1.659164136,7,2,278.9986941,339.6505841,315.196885,238.9188645,414.7764934,0.282295904,0.08558561,0.16030553,0.43737899,-0.114236799
SDMT,92526,10,10.5,10.25,342,27.00316387,0.332817354,0.068915114,1.672336269,7,2,289.454974,352.3799684,327.1145469,247.3169654,428.2932783,0.166810982,-0.029899312,0.044500331,0.324139962,-0.224997454
SDMT,92526,10.5,11,10.75,343,24.19871635,0.313619785,0.068599589,1.718724997,7,2,285.8792451,348.0269071,318.4743049,245.4743342,429.802284,0.182160945,-0.014549349,0.074188651,0.33453805,-0.225594851
SDMT,92526,11,11.5,11.25,379,14.29124228,0.246602688,0.075211692,1.965289006,7,2,263.9238161,321.2985587,284.3035196,225.8885393,419.7585453,0.361875719,0.165165425,0.287493807,0.517494516,-0.102143449
SDMT,92526,11.5,12,11.75,248,9.18217018,0.143124925,0.078767496,2.060666679,7,2,232.7066882,283.2950987,240.4875739,205.0537662,394.1303135,0.063649935,-0.13306036,0.030760326,0.190156527,-0.463252853
SDMT,92526,12,12.5,12.25,268,22.67862066,0.298636025,0.080512776,1.744735847,7,2,287.1198335,349.5371886,311.5790144,251.1637075,441.2153554,-0.068912686,-0.265622981,-0.150665983,0.064882033,-0.49854611
SDMT,92526,12.5,13,12.75,262,20.02403994,0.359556753,0.07561364,1.881977062,7,2,294.3481794,358.336914,316.8041865,253.3343457,456.1713997,-0.116418847,-0.313129141,-0.189939371,0.033634363,-0.554524112
SDMT,92526,13,13.5,13.25,243,14.65984104,0.218410056,0.071095905,1.907353272,7,2,264.7186827,322.2662225,273.8520005,234.8923789,430.7335114,-0.085606244,-0.282316539,-0.119526373,0.033933996,-0.572428153
SDMT,92526,13.5,14,13.75,276,5.58778918,0.124124908,0.068415854,2.336301228,7,2,218.7880987,266.3507288,213.133922,197.0843706,401.1211222,0.23229719,0.035586896,0.258480156,0.336768952,-0.373862566
SDMT,92526,14,14.5,14.25,308,3.748468799,0.047998137,0.067949548,2.316317885,7,2,186.2779148,226.7731136,169.4568896,173.6795786,356.6768946,0.502860059,0.306149765,0.597501227,0.572887684,-0.146730532
SDMT,92526,14.5,15,14.75,261,4.17825836,0.063145955,0.063654642,2.318291984,7,2,195.3780043,237.8514835,178.9772158,182.216724,373.1635095,0.289584242,0.092873947,0.377261896,0.359323637,-0.35749628
SDMT,92526,15,15.5,15.25,281,4.44722853,0.086183328,0.048863048,2.360467757,7,2,204.3561375,248.7813848,188.0241972,190.4260904,392.0333358,0.318490426,0.121780131,0.401784006,0.389090527,-0.332992207
SDMT,92526,15.5,16,15.75,374,10.45261978,0.391706227,0.042822012,2.348355651,7,2,286.0728103,348.2625516,288.5578384,246.4001101,484.277462,0.268009438,0.071299143,0.259360252,0.417299119,-0.258402214
SDMT,92526,16,16.5,16.25,228,19.118,1.3365,0.0271,2.409414843,7,2,368.2731804,448.3325674,400.832631,298.391438,574.8194876,-0.479479372,-0.676189666,-0.564198332,-0.269060546,-0.924710428
SDMT,92548,0,1,0.5,351,4.611069205,0.042386468,0,2.16164452,7,1,121.6496767,148.0952586,251.7424581,65.53391672,142.2310307,1.059640812,0.862930518,0.33237965,1.678218402,0.903333511
SDMT,92548,1,1.5,1.25,113,7.870211812,0.059366888,0.002217916,1.924620505,7,1,155.5930271,189.4175983,224.4768424,99.80944227,198.8514648,-0.319855979,-0.516566274,-0.686384731,0.124125028,-0.565170319
SDMT,92548,1.5,2,1.75,221,8.937320541,0.037261867,0,1.732036446,7,1,154.9987799,188.6941668,199.6289864,107.4876805,204.1626457,0.354745456,0.158035162,0.101702126,0.720786461,0.079245742
SDMT,92548,2,2.5,2.25,227,12.79679293,0.041221489,0.002562578,1.546732415,7,1,166.2236999,202.3592869,202.3869434,122.4484934,221.1026763,0.311615547,0.114905252,0.114768591,0.617259538,0.026322825
SDMT,92548,2.5,3,2.75,308,8.95769207,0.024804745,0,1.656350911,7,1,157.5702023,191.8245941,186.4933588,117.9365704,217.2177046,0.670228695,0.473518401,0.501704154,0.959952842,0.349199685
SDMT,92548,3,3.5,3.25,281,10.6537885,0.027434308,0.001265227,1.574729552,7,1,164.5209804,200.2864109,190.0026663,127.744232,229.9003435,0.535316567,0.338606273,0.391316564,0.788324592,0.200708743
SDMT,92548,3.5,4,3.75,271,9.65727433,0.032075941,0,1.661169707,7,1,169.1459582,205.9168186,194.5159601,132.7825656,243.1081647,0.471356821,0.274646527,0.331604604,0.713405876,0.108612354
SDMT,92548,4,4.5,4.25,268,5.13327794,0.089450971,0,2.267043334,7,1,177.6980195,216.3280237,232.2962641,136.6843418,285.3920059,0.410901391,0.214191097,0.142973423,0.673312788,-0.062876714
SDMT,92548,4.5,5,4.75,248,2.168992489,0.02400183,0.00707751,2.481733379,7,1,139.2333351,169.5014514,172.0708757,111.6514557,245.8287234,0.577277551,0.380567257,0.365522286,0.79804673,0.008793699
SDMT,92548,5,5.5,5.25,275,4.292057784,0.032157758,0.023988067,2.152628732,7,1,162.0735935,197.3069834,187.1507014,129.7732203,263.2373114,0.528720585,0.33201029,0.384856916,0.75098263,0.043715148
SDMT,92548,5.5,6,5.75,282,7.06220985,0.016926791,0.001048245,1.723095483,7,1,162.9731525,198.4020988,174.7363185,135.5771897,248.7241753,0.548321592,0.351611298,0.478628985,0.732365927,0.125562518
SDMT,92548,6,6.5,6.25,277,8.804332862,0.013892851,0.003352375,1.726763662,7,1,179.6846847,218.7465727,195.7104743,140.3446006,247.0955924,0.432813943,0.236103649,0.347381111,0.679916675,0.114242231
SDMT,92548,6.5,7,6.75,192,5.888751853,0.002222827,0.042999092,1.761762693,7,1,158.1966027,192.5871686,163.5642531,117.0248712,199.2028842,0.193656792,-0.003053503,0.160289474,0.495108885,-0.036828452
SDMT,92548,7,7.5,7.25,279,4.309971747,0.065856243,0.067333179,2.274547884,7,1,178.0843963,216.7983956,204.8331371,150.7563992,313.5568102,0.448954207,0.252243913,0.309016099,0.615546498,-0.116768775
SDMT,92548,7.5,8,7.75,176,1.305352546,0.006083325,0.064330722,2.566280572,7,1,125.2952196,152.5333108,129.9060784,106.0527842,231.7938807,0.339811285,0.143100991,0.30367228,0.506547061,-0.275364536
SDMT,92548,8,8.5,8.25,216,1.543393209,0.007135961,0.062241657,2.468644953,7,1,130.0052982,158.2673196,131.5438553,111.7851343,240.2633778,0.507703203,0.310992908,0.495938111,0.658699823,-0.106457321
SDMT,92548,8.5,9,8.75,186,0.974169575,0.0001,0.058149979,2.597701391,7,1,115.0343381,140.0418029,110.3633351,75.32215751,140.7373953,0.480515998,0.283805704,0.521968705,0.903972326,0.278850965
SDMT,92548,9,9.5,9.25,182,1.124243307,0.00226646,0.05668863,2.510822653,7,1,118.3385374,144.0643064,112.3706416,100.4028285,212.8781458,0.430457209,0.233746915,0.482203979,0.594816308,-0.156713229
SDMT,92548,9.5,10,9.75,225,1.596822804,0.000330193,0.053633313,2.336095378,7,1,128.1341448,155.9893937,120.7729764,91.6377053,168.89606,0.563022681,0.366312386,0.622187847,0.898257585,0.286816906
SDMT,92548,11,11.5,11.25,257,1.199133191,0.000584739,0.043909151,2.434523688,7,1,121.0180714,147.3263478,108.7399502,96.02887334,188.372526,0.7531362,0.556425906,0.860116831,0.984427175,0.310654561
SDMT,92548,11.5,12,11.75,214,2.142220913,0.024165364,0.041284959,2.495726928,7,1,156.0973991,190.0316163,155.7024783,143.4593153,309.4101717,0.315495849,0.118785555,0.318029019,0.399924537,-0.368691798
SDMT,92548,12,12.5,12.25,199,1.778834876,0.015524936,0.038335484,2.511139848,7,1,146.6477994,178.5277558,140.6022662,136.2028808,294.8054103,0.305271035,0.108560741,0.347369727,0.37915928,-0.393010688
SDMT,92548,12.5,13,12.75,235,1.706709143,0.011876099,0.035459322,2.494558674,7,1,144.0950228,175.4200278,134.9269533,133.8969934,287.522858,0.489112552,0.292402257,0.554851969,0.562514716,-0.201716849
SDMT,92548,13,13.5,13.25,257,2.144336776,0.012826571,0.033721592,2.371934929,7,1,151.2588418,184.1411988,139.6863039,140.7121478,293.6685486,0.530083532,0.333373237,0.609676863,0.602359786,-0.133375661
SDMT,92548,13.5,14,13.75,289,2.031391068,0.005538433,0.032212544,2.239998924,7,1,141.3251472,172.0480053,122.8590485,131.75745,266.0176452,0.715363444,0.51865315,0.855388937,0.785463956,0.082864046
SDMT,92548,14,14.5,14.25,296,6.830939057,0.021712678,0.041694848,1.810764084,7,1,188.437807,229.4025477,178.3869564,177.2901313,323.1596906,0.451591438,0.254881144,0.506404351,0.512571904,-0.087787145
SDMT,92548,14.5,15,14.75,320,3.797216662,0.016262499,0.052006373,2.074659628,7,1,170.001301,206.9581055,154.4919223,160.5860409,312.6088534,0.632514906,0.435804612,0.728179184,0.689491116,0.023368256
SDMT,92548,15,15.5,15.25,247,3.2919,0.0116,0.0507,,7,1,164.0898241,199.761525,146.5499606,155.004,300.5451292,0.408974351,0.212264057,0.522021938,0.465937414,-0.196209586
SDMT,178947,0,1,0.5,569,1.64263114,0.048592645,0.002630341,2.818395749,6,1,103.7495309,126.3037768,295.5897426,57.98951514,145.6512342,1.701900796,1.505190502,0.654907946,2.283618213,1.362665477
SDMT,178947,1,2,1.5,192,1.013037209,0.034336558,0.009467792,3.023070866,6,1,106.6159233,129.793298,217.6483991,74.427856,190.4124545,0.588262497,0.391552202,-0.125385541,0.947665092,0.00830284
SDMT,178947,2,3,2.5,186,0.280582841,0.003478155,0.02959411,3.299885939,6,1,73.52393666,89.50740115,118.9916948,59.16753871,159.877897,0.928135652,0.731425357,0.446692975,1.145373615,0.151336294
SDMT,178947,3,4,3.5,56,0.215581877,0.00179724,0.082851572,3.337557985,6,1,68.3273367,83.18110554,93.04592989,59.26907966,159.5881403,-0.19895824,-0.395668534,-0.50774155,-0.056736057,-1.047244683
SDMT,178947,4,5,4.5,77,0.210608489,0.00215727,0.107724584,3.37864004,6,1,69.88306269,85.07503284,85.36838737,64.33632561,174.1794826,0.09698211,-0.099728185,-0.103170439,0.179681011,-0.816280855
SDMT,178947,5,6,5.5,78,0.259744788,0.002379604,0.11581078,3.275801306,6,1,76.05599822,92.58991088,88.03082633,70.69954711,185.9229927,0.025238939,-0.171471355,-0.120978226,0.09826966,-0.868623744
SDMT,178947,6,7,6.5,75,0.27604765,0.002332406,0.157853994,3.238837091,6,1,77.91436732,94.85227326,82.77614517,74.59641408,193.5513227,-0.038122255,-0.234832549,-0.098651805,0.005395676,-0.948054597
SDMT,178947,7,8,7.5,127,0.322506942,0.00295742,0.168269867,3.189431905,6,1,83.27693184,101.3806127,85.12362314,80.96750183,207.2290629,0.422015504,0.22530521,0.400082497,0.450139224,-0.489637679
SDMT,178947,8,9,8.5,162,1.907294541,0.011932632,0.087331184,2.373965121,6,1,135.5690757,165.0406139,144.6738747,121.5838465,259.8305067,0.178115041,-0.018595253,0.113114266,0.286992216,-0.472433186
SDMT,178947,9,10,9.5,133,6.701158756,0.032400531,0.078921878,1.875980949,6,1,183.4024882,223.2725944,188.6803394,163.2715945,307.1555478,-0.321333999,-0.518044293,-0.349705129,-0.20506591,-0.837005161
SDMT,178947,10,11,10.5,149,4.766904099,0.026346613,0.089316338,2.040293577,6,1,175.1324129,213.2046766,177.0068652,157.1263447,305.9090199,-0.161596027,-0.358306321,-0.172242212,-0.053103919,-0.719341431
SDMT,178947,11,12,11.5,124,4.383784576,0.048920732,0.108951689,2.218820359,6,1,184.8433094,225.0266375,190.0081107,167.6131075,339.0513302,-0.399226924,-0.595937218,-0.426785194,-0.301376826,-1.005869947
SDMT,178947,12,13,12.5,106,0.745928228,0.006207016,0.270722802,2.843900097,6,1,111.5922281,135.8514082,90.42875712,111.9964503,261.325273,-0.051412313,-0.248122608,0.158876768,-0.055028083,-0.902326794
SDMT,178947,13,14,13.5,106,0.503655167,0.003681153,0.338649982,2.973004348,6,1,99.14923942,120.7034219,72.10167465,103.5396899,248.2462877,0.06681291,-0.129897384,0.385361823,0.023484078,-0.850982255
SDMT,178947,14,15,14.5,105,0.581269555,0.00545465,0.364105251,2.958127487,6,1,105.7727906,128.7668755,78.73597506,111.3976996,266.3177862,-0.007332958,-0.204043253,0.287860183,-0.059146327,-0.930729931
SDMT,178947,15,16,15.5,98,0.671143284,0.009078753,0.403141451,2.969268707,6,1,113.5886835,138.2818756,86.94055688,120.8611348,289.7053118,-0.147616406,-0.3443267,0.119742848,-0.209674762,-1.083896761
SDMT,178947,16,17,16.5,95,0.649937409,0.008008947,0.404827004,2.963315593,6,1,112.6010499,137.079539,80.83662902,121.146297,289.4985759,-0.169974148,-0.366684442,0.161446699,-0.24312199,-1.114273486
SDMT,178947,17,18,17.5,96,0.659810278,0.009073453,0.421877941,2.978425466,6,1,114.4649804,139.3486718,79.39745944,124.6974145,298.6809837,-0.175920737,-0.372631031,0.189881821,-0.261541927,-1.135027868
SDMT,178947,18,19,18.5,98,0.653856642,0.008172161,0.434122259,2.964359682,6,1,114.096449,138.9000249,74.68387802,125.3805918,298.7990382,-0.152076656,-0.34878695,0.271703233,-0.246386367,-1.114803756
SDMT,92556,0,2,1,132,1.802692136,0.004922379,0.01178021,2.362136437,7,1,98.69027007,120.1446766,187.4082072,57.50923954,126.146484,0.290815562,0.094105268,-0.350487241,0.8308563,0.045358119
SDMT,92556,2,2.5,2.25,133,3.435020554,0.005579203,0.018481023,1.980701733,7,1,123.8362263,150.7571451,154.796913,85.82522091,168.8323362,0.071389191,-0.125321103,-0.151764891,0.438036215,-0.238557001
SDMT,92556,2.5,3,2.75,154,3.299522722,0.003438849,0.022445877,1.971578056,7,1,124.4266326,151.4759006,149.4270228,86.68922375,166.774516,0.213236357,0.016526062,0.030144471,0.57462302,-0.079690094
SDMT,92556,3,3.5,3.25,134,0.913563275,0.00493492,0.027168584,2.633161566,7,1,99.1782747,120.7387692,138.6768309,77.78411594,180.6316065,0.300920815,0.10421052,-0.034306469,0.543902555,-0.298619834
SDMT,92556,3.5,4,3.75,142,7.758617705,0.012597151,0.027928007,1.639456234,7,1,153.2413251,186.5546567,170.3944188,119.0585692,214.9453766,-0.076186909,-0.272897204,-0.182288803,0.176211507,-0.414556876
SDMT,92556,4,4.5,4.25,156,9.227562397,0.013423514,0.032940913,1.555828728,7,1,158.9035866,193.4478446,173.3947772,127.0649533,223.9974519,-0.018441637,-0.215151932,-0.105714937,0.205157608,-0.361778669
SDMT,92556,4.5,5,4.75,182,9.560024719,0.023439048,0.037352981,1.610834169,7,1,168.6363882,205.2964725,185.1518857,137.9666326,247.7765161,0.076261839,-0.120448455,-0.017169805,0.276994824,-0.308520508
SDMT,92556,5,5.5,5.25,182,10.45777038,0.023620177,0.041621309,1.559521758,7,1,171.7579384,209.0966206,186.4261403,143.7997911,254.5594544,0.057920536,-0.138789758,-0.024028443,0.235584695,-0.335527734
SDMT,92556,5.5,6,5.75,215,13.99374973,0.02804543,0.046788351,1.423657484,7,1,179.35182,218.3413461,194.0310134,156.0107592,266.9458196,0.181288676,-0.015421618,0.102620019,0.320713054,-0.216407687
SDMT,92556,6,6.5,6.25,203,14.17061476,0.029855043,0.051483646,1.426496815,7,1,182.445301,222.1073229,196.4933121,160.792856,274.8911196,0.106755571,-0.089954722,0.032577583,0.233089051,-0.303169111
SDMT,92556,6.5,7,6.75,205,12.75891227,0.031478215,0.054840814,1.494708346,7,1,184.396924,224.4832119,197.0538392,162.5207083,282.0154191,0.105919349,-0.090790945,0.039532992,0.23220455,-0.318951768
SDMT,92556,7,7.5,7.25,205,10.19603657,0.02463383,0.058338491,1.580502911,7,1,179.1406273,218.0842419,188.1036811,157.2820503,277.6930862,0.134838854,-0.06187144,0.086016673,0.264969287,-0.303506518
SDMT,92556,7.5,8,7.75,187,8.66572031,0.023932794,0.060972215,1.668012891,7,1,177.9049441,216.5799319,184.7227069,156.1432121,281.023703,0.049859231,-0.146851063,0.012252798,0.180335004,-0.407330401
SDMT,92556,8,8.5,8.25,208,10.61654299,0.021374599,0.06570545,1.53674008,7,1,180.2811989,219.4727639,186.0560424,162.0677748,281.7635581,0.143020232,-0.053690063,0.111490148,0.249523469,-0.303530193
SDMT,92556,8.5,9,8.75,210,9.702733954,0.021389766,0.068898923,1.586148914,7,1,180.3774686,219.5899618,184.2772903,162.6295693,285.8266137,0.152055828,-0.044654467,0.130665895,0.255632497,-0.30827785
SDMT,92556,9,9.5,9.25,201,13.14611716,0.031095755,0.073880773,1.475835627,7,1,191.7691645,233.4581133,198.9938143,177.9883504,305.0074875,0.047012528,-0.149697767,0.010031168,0.121586807,-0.417031417
SDMT,92556,9.5,10,9.75,202,14.64357384,0.036235994,0.078255889,1.443567496,7,1,197.4119031,240.3275342,205.8805172,185.784599,315.5585205,0.022975273,-0.173735021,-0.01902829,0.083679765,-0.446076452
SDMT,92556,10,10.5,10.25,217,12.63163674,0.025377118,0.083641718,1.46525408,7,1,189.9215143,231.2088,194.1289974,179.0465685,304.7827028,0.133286449,-0.063423845,0.11137448,0.192251422,-0.339701719
SDMT,92556,10.5,11,10.75,149,5.185661864,0.028080199,0.076923439,1.968456669,7,1,175.7371228,213.9408452,174.9504721,160.9487204,310.5115664,-0.165042952,-0.361753247,-0.160556611,-0.077139501,-0.734274846
SDMT,92556,11,11.5,11.25,134,0.281691466,0.007453527,0.118257014,3.433682807,7,1,89.45810415,108.9055181,13.41923247,95.98464137,258.7186159,0.404069394,0.2073591,2.301150863,0.333651607,-0.657901246
SDMT,92556,11.5,12,11.75,160,0.618550852,0.008323902,0.266091678,2.994935816,7,1,108.5140175,132.1040213,89.29274697,109.80559,266.9130079,0.388294457,0.191584163,0.583253552,0.376462377,-0.511748977
SDMT,92556,12,12.5,12.25,173,2.823404639,0.023109234,0.187157714,2.269933958,7,1,157.5583874,191.8102108,147.5478514,150.4585314,311.5146057,0.093495491,-0.103214803,0.159139055,0.139604087,-0.588154631
SDMT,92556,12.5,13,12.75,153,2.903445922,0.03710615,0.182031826,2.353174954,7,1,165.1998318,201.1128387,157.581726,158.8786416,334.7343879,-0.076717922,-0.273428216,-0.029506298,-0.037702729,-0.782899424
SDMT,92556,13,13.5,13.25,163,6.30074887,0.057063365,0.04817383,2.02241106,7,1,199.8234475,243.2633274,196.1183851,186.0701978,359.5140143,-0.203684013,-0.400394308,-0.184968282,-0.132373809,-0.791002958
SDMT,92556,13.5,14,13.75,177,5.821222693,0.05282791,0.035017896,2.047337252,7,1,196.4807735,239.1939851,190.2175746,184.6796498,359.0687783,-0.104414849,-0.301125143,-0.072018814,-0.042472969,-0.707364221
SDMT,92556,14,14.5,14.25,171,12.7935723,0.058049208,0.061518749,1.615166091,7,1,217.3390839,264.5867108,216.0913921,210.5591348,368.9389833,-0.239795176,-0.43650547,-0.234037873,-0.208102983,-0.768967717
SDMT,92556,14.5,15,14.75,197,17.06857082,0.058210106,0.127474675,1.448710837,7,1,221.4589764,269.6022322,224.9961053,221.6498747,373.1014472,-0.117033635,-0.31374393,-0.132879364,-0.117895267,-0.63864663
SDMT,92556,15,15.5,15.25,186,9.339993951,0.041741414,0.126049363,1.728128944,7,1,205.7207327,250.4426312,196.0860489,199.5255073,358.7371941,-0.100772909,-0.297483203,-0.052806914,-0.070195411,-0.656843397
SDMT,92556,15.5,16,15.75,184,9.690257097,0.066403118,0.134254495,1.823168793,7,1,220.0617522,267.9012636,210.7008331,210.3442682,384.2824155,-0.178972441,-0.375682736,-0.135503517,-0.133809803,-0.736441982
SDMT,92556,16,16.5,16.25,147,2.920230751,0.051206293,0.226014804,2.470984276,7,1,177.7981618,216.4499361,156.66659,174.7125943,371.156824,-0.190216398,-0.386926692,-0.06368733,-0.172709719,-0.926192093
SDMT,92556,16.5,17,16.75,185,7.375860322,0.053077963,0.088035879,1.909309467,7,1,206.418208,251.2917315,190.5958304,201.9400102,378.3485689,-0.109548422,-0.306258716,-0.02979929,-0.087614849,-0.715460086
SDMT,92556,17,17.5,17.25,169,8.954161421,0.073011648,0.138772404,1.879416467,7,1,221.5586138,269.7235298,208.0231545,214.9780451,397.8776286,-0.270788462,-0.467498756,-0.207750678,-0.240637192,-0.856245777
SDMT,92556,17.5,18,17.75,162,5.546334,0.051548459,0.124590934,2.054501579,7,1,197.5503313,240.4960555,176.8175508,196.4905869,381.6778848,-0.198397059,-0.395107353,-0.087522079,-0.193018191,-0.856980684
SDMT,92556,18,18.5,18.25,164,11.34394625,0.073876381,0.066462858,1.752112018,7,1,230.1075277,280.1309033,216.7248509,226.1606976,404.9177492,-0.338680284,-0.535390578,-0.278762153,-0.32137937,-0.90381753
SDMT,92556,18.5,19,18.75,163,2.366567268,0.042002278,0.352498418,2.548454391,7,1,171.3224486,208.5664592,139.5107159,173.5055479,374.4723674,-0.049797244,-0.246507539,0.155608786,-0.062459374,-0.831767814
SDMT,92556,19,19.5,19.25,164,3.049600085,0.04139464,0.299761442,2.369130258,7,1,177.6075624,216.2179021,145.0664586,181.0604168,376.9673865,-0.079709983,-0.276420277,0.122674455,-0.098964342,-0.832292248
SDMT,92556,19.5,20,19.75,176,1.070712182,0.020410115,0.295128394,2.856090798,7,1,138.6099247,168.742517,91.41785833,147.9014069,343.4272791,0.238820304,0.04211001,0.655043149,0.173938113,-0.668491389
SDMT,92556,20,20.5,20.25,201,11.25263246,0.065119701,0.185933921,1.723176546,7,1,228.6518052,278.3587193,210.7094267,230.1016022,408.9256877,-0.128895437,-0.325605731,-0.047175152,-0.135216052,-0.710228539
SDMT,92556,20.5,21,20.75,217,16.71071733,0.120975732,0.144527996,1.649470657,7,1,257.8704502,313.9292437,247.4782071,258.1791625,447.263665,-0.172559974,-0.369270268,-0.131425172,-0.173756419,-0.723250922
SDMT,92556,21,21.5,21.25,195,17.10952512,0.107923186,0.136346618,1.602062442,7,1,254.2091869,309.4720536,243.9288304,258.3185633,443.4145243,-0.26515794,-0.461868234,-0.223876945,-0.281194006,-0.821505495
SDMT,92556,21.5,22,21.75,209,12.15818094,0.084524854,0.132508008,1.73969014,7,1,240.0777525,292.2685682,220.1753674,242.5434941,430.9933176,-0.138628588,-0.335338882,-0.052090101,-0.148846799,-0.723758334
SDMT,92556,22,22.5,22.25,178,11.34720956,0.092541638,0.1649257,1.812073284,7,1,243.092673,295.9389062,219.4688566,243.4910732,438.3913272,-0.311659191,-0.508369485,-0.209426789,-0.313296731,-0.901328402
SDMT,92556,22.5,23,22.75,206,10.86498295,0.05385705,0.192835121,1.701605915,7,1,226.2132076,275.3899919,202.0062857,232.7756467,410.7730945,-0.093601782,-0.290312077,0.019577355,-0.122198931,-0.690164812
SDMT,92556,23,23.5,23.25,196,10.52560336,0.062365004,0.203783286,1.755323947,7,1,230.4088476,280.4977276,203.7776911,235.9743233,420.8909631,-0.16174067,-0.358450964,-0.038914991,-0.18560834,-0.764259146
SDMT,92556,23.5,24,23.75,194,13.2772396,0.122207278,0.208603359,1.795137497,7,1,258.5174237,314.7168636,234.0175346,259.5414106,462.6304783,-0.287104936,-0.48381523,-0.187537888,-0.291058109,-0.869070473
SDMT,92556,24,24.5,24.25,204,15.64242185,0.152783603,0.214499646,1.757941986,7,1,271.3394357,330.3262696,249.2813258,272.2849877,479.3554944,-0.285250574,-0.481960868,-0.200462087,-0.288729273,-0.854322488
SDMT,92556,24.5,25,24.75,223,15.49658402,0.141299549,0.215072335,1.740911016,7,1,268.6243885,327.0209947,245.2918291,271.6973137,476.9341972,-0.186142307,-0.382852601,-0.095276869,-0.197516858,-0.760206759
SDMT,92556,25,25.5,25.25,198,14.44310391,0.153139897,0.222969048,1.805178409,7,1,270.6678198,329.5086501,243.8295214,272.268857,484.1423416,-0.312625281,-0.509335575,-0.208202268,-0.318522992,-0.894111927
SDMT,92556,25.5,26,25.75,218,14.27040912,0.129252796,0.224500898,1.764492495,7,1,264.4838976,321.9803971,236.6236367,269.4637571,475.8988932,-0.193285308,-0.389995602,-0.081975785,-0.211938837,-0.78071036
SDMT,92556,26,26.5,26.25,229,16.71397307,0.148224655,0.227067369,1.707676981,7,1,273.9427987,333.495581,249.0733,280.3133761,487.3806244,-0.179197317,-0.375907611,-0.084025227,-0.202186174,-0.755323384
SDMT,92556,26.5,27,26.75,222,5.245313058,0.083781453,0.439214455,2.226281607,7,1,216.8266202,263.9628419,163.9347277,227.4471184,450.8235661,0.023579333,-0.173130961,0.303209035,-0.024240383,-0.708398675
SDMT,167294,0,2,1,261,0.341415765,0.011195198,0.001651726,3.276077349,8,1,75.69856039,92.15476917,318.5331,59.17585417,166.3246564,1.237761264,1.04105097,-0.199205987,1.484006817,0.450578768
SDMT,167294,2,2.5,2.25,178,0.582047164,0.025937493,0.000973769,3.288762164,8,1,97.57181983,118.783085,264.5755163,75.50672225,203.4729603,0.60119483,0.404484536,-0.396343166,0.857561862,-0.133749573
SDMT,167294,2.5,3,2.75,160,0.448879741,0.018013076,0,3.357086512,8,1,91.99900083,111.9987836,215.841025,74.62878669,203.8034989,0.553396099,0.356685805,-0.299368326,0.762647502,-0.241982474
SDMT,167294,3,3.5,3.25,146,0.557091758,0.022383242,0,3.27529064,8,1,100.0464907,121.7957278,211.4038195,82.12197174,219.0623361,0.377971637,0.181261343,-0.370163519,0.575401019,-0.405749707
SDMT,167294,3.5,4,3.75,130,0.611618295,0.027577824,0.005127132,3.272175704,8,1,105.6136199,128.5731025,207.5125455,88.13101538,233.5613907,0.207747111,0.011036817,-0.467657348,0.388709932,-0.585910507
SDMT,167294,4,4.5,4.25,131,0.484542912,0.011989835,0.001647934,3.218845117,8,1,96.34513247,117.2897265,167.6870111,82.35115574,215.9712801,0.307260449,0.110550154,-0.246901889,0.464204832,-0.499948113
SDMT,167294,4.5,5,4.75,144,0.538825239,0.010574894,0,3.124292016,8,1,99.11189199,120.6579555,159.0645022,85.35448819,218.7162999,0.373563866,0.176853571,-0.099496495,0.523000266,-0.417962156
SDMT,167294,5,5.5,5.25,134,0.555865512,0.012730438,0.003954199,3.146917533,8,1,102.1918118,124.4074231,158.054494,89.52702678,229.8587197,0.270988245,0.07427795,-0.165100072,0.403299245,-0.539625058
SDMT,167294,5.5,6,5.75,144,0.50637994,0.011018476,0.005512353,3.174204359,8,1,100.3819414,122.2041026,148.0361389,89.51755013,230.6800651,0.360830975,0.164120681,-0.027643126,0.475378603,-0.471218451
SDMT,167294,6,6.5,6.25,108,0.634869342,0.017763882,0.008097368,3.145826158,8,1,109.9806362,133.8894701,160.0892468,98.47783668,251.1122625,-0.018173089,-0.214883382,-0.393600225,0.092299713,-0.843768873
SDMT,167294,6.5,7,6.75,90,0.531131566,0.011183438,0.010067179,3.149310353,8,1,103.5337868,126.0411318,139.9265716,94.36209171,240.7852108,-0.140088332,-0.336798626,-0.441308126,-0.047329751,-0.984095624
SDMT,167294,7,7.5,7.25,98,0.64887097,0.02215185,0.014522319,3.18419181,8,1,114.1585969,138.9756831,156.1808636,104.8546568,268.359389,-0.152621204,-0.349331497,-0.466047239,-0.067607692,-1.007359607
SDMT,167294,7.5,8,7.75,86,0.735220447,0.031630254,0.018490925,3.193929381,8,1,121.2432636,147.6004948,164.3114998,112.0199662,286.1270337,-0.343451674,-0.540161968,-0.647416719,-0.264329829,-1.20208859
SDMT,167294,8,8.5,8.25,108,0.744895508,0.010545374,0.029953135,2.938399025,8,1,113.6842828,138.3982573,136.2895369,104.2484106,252.0329789,-0.05129393,-0.248004224,-0.232650343,0.035354613,-0.84742872
SDMT,167294,8.5,9,8.75,138,0.781312456,0.013901281,0.037962929,2.965629094,8,1,117.5947974,143.1588837,138.8857874,109.1741883,265.2631326,0.16000889,-0.036701403,-0.006398237,0.234309021,-0.653468601
SDMT,167294,9,9.5,9.25,158,0.616693809,0.012262299,0.043748649,3.079707778,8,1,111.4335154,135.6581926,126.9371077,106.0503324,264.205051,0.349166894,0.152456601,0.218903284,0.398681218,-0.514130477
SDMT,167294,9.5,10,9.75,170,0.874699488,0.018075934,0.046731823,2.957960955,8,1,124.2948976,151.3155275,142.6411613,116.8732001,282.3311221,0.313141488,0.116431194,0.175466322,0.37470885,-0.507282137
SDMT,167294,10,10.5,10.25,176,0.949565948,0.025013865,0.049971732,2.983977003,8,1,130.2361821,158.5483956,149.2244679,123.1968858,298.4414939,0.301134408,0.104424113,0.165032327,0.356700222,-0.528089918
SDMT,167294,10.5,11,10.75,183,0.876707223,0.021266707,0.051489458,2.993604842,8,1,127.2525606,154.9161607,140.1885857,121.7611358,295.5795369,0.363312375,0.166602081,0.266497596,0.407424931,-0.479451808
SDMT,167294,11,11.5,11.25,180,0.827142878,0.020140732,0.058378427,3.015894117,8,1,125.7936803,153.1401325,134.3348946,121.7301465,296.764667,0.358313744,0.16160345,0.292620955,0.39115017,-0.499982607
SDMT,167294,11.5,12,11.75,172,0.901882224,0.021329459,0.063917984,2.977287289,8,1,129.3382243,157.4552296,135.7194195,125.3505244,302.4868816,0.28506361,0.088353315,0.236904814,0.316380469,-0.564543433
SDMT,167294,12,12.5,12.25,194,0.892310663,0.021875748,0.073021323,2.989818531,8,1,129.8395311,158.0655162,133.1575319,126.8827329,306.6758422,0.401558847,0.204848552,0.376325281,0.424594862,-0.457933142
SDMT,167294,12.5,13,12.75,194,0.770933356,0.010249441,0.079678616,2.912032515,8,1,120.0318378,146.1257155,112.9727121,117.9669821,280.4153286,0.480101136,0.283390843,0.540711855,0.497453386,-0.368413662
SDMT,167294,13,13.5,13.25,182,1.065638044,0.017802187,0.097369468,2.837425374,8,1,133.9745964,163.0995087,129.9987229,130.7831435,304.9577752,0.306356484,0.10964619,0.336482061,0.330466129,-0.516166638
SDMT,167294,13.5,14,13.75,182,1.27490864,0.025999814,0.115170084,2.816161753,8,1,143.4980441,174.693271,140.8959442,139.9235602,323.7956203,0.237685282,0.040974988,0.255985054,0.262910412,-0.576105828
SDMT,167294,14,14.5,14.25,174,1.297167278,0.031842032,0.137637193,2.854174143,8,1,146.7265731,178.6236542,143.7365596,144.0763367,335.5023445,0.170484491,-0.026225803,0.191073122,0.188712024,-0.656573645
SDMT,167294,14.5,15,14.75,185,1.373726093,0.030253423,0.159560541,2.807422156,8,1,148.357167,180.6087251,142.0334959,146.0488492,336.3411715,0.220733168,0.024022874,0.264292909,0.236414676,-0.597770211
SDMT,167294,15,15.5,15.25,171,1.4056,0.037,0.1719,,8,1,151.3740023,184.2813942,145.7758977,149.3674155,345.6270159,0.121909946,-0.074800349,0.159593061,0.13525441,-0.703696648
SDMT,92525,0,1,0.5,106,2.151770563,0.037979569,0.000930521,2.577135632,7,2,105.6819122,128.656241,264.0702219,58.18942949,139.4269986,0.00300534,-0.193704955,-0.912775966,0.59973538,-0.274102063
SDMT,92525,1,1.5,1.25,142,4.952120089,0.042250289,0.000850274,2.12104479,7,2,141.5765695,172.3540846,215.923824,90.76934473,189.5994404,0.00298636,-0.193723935,-0.419098621,0.447505442,-0.289086581
SDMT,92525,1.5,2,1.75,163,2.433701161,0.030711655,0.003055144,2.444793946,7,2,126.885966,154.4698716,201.9945573,87.70786199,197.1881211,0.250461423,0.053751129,-0.214490552,0.619738659,-0.190408002
SDMT,92525,2,2.5,2.25,178,3.323395582,0.024760442,0.00264311,2.236110437,7,2,136.597015,166.2920183,188.6678337,96.6641368,204.8725024,0.264748456,0.068038161,-0.058204425,0.610541087,-0.140604296
SDMT,92525,2.5,3,2.75,142,2.338966004,0.023400149,0.005497948,2.413507837,7,2,130.6228945,159.0191759,183.3098154,96.73206409,213.4463081,0.083512554,-0.11319774,-0.255350644,0.383882127,-0.407558259
SDMT,92525,3,3.5,3.25,164,2.33821545,0.032853135,0.006021637,2.479996348,7,2,136.6717301,166.3829758,191.1099175,104.2311569,232.724765,0.182284508,-0.014425786,-0.152982319,0.453255333,-0.349990061
SDMT,92525,3.5,4,3.75,145,4.598267745,0.04428519,0.001374972,2.149329176,7,2,159.5875347,194.280477,202.8961536,122.5637771,252.1303358,-0.095858836,-0.29256913,-0.335960547,0.168102219,-0.553212417
SDMT,92525,4,4.5,4.25,194,7.6962084,0.055843565,0.002474688,1.917033509,7,2,178.9919693,217.903267,212.6196913,139.335888,269.2426031,0.080517218,-0.116193076,-0.091646924,0.33097068,-0.327754684
SDMT,92525,4.5,5,4.75,175,5.141081841,0.045532336,0.002502718,2.066218867,7,2,165.6921676,201.712204,200.7168172,133.3261547,268.8784181,0.054654319,-0.142055975,-0.137109071,0.271987557,-0.429473326
SDMT,92525,5,5.5,5.25,198,4.394023,0.0636809,0.004529414,2.268290834,7,2,171.6132251,208.920448,210.2350332,137.810231,287.7378196,0.143023777,-0.053686517,-0.05995908,0.36238943,-0.373782686
SDMT,92525,5.5,6,5.75,222,10.82488267,0.081733608,0.012953875,1.801347122,7,2,200.9367143,244.6186087,229.7902413,164.3060976,306.1878528,0.099687378,-0.097022917,-0.034489517,0.300946245,-0.32152143
SDMT,92525,6,6.5,6.25,240,15.45883317,0.104110638,0.003551464,1.654439266,7,2,216.2170701,263.2207809,245.2478317,180.6066964,323.5656455,0.104356066,-0.092354228,-0.021630334,0.284317204,-0.298763093
SDMT,92525,6.5,7,6.75,203,10.63861399,0.137247193,0.017649447,1.963199989,7,2,220.1880348,268.0549989,253.2939899,178.9043653,341.0538213,-0.081275906,-0.2779862,-0.22134485,0.126354588,-0.51883432
SDMT,92525,7,7.5,7.25,285,15.78532921,0.092586116,0.004094309,1.608747137,7,2,216.4703978,263.52918,240.0447411,186.956136,330.918893,0.275035373,0.078325078,0.171663853,0.421615158,-0.149384129
SDMT,92525,7.5,8,7.75,225,13.49437506,0.078225628,0.007976295,1.661642072,7,2,211.3114266,257.2486933,230.5371729,183.6169444,328.8762887,0.062767401,-0.133942893,-0.024311718,0.203248639,-0.379581256
SDMT,92525,8,8.5,8.25,215,13.33283666,0.05230588,0.002229956,1.573197654,7,2,201.6165424,245.4462255,214.9244959,180.3857011,317.0602551,0.06427044,-0.132439854,0.000351244,0.175540686,-0.388453807
SDMT,92525,8.5,9,8.75,305,13.96179946,0.056001239,0.003350035,1.55944381,7,2,205.1741623,249.7772411,218.1959619,185.631478,324.7963372,0.396452586,0.199742292,0.33491821,0.496548369,-0.062886555
SDMT,92525,9,9.5,9.25,206,8.3079966,0.042157342,0.007959384,1.809898282,7,2,192.7662885,234.6720034,197.6018387,170.868691,316.240907,0.066397654,-0.13031264,0.041622078,0.186980796,-0.428628118
SDMT,92525,9.5,10,9.75,223,6.97004799,0.098561961,0.011396118,2.096700223,7,2,207.0146863,252.017879,220.8368738,181.4060307,357.4275783,0.074382032,-0.122328262,0.00974747,0.206433989,-0.471760992
SDMT,92525,10,10.5,10.25,190,1.739131894,0.034830731,0.005284836,2.692305649,7,2,151.2008234,184.0705677,148.5740719,138.1585866,312.9648848,0.228415163,0.031704868,0.245940438,0.318621869,-0.499066923
SDMT,92525,10.5,11,10.75,199,5.902408559,0.073995997,0.014910253,2.12658019,7,2,198.7901564,242.0054077,202.6136428,177.7096478,352.5322825,0.001055047,-0.195655247,-0.017996103,0.113153798,-0.571837375
SDMT,92525,11,11.5,11.25,207,4.252722218,0.054115716,0.022664155,2.242453604,7,2,184.4351554,224.5297544,182.9448242,167.2715939,341.567462,0.115420853,-0.081289441,0.123534193,0.213099991,-0.500826412
SDMT,92525,11.5,12,11.75,213,7.571229635,0.096377727,0.033903956,2.053143895,7,2,214.8501079,261.5566531,218.1283269,192.9964331,373.8469635,-0.008648447,-0.205358741,-0.023791379,0.098620458,-0.562554359
SDMT,92525,12,12.5,12.25,191,4.861776304,0.069952372,0.023751658,2.238177694,7,2,196.1560102,238.7986211,192.5153125,178.3726918,361.2078421,-0.026636885,-0.223347179,-0.007902268,0.068398292,-0.637180105
SDMT,92525,12.5,13,12.75,193,4.173600425,0.060785754,0.016395936,2.290493571,7,2,189.5334593,230.7363853,181.9054292,174.4018328,357.8762003,0.018124614,-0.178585681,0.059203257,0.101328168,-0.617496928
SDMT,92525,13,13.5,13.25,187,8.062553722,0.098458159,0.016321998,2.017988633,7,2,220.0294975,267.861997,217.0151716,201.7244935,386.6379528,-0.162653,-0.359363294,-0.148858649,-0.075794256,-0.726380116
SDMT,92525,13.5,14,13.75,178,2.185485145,0.029040234,0.027120805,2.527942521,7,2,162.2337553,197.501963,144.3497521,152.6100841,329.7971979,0.092745321,-0.103964973,0.209544362,0.153897352,-0.616694363
SDMT,92525,14,14.5,14.25,187,4.4502839,0.047222912,0.011589469,2.191967778,7,2,189.3370847,230.4973205,174.6017953,177.7848223,356.3749889,-0.012420327,-0.209130621,0.068600691,0.050534661,-0.644874899
SDMT,92525,14.5,15,14.75,202,4.333477161,0.064573092,0.012233901,2.283006548,7,2,195.2701023,237.7201246,180.938732,183.5164382,374.3502947,0.033883957,-0.162826337,0.110109221,0.095963452,-0.616924279
SDMT,92525,15,15.5,15.25,245,4.656533361,0.058071673,0.006001424,2.225480345,7,2,197.0570557,239.8955461,179.6441075,185.5117882,372.5470599,0.217764901,0.021054607,0.310280497,0.278139782,-0.419105155
SDMT,92525,15.5,16,15.75,286,13.43440917,0.118768411,0.005630444,1.744630989,7,2,240.7724161,293.1142457,239.3759338,231.3771189,415.4579466,0.172139655,-0.024570639,0.17795655,0.211942882,-0.373389587
SDMT,92525,16,16.5,16.25,327,14.75263299,0.088779199,0.0055742,1.640513942,7,2,237.1288703,288.6786247,233.228172,230.9177665,403.4887428,0.321356421,0.124646127,0.337942918,0.347898513,-0.210188418
SDMT,92525,16.5,17,16.75,334,16.2176645,0.107596515,0.006698085,1.633313605,7,2,246.1020474,299.6024925,243.332589,239.865083,417.1758019,0.305394716,0.108684422,0.316711806,0.331064382,-0.222366727
SDMT,92525,17,17.5,17.25,331,16.16848289,0.097989724,0.005463618,1.611326562,7,2,243.6762526,296.649351,239.4441586,239.8597254,415.203666,0.306277865,0.10956757,0.323798144,0.3220641,-0.226650786
SDMT,92525,17.5,18,17.75,256,15.91478413,0.096708762,0.003575419,1.615855854,7,2,243.6432793,296.6092096,237.8755032,240.959444,417.452624,0.049472259,-0.147238035,0.073430003,0.060548807,-0.488993618
SDMT,92525,18,18.5,18.25,416,16.74812457,0.109570746,0.002020937,1.616313835,7,2,249.5292225,303.7747056,244.1096469,247.1672434,427.4383455,0.511109228,0.314398934,0.533067763,0.520620054,-0.027124797
SDMT,92525,18.5,19,18.75,266,14.71508001,0.084977048,0.000351753,1.629698963,7,2,239.6882551,291.7943976,229.4130065,239.3307266,415.9838626,0.104157167,-0.092553128,0.147972408,0.10564992,-0.447150159
SDMT,92525,19,19.5,19.25,204,18.82954008,0.110355282,0.00282745,1.560872696,7,2,254.8451331,310.246249,250.4086675,255.2789038,434.0248217,-0.222536046,-0.41924634,-0.204974259,-0.224236694,-0.754981731
SDMT,92525,19.5,20,19.75,295,16.05317927,0.077675921,0.015512379,1.555824684,7,2,239.3519809,291.3850203,230.3724603,244.0488815,416.8633238,0.209040164,0.01232987,0.247277965,0.189606817,-0.345783051
SDMT,92525,20,20.5,20.25,388,21.57941974,0.075706916,0.030638316,1.372246033,7,2,240.6705663,292.9902547,242.9939368,255.9003591,419.027009,0.477576286,0.280865992,0.467968848,0.416217193,-0.076930039
SDMT,92525,20.5,21,20.75,352,10.05670281,0.058061084,0.057797875,1.733694381,7,2,221.0778278,269.1382252,201.2319981,225.7886017,405.0288142,0.465116374,0.26840608,0.559172714,0.444032005,-0.140327035
SDMT,156438,0,2,1,617,0.176050825,0.002657561,0,3.508557342,6,2,56.7679052,69.10875415,175.8586658,39.54469499,115.6631033,2.385897907,2.189187613,1.255188387,2.747437473,1.67418734
SDMT,156438,2,2.5,2.25,749,0.933677033,0.02511167,0.017329314,2.993895539,6,2,107.6966321,131.1089434,226.1957795,80.50698927,203.0987232,1.939420671,1.742710377,1.197338078,2.23039498,1.305046802
SDMT,156438,2.5,3,2.75,151,1.973695514,0.012556283,0.021426421,2.379696848,6,2,120.7187858,146.9620001,181.57153,89.55103852,196.4242373,0.22381608,0.027105786,-0.184369844,0.522471111,-0.262996959
SDMT,156438,3,3.5,3.25,133,4.368083975,0.016996142,0.020153945,1.988450147,6,2,143.120049,174.2331032,179.6714111,107.882373,214.4382686,-0.073334653,-0.270044948,-0.300780561,0.209307634,-0.477672777
SDMT,156438,3.5,4,3.75,124,2.395158222,0.011798161,0.015138305,2.273122394,6,2,129.8476342,158.0753807,169.2905067,99.90125771,211.133624,-0.046080153,-0.242790447,-0.311334648,0.21609929,-0.532209657
SDMT,156438,4,4.5,4.25,148,1.818537738,0.005586912,0.006093246,2.319259276,6,2,120.4053699,146.5804503,149.5255421,93.44818874,197.3667401,0.206348141,0.009637847,-0.010254955,0.459805122,-0.287851349
SDMT,156438,4.5,5,4.75,157,3.098442272,0.006711773,0.034614486,2.07923825,6,2,136.5052394,166.1802914,157.1214318,105.6769841,208.7392289,0.139882808,-0.056827486,-0.000773152,0.395858684,-0.284839959
SDMT,156438,5,5.5,5.25,148,2.651435006,0.011827041,0.048316094,2.281931985,6,2,141.5800561,172.3583292,172.1810372,111.372031,230.2059688,0.044346949,-0.152363345,-0.151334191,0.284336046,-0.441762151
SDMT,156438,5.5,6,5.75,144,2.169495559,0.006090744,0.067170934,2.240331386,6,2,130.197138,158.5008637,147.5247169,105.0317247,215.7873388,0.100763552,-0.095946743,-0.024182434,0.315550855,-0.404480081
SDMT,156438,6,6.5,6.25,136,1.956143927,0.005994691,0.060560019,2.291184604,6,2,128.892735,156.9128948,144.3199957,105.7701791,219.7749298,0.053674339,-0.143035955,-0.059378141,0.251386267,-0.479949091
SDMT,156438,6.5,7,6.75,104,0.583501389,0.001762253,0.053845008,2.806989066,6,2,97.6388622,118.8647018,110.2342022,82.01462659,189.4275377,0.063115307,-0.133594987,-0.058216314,0.237493295,-0.599615665
SDMT,156438,7,7.5,7.25,140,0.670131304,0.002609714,0.048912666,2.767549386,6,2,102.5531431,124.8473046,114.6507957,88.17499105,203.1994246,0.311261289,0.114550995,0.199751473,0.462319048,-0.372545461
SDMT,156438,7.5,8,7.75,131,1.027869671,0.003157924,0.044812363,2.551568059,6,2,113.4129662,138.0679589,122.2818059,97.05910146,212.5214172,0.144161598,-0.052548697,0.068869058,0.299877237,-0.483845447
SDMT,156438,8,8.5,8.25,139,0.412640025,0.002669162,0.038892519,3.039740262,6,2,93.85251173,114.2552317,99.42141077,85.40012149,209.8246378,0.392749407,0.196039113,0.335106443,0.48712641,-0.411798191
SDMT,156438,8.5,9,8.75,154,0.737709692,0.007242737,0.033476345,2.899197949,6,2,113.2501387,137.8697341,126.905293,102.4742776,243.3926234,0.307353613,0.110643319,0.193511519,0.407340786,-0.457723271
SDMT,156438,9.5,10,9.75,199,2.555940785,0.001548351,0.078598858,2.14136143,6,2,142.0294884,172.9054641,140.4123151,111.8871532,207.8825848,0.337270124,0.14055983,0.348721623,0.575814022,-0.043668599
SDMT,156438,10,10.5,10.25,214,9.242558189,0.02118052,0.019034842,1.624488748,6,2,184.520634,224.6338153,184.59663,168.5761181,296.9431878,0.14821472,-0.048495574,0.147802949,0.238588628,-0.327564819
SDMT,156438,10.5,11,10.75,254,8.549500327,0.028769202,0.054182637,1.711574855,6,2,188.852241,229.907076,189.126826,173.2672968,312.5726015,0.296369351,0.099659057,0.29491644,0.382498797,-0.2075025
SDMT,156438,11,11.5,11.25,224,7.834237508,0.020049274,0.04352802,1.694445091,6,2,181.7953439,221.3160708,178.8033356,168.1630729,301.4969936,0.208764482,0.012054187,0.225359534,0.286711871,-0.297113993
SDMT,156438,11.5,12,11.75,228,17.44867079,0.094127779,0.03040544,1.560768108,6,2,232.5991448,283.1641762,243.1987051,217.1744845,374.929704,-0.019970934,-0.216681228,-0.064533197,0.048644522,-0.497392923
SDMT,156438,12,12.5,12.25,341,13.85267937,0.091953154,0.027953494,1.687685346,6,2,229.2115166,279.0401071,236.9885799,212.1141152,377.1132896,0.397237247,0.200526953,0.363870523,0.474758068,-0.100663168
SDMT,156438,12.5,13,12.75,258,13.85286042,0.074798913,0.029600028,1.63127902,6,2,223.3234223,271.8719923,228.1189636,210.8444521,370.8637275,0.14433854,-0.052371754,0.123092322,0.201838917,-0.362875099
SDMT,156438,13,13.5,13.25,299,12.37165352,0.081301175,0.020227356,1.724577029,6,2,225.746308,274.8215924,228.7981025,211.1266961,378.2574136,0.281031736,0.084321441,0.267603607,0.347985165,-0.235131379
SDMT,156438,13.5,14,13.75,336,13.28305066,0.092571864,0.011607876,1.715750756,6,2,232.1412545,282.6067447,235.4249131,217.8432602,388.5250456,0.369765118,0.173054823,0.355719138,0.433335346,-0.145246475
SDMT,156438,14,14.5,14.25,345,15.62683853,0.122928351,0.002508049,1.695131264,6,2,245.8887415,299.3428157,251.8204706,230.5929207,407.2691936,0.338665254,0.14195496,0.314828002,0.402890509,-0.165929959
SDMT,156438,14.5,15,14.75,382,17.02258334,0.176237557,0.008983509,1.749033602,6,2,262.8134911,319.9468588,272.0232147,242.8556344,430.8109642,0.373975987,0.177265693,0.339533198,0.452953439,-0.120248787
SDMT,156438,15,15.5,15.25,299,16.46725524,0.152679284,0.018751846,1.72648803,6,2,257.3925299,313.3474277,263.147436,241.0623811,426.328576,0.1498413,-0.046868994,0.127729105,0.215387831,-0.354766781
SDMT,156438,15.5,16,15.75,353,18.97682804,0.187685582,0.031226538,1.70236366,6,2,269.8217855,328.4786954,277.9965683,252.545152,441.9795873,0.26870637,0.071996075,0.238859288,0.334878004,-0.224795641
SDMT,156438,16,16.5,16.25,347,20.70700711,0.224168158,0.045951697,1.704580808,6,2,280.6884634,341.7076946,290.4066348,261.8029333,456.1918947,0.212079397,0.015369102,0.17804265,0.281732722,-0.273588763
SDMT,156438,16.5,17,16.75,326,19.59814709,0.212353973,0.061219741,1.721094225,6,2,278.1019402,338.5588838,284.7376633,260.7608165,456.2953563,0.158909644,-0.037800651,0.135329105,0.223293806,-0.33624293
SDMT,156438,17,17.5,17.25,354,19.19597806,0.183211834,0.072448709,1.687524698,6,2,271.8994202,331.0079899,275.6234647,258.927617,450.8992898,0.263864694,0.067154399,0.250261237,0.312748362,-0.241947097
SDMT,156438,17.5,18,17.75,359,19.7914545,0.202276176,0.086720371,1.699592515,6,2,277.965016,338.3921934,281.4374348,264.3072899,460.1592319,0.255827124,0.05911683,0.243412222,0.306209985,-0.248250197
SDMT,156438,18,18.5,18.25,345,19.65250123,0.175811254,0.096867093,1.660383988,6,2,272.27985,331.4711218,273.6060343,263.008627,455.0121177,0.236714019,0.040003725,0.231855176,0.271357583,-0.276779634
SDMT,156438,18.5,19,18.75,387,21.99382965,0.219396155,0.113319968,1.660974564,6,2,285.7024286,347.8116522,289.2909406,274.3200328,471.9108958,0.303473883,0.106763589,0.290991796,0.344129265,-0.198365495
SDMT,156438,19,19.5,19.25,420,23.4503,0.2814,0.1233,1.702213562,6,2,300.1701512,365.4245319,305.7251732,283.7308727,489.3680896,0.335905227,0.139194932,0.31756814,0.392228554,-0.152860234
SDMT,100703,0,1,0.5,91,2.124042563,0.020985908,0.004403522,2.45504941,7,1,99.64400553,121.3057459,227.4546048,54.16893739,126.6819221,-0.090744383,-0.287454678,-0.916091173,0.518751873,-0.330819888
SDMT,100703,1,1.5,1.25,155,4.354087075,0.081097281,0.014019535,2.350213681,7,1,147.7223374,179.835889,252.8069842,94.057648,206.1751858,0.048090704,-0.14861959,-0.489201172,0.499517246,-0.285301107
SDMT,100703,1.5,2,1.75,176,15.67198174,0.10519121,0.054069516,1.648934215,7,1,184.9631626,225.1725458,244.0858352,127.0258212,234.6249523,-0.049672689,-0.246382983,-0.327035952,0.326093613,-0.287504297
SDMT,100703,2,2.5,2.25,160,15.14040587,0.099763111,0.071544509,1.656213426,7,1,189.0054284,230.0935651,241.8643622,134.9988061,248.3330307,-0.166601921,-0.363312216,-0.413203267,0.169907881,-0.439596896
SDMT,100703,2.5,3,2.75,208,7.397668607,0.045994581,0.016596633,1.893828106,7,1,165.0498787,200.9302872,206.7596949,120.7647485,235.0404545,0.231290356,0.034580062,0.005980855,0.543693654,-0.122219566
SDMT,100703,3,3.5,3.25,169,6.672176885,0.043139931,0.005455781,1.941006071,7,1,165.4807696,201.45485,203.1553097,123.9914765,242.9918881,0.021043723,-0.175666572,-0.184072044,0.30968589,-0.363129346
SDMT,100703,3.5,4,3.75,150,8.459785656,0.054644222,0.003803267,1.85487612,7,1,177.5099978,216.0991277,212.4424149,136.1648548,260.2864195,-0.168391639,-0.365101933,-0.348035669,0.096768975,-0.551147344
SDMT,100703,4,4.5,4.25,225,8.841753996,0.05666124,0.004457087,1.835318443,7,1,181.6967738,221.1960725,213.5392848,142.3195741,270.0289942,0.213761183,0.017050888,0.052279583,0.458025351,-0.182428937
SDMT,100703,4.5,5,4.75,256,11.26131367,0.075217507,0.008762359,1.761117667,7,1,195.2018498,237.6370346,226.8579434,155.6131323,288.6793845,0.271143294,0.074433,0.120853423,0.497804438,-0.120139232
SDMT,100703,5,5.5,5.25,171,9.97586288,0.073452038,0.008572969,1.822863658,7,1,194.4156833,236.6799622,224.1153315,156.9291817,294.9112271,-0.128335008,-0.325045302,-0.270497236,0.085868925,-0.545010829
SDMT,100703,5.5,6,5.75,203,6.176885146,0.034996789,0.00611714,1.941378944,7,1,172.3216187,209.7828402,190.4848039,141.2513596,273.0841525,0.163843372,-0.032866922,0.063633557,0.362664984,-0.29657402
SDMT,100703,6,6.5,6.25,438,13.19780403,0.072656786,0.011678692,1.655911642,7,1,203.2793273,247.4704854,226.880093,171.3477763,308.4222837,0.767637881,0.570927586,0.657797257,0.93852364,0.350749015
SDMT,100703,6.5,7,6.75,195,8.860404234,0.063043395,0.00822681,1.859181279,7,1,194.8679465,237.2305436,214.2716234,163.3578833,307.8313327,0.000677427,-0.196032868,-0.09424492,0.177056162,-0.456552453
SDMT,100703,7,7.5,7.25,217,13.82052218,0.095545199,0.011667445,1.697426683,7,1,215.6789554,262.5656849,239.0065366,183.8911164,331.9483829,0.006106369,-0.190603925,-0.096593548,0.16555353,-0.42508213
SDMT,100703,7.5,8,7.75,246,16.47480514,0.124102473,0.016777159,1.663601447,7,1,228.8541783,278.6050867,254.5028351,196.3489946,349.7276596,0.072246511,-0.124463783,-0.03398044,0.225437875,-0.3518232
SDMT,100703,8,8.5,8.25,250,13.25116167,0.109708824,0.016468492,1.761726405,7,1,222.9790356,271.4527391,243.6476274,191.6541316,349.0936045,0.114383162,-0.082327133,0.025737886,0.265768568,-0.333879176
SDMT,100703,8.5,9,8.75,272,16.65561487,0.119286591,0.013634152,1.646698014,7,1,231.1684675,281.4224822,253.1171606,202.7409602,358.8139541,0.162655325,-0.034054969,0.071949599,0.29387296,-0.277001954
SDMT,100703,9,9.5,9.25,204,15.44358839,0.120594051,0.01713725,1.697314837,7,1,232.2437409,282.7315106,251.2348555,203.8545166,364.2078961,-0.129667434,-0.326377728,-0.208268187,0.000713408,-0.579604854
SDMT,100703,9.5,10,9.75,213,11.55518387,0.084949292,0.002834732,1.775646548,7,1,217.2250636,264.4479035,227.7919927,192.7116738,351.9015812,-0.01964181,-0.216352104,-0.067140734,0.100097012,-0.502059372
SDMT,100703,10,10.5,10.25,205,13.44815696,0.096571228,0.003541344,1.720541891,7,1,225.5026035,274.5249087,236.8707191,201.8630852,362.7808277,-0.095321725,-0.29203202,-0.144504524,0.015420308,-0.570788892
SDMT,100703,10.5,11,10.75,213,17.99462899,0.122179056,0.009780452,1.605201588,7,1,238.8825455,290.8135337,255.2166086,217.520312,379.3969575,-0.114679824,-0.311390118,-0.180820464,-0.021000069,-0.577290873
SDMT,100703,11,11.5,11.25,222,15.92412588,0.129089513,0.014203845,1.696884256,7,1,240.7973114,293.144553,253.6086096,217.4344019,386.1920682,-0.081278166,-0.27798846,-0.13311479,0.020780177,-0.55365745
SDMT,100703,11.5,12,11.75,211,20.79536711,0.105895054,0.015107991,1.47734996,7,1,237.0871988,288.6278942,253.9787578,224.9733754,381.2921362,-0.116569867,-0.313280162,-0.185392499,-0.06412393,-0.59170771
SDMT,100703,12,12.5,12.25,236,13.40826256,0.050365584,0.00139371,1.559942833,7,1,210.5894692,256.3697886,213.3501283,200.8769194,348.7149205,0.11392121,-0.082789084,0.100897194,0.161139426,-0.390422937
SDMT,100703,12.5,13,12.75,256,11.82264664,0.120483756,0.002104512,1.850764843,7,1,235.3553024,286.5194985,239.4575572,214.4519072,394.1899933,0.084081147,-0.112629147,0.066801258,0.17709194,-0.431655565
SDMT,100703,13,13.5,13.25,263,5.344285636,0.124055812,0.006873735,2.346374629,7,1,214.5887599,261.2384904,210.5893385,193.8085874,397.2194187,0.20343058,0.006720286,0.222244058,0.305283023,-0.412334788
SDMT,100703,13.5,14,13.75,263,5.919438735,0.061417715,0.020592121,2.044148594,7,1,197.8340936,240.8415053,188.0097496,187.4545994,366.2160249,0.284725264,0.088014969,0.335660211,0.338617353,-0.331069359
SDMT,100703,14,14.5,14.25,264,13.76773207,0.121811129,0.030690762,1.769819032,7,1,243.2450962,296.1244649,242.8240107,226.2978231,406.4771866,0.081879542,-0.114830752,0.083612158,0.15409717,-0.431578703
SDMT,100703,14.5,15,14.75,238,10.24164905,0.069763538,0.025177539,1.801410796,7,1,220.8735541,268.8895441,211.9566236,209.0502359,380.5461437,0.074680289,-0.122030005,0.115889026,0.129696087,-0.469336767
SDMT,100703,15,15.5,15.25,277,11.70677963,0.111159845,0.026914643,1.843729981,7,1,238.8261078,290.7448268,232.0094578,223.5785371,408.1330646,0.148281801,-0.048428492,0.177239369,0.214254757,-0.387575754
SDMT,100703,15.5,16,15.75,240,12.52617732,0.108520133,0.028599043,1.794891792,7,1,240.3212601,292.5650123,232.9671881,227.3473961,410.3999777,-0.001337689,-0.198047983,0.029741303,0.054159696,-0.536493316
SDMT,100703,16,16.5,16.25,271,10.25141459,0.157460422,0.032501373,2.011129054,7,1,247.2356468,300.9825266,237.4261512,229.799139,433.5242671,0.091776903,-0.104933391,0.132262188,0.164913202,-0.469828953
SDMT,100703,16.5,17,16.75,278,5.317207825,0.101960666,0.09508208,2.282091999,7,1,214.4723636,261.0967905,193.4057629,203.3704358,410.8636638,0.259440225,0.06272993,0.362830733,0.312591991,-0.390640328
SDMT,100703,17,17.5,17.25,254,9.579405737,0.064712883,0.071286057,1.826659252,7,1,222.0512029,270.3232036,204.6313181,214.9146191,391.8810469,0.134426268,-0.062284026,0.216124355,0.167093438,-0.433624075
SDMT,100703,17.5,18,17.75,271,10.95371712,0.05649155,0.060131494,1.713006483,7,1,221.6192098,269.7972989,205.9246211,218.3747746,388.1985618,0.201158183,0.004447889,0.274608636,0.215906085,-0.359398145
SDMT,100703,18,18.5,18.25,291,9.276921656,0.04632561,0.055002563,1.761166706,7,1,213.5868706,260.018799,193.3559795,211.355934,380.5146378,0.309279629,0.112569335,0.408790324,0.319779664,-0.268201379
SDMT,100703,18.5,19,18.75,266,10.37281984,0.058764515,0.052797345,1.75002501,7,1,222.6896073,271.1003915,203.237619,220.716249,395.4835585,0.177717402,-0.018992892,0.269120477,0.186618373,-0.396612906
SDMT,100703,19,19.5,19.25,285,7.835461568,0.052258701,0.050579122,1.899478733,7,1,215.4785785,262.3217478,189.3815044,211.4650714,391.2860319,0.279627679,0.082917385,0.408725658,0.298429342,-0.316949652
SDMT,100703,19.5,20,19.75,297,9.1113196,0.147659314,0.062226409,2.07534306,7,1,248.7188018,302.7881066,223.5210697,237.2523989,451.2737932,0.177409191,-0.019301104,0.284226458,0.22460759,-0.418342097
SDMT,100703,20,20.5,20.25,283,2.192905663,0.045021709,0.482607263,2.624926396,7,1,171.6958516,209.0210367,127.7066741,176.3363371,385.0799488,0.499722291,0.303011997,0.795710872,0.47305372,-0.308004074
SDMT,100703,20.5,21,20.75,297,9.969987942,0.133913178,0.106494995,1.995561558,7,1,250.1176063,304.490999,222.9155485,241.7042579,451.4815966,0.171800906,-0.024909388,0.286939145,0.206017235,-0.418802473
SDMT,100703,21,21.5,21.25,296,2.189599684,0.021199579,0.467734071,2.459077058,7,1,162.5056808,197.8330027,115.296231,167.8489028,353.4437246,0.599646494,0.4029362,0.942854716,0.567295268,-0.177364823
SDMT,100703,21.5,22,21.75,272,1.754371473,0.010068779,0.793223769,2.433788619,7,1,146.1134016,177.8771846,96.84842649,153.8258855,322.2018422,0.621419023,0.424708728,1.032654923,0.569980717,-0.169376122
SDMT,100703,22,22.5,22.25,256,4.506579618,0.086746589,0.446181978,2.361200804,7,1,213.1137697,259.4428501,170.6622797,212.0322665,431.7608124,0.183351291,-0.013359003,0.405490813,0.188438981,-0.522694315
SDMT,100703,22.5,23,22.75,279,8.713895215,0.12350139,0.170811084,2.053776916,7,1,246.0789474,299.5743707,210.8378019,241.5769899,456.8238326,0.125559373,-0.071150921,0.280122655,0.144023561,-0.493086048
SDMT,100703,23,23.5,23.25,288,10.84766714,0.136164472,0.17119693,1.947587152,7,1,256.4250519,312.1696284,223.7990905,252.8697112,465.9640737,0.116124054,-0.080586241,0.252211748,0.1300861,-0.481148056
SDMT,100703,23.5,24,23.75,330,17.87533885,0.221476266,0.180456408,1.787935012,7,1,289.8043689,352.8053187,267.63401,284.6012842,500.9101601,0.129886549,-0.066823745,0.209472242,0.148003457,-0.417334109
SDMT,100703,24,24.5,24.25,252,4.945654021,0.067943681,0.364326891,2.226111847,7,1,211.1985621,257.111293,163.4064829,215.6761601,427.7662517,0.176630344,-0.02007995,0.433188231,0.155651064,-0.529147818
SDMT,100703,24.5,25,24.75,212,5.746705084,0.084548513,0.420157643,2.199493001,7,1,222.4755947,270.8398545,174.7355867,225.7022033,442.8696236,-0.048231134,-0.244941429,0.193312377,-0.062630171,-0.736689149
SDMT,92542,0,1.5,0.75,171,5.274510123,0.029859497,0,1.986681386,7,1,124.5491896,151.6251004,210.3006771,72.20569436,149.9022137,0.316962821,0.120252527,-0.206874746,0.862144644,0.131680384
SDMT,92542,1.5,2,1.75,357,0.832091856,0.012413379,0.021198454,2.913397467,7,1,97.46557953,118.653749,174.5974136,69.70555804,173.8953316,1.298236497,1.101526202,0.715252952,1.633455725,0.719282206
SDMT,92542,2,2.5,2.25,230,7.426415088,0.050794298,0.005660703,1.894235182,7,1,161.3292722,196.4008531,213.4989358,115.199466,226.2742242,0.354631864,0.157921569,0.074447461,0.691414196,0.016331664
SDMT,92542,2.5,3,2.75,175,14.39873623,0.054692768,0.002385663,1.534781884,7,1,177.3007332,215.8443709,212.9165911,134.8443512,241.580534,-0.013061375,-0.209771669,-0.196114524,0.260664815,-0.322416918
SDMT,92542,3,3.5,3.25,154,12.05942879,0.037973526,0.001766458,1.564602172,7,1,171.7652028,209.1054643,200.4259687,133.6011749,240.0447469,-0.109175842,-0.305886136,-0.263492343,0.142093547,-0.443872749
SDMT,92542,3.5,4,3.75,224,13.17107141,0.049534702,0.00190117,1.567116807,7,1,181.3079788,220.7227568,210.2855572,143.9501226,257.8289834,0.211448926,0.014738632,0.063179649,0.442179183,-0.140650458
SDMT,92542,4,4.5,4.25,268,14.05994214,0.049399165,0.002657451,1.527615319,7,1,184.6117263,224.7447103,211.1201369,150.4280113,266.1689871,0.372732138,0.176021843,0.23855964,0.577502341,0.006855584
SDMT,92542,4.5,5,4.75,243,12.20933085,0.044912189,0.00281303,1.590703106,7,1,183.6855763,223.6172233,207.0953316,150.8387093,270.1229091,0.279835972,0.083125678,0.159882217,0.476850328,-0.105815631
SDMT,92542,5,5.5,5.25,228,10.44083495,0.024417195,0.002206499,1.568936583,7,1,172.6510292,210.1838617,188.5175941,144.1627787,255.6569848,0.278073244,0.081362949,0.190154289,0.45840256,-0.114491014
SDMT,92542,5.5,6,5.75,306,8.611715672,0.032199247,0.006549133,1.729268975,7,1,176.8463265,215.2911801,193.4898878,147.1538378,270.8075351,0.548303958,0.351593664,0.45835985,0.732106547,0.122176736
SDMT,92542,6,6.5,6.25,282,1.527917026,0.022655115,0.014409592,2.675860707,7,1,134.2783543,163.4693009,157.3963253,114.032718,260.8687674,0.741992155,0.54528186,0.583140081,0.905421664,0.077889597
SDMT,92542,6.5,7,6.75,203,6.699552611,0.053273651,0.014453217,1.945513903,7,1,181.7510725,221.2621752,205.3787085,154.7347409,300.5438731,0.110567962,-0.086142332,-0.011649654,0.271493677,-0.392387765
SDMT,92542,7,7.5,7.25,214,14.19666149,0.042403503,0.005634247,1.489718526,7,1,193.5375878,235.6109764,209.0173212,172.5667234,298.7390032,0.100504269,-0.096206025,0.02355889,0.215192051,-0.333594278
SDMT,92542,7.5,8,7.75,198,15.79846056,0.05327798,0,1.474795729,7,1,201.6940699,245.5406068,218.5437807,181.939407,313.2239861,-0.018485013,-0.215195307,-0.098719333,0.084593328,-0.458651514
SDMT,92542,8,8.5,8.25,200,15.73096997,0.046694923,0,1.450008328,7,1,199.8073272,243.2437027,214.7526852,183.0019603,312.8000815,0.000963828,-0.195746466,-0.071169698,0.088820502,-0.447246903
SDMT,92542,8.5,9,8.75,207,15.86305203,0.044724062,0.001029486,1.43802519,7,1,200.4143268,243.9826587,214.1774624,185.5796163,315.7374427,0.032331936,-0.164378359,-0.034086142,0.109234805,-0.422192197
SDMT,92542,9,9.5,9.25,180,17.1612245,0.031802977,0.001166104,1.328438148,7,1,193.649797,235.7475789,207.484357,185.2978257,306.5044075,-0.073094507,-0.269804801,-0.142099098,-0.029007548,-0.532275284
SDMT,92542,9.5,10,9.75,234,15.09084394,0.022248011,0.007138618,1.350590824,7,1,188.0928231,228.9825673,197.7937205,179.1875416,296.2349079,0.218385534,0.02167524,0.168096443,0.26688814,-0.235831632
SDMT,92542,10,10.5,10.25,231,17.63153341,0.035104744,0.010217769,1.33544769,7,1,199.200615,242.5050965,212.4089665,192.9826382,318.7000398,0.148105278,-0.048605016,0.083904207,0.179817483,-0.321832636
SDMT,92542,10.5,11,10.75,240,29.13922122,0.068096475,0.028013378,1.162823456,7,1,215.3946536,262.2195783,245.9591795,222.1123345,352.8901577,0.10816698,-0.088543315,-0.024526662,0.077455658,-0.385517917
SDMT,92542,11,11.5,11.25,252,6.04689766,0.073910225,0.048326771,2.11402968,7,1,200.9132078,244.5899922,204.8059814,180.580759,356.6212703,0.226556075,0.02984578,0.207365989,0.333250992,-0.347245264
SDMT,92542,11.5,12,11.75,243,14.45102018,0.05635621,0.012623924,1.539679572,7,1,213.2537453,259.6132551,219.1934318,202.596905,350.329523,0.130578694,-0.0661316,0.103106853,0.181843128,-0.365812763
SDMT,92542,12,12.5,12.25,187,10.00521918,0.026492867,0.01681518,1.609773896,7,1,193.0780175,235.0514996,189.7120178,182.5843802,320.080348,-0.031985726,-0.228696021,-0.01439861,0.023896193,-0.537463435
SDMT,92542,12.5,13,12.75,174,14.81190488,0.048096012,0.015678696,1.490479335,7,1,211.1888545,257.099475,215.3425154,205.2697503,350.4156563,-0.193697479,-0.390407773,-0.213174556,-0.16526967,-0.70006474
SDMT,92542,13,13.5,13.25,189,10.0572914,0.026035187,0.014157548,1.606182021,7,1,194.9644182,237.3479874,189.2895974,186.4813874,325.7730201,-0.031070056,-0.22778035,-0.001531089,0.01341558,-0.544453866
SDMT,92542,13.5,14,13.75,193,10.58345943,0.025452361,0.014986587,1.574225624,7,1,196.2191842,238.8755286,190.6945143,189.4441255,327.9979938,-0.016542132,-0.213252427,0.012017443,0.01859606,-0.530317303
SDMT,92542,14,14.5,14.25,190,9.079137757,0.010138459,0.016427957,1.557593205,7,1,183.7249098,223.6651076,174.2527814,173.3908859,293.315606,0.033584489,-0.163125806,0.086517061,0.09147557,-0.434225111
SDMT,92542,14.5,15,14.75,158,10.6431046,0.056536046,0.039189656,1.705370989,7,1,213.460749,259.8652597,208.4482648,206.5746775,370.391913,-0.300857937,-0.497568232,-0.277095847,-0.268066948,-0.851966636
SDMT,92542,15,15.5,15.25,186,11.36954457,0.03070464,0.054860227,1.570017334,7,1,204.0152294,248.3663663,196.6671603,200.0904562,345.2002738,-0.092447971,-0.289158266,-0.055766085,-0.073022872,-0.618378079
SDMT,92542,15.5,16,15.75,212,8.456488714,0.014429551,0.048246531,1.608907251,7,1,186.3553874,226.8674282,172.4674771,181.7147201,314.7974467,0.128930739,-0.067779555,0.206377595,0.154148289,-0.395343131
SDMT,92542,16,16.5,16.25,231,9.616535518,0.016045449,0.043744563,1.553348647,7,1,190.5984026,232.0328379,178.4340648,188.3775711,322.0115212,0.1922491,-0.004461194,0.258198562,0.203969405,-0.332169615
SDMT,92542,16.5,17,16.75,367,10.35747389,0.021220626,0.03994105,1.549630782,7,1,196.5687152,239.3010446,185.000414,196.5200874,336.6843056,0.624349782,0.427639488,0.685003785,0.624597196,0.086216135
SDMT,92542,17,17.5,17.25,379,8.61338571,0.013473696,0.03472803,1.59215514,7,1,188.0156159,228.8885759,171.8336671,185.8032963,319.313384,0.701011182,0.504300888,0.791009248,0.712847638,0.17136319
SDMT,92542,17.5,18,17.75,321,12.70726213,0.042491516,0.029249708,1.557421407,7,1,215.5968088,262.4656802,205.7742748,217.8831033,374.50066,0.398031086,0.201320792,0.444661309,0.387482428,-0.154152442
SDMT,92542,18,18.5,18.25,265,14.37148222,0.069456835,0.063451648,1.594432501,7,1,232.0811187,282.5335358,224.198649,232.8025321,402.3873235,0.132642866,-0.064067428,0.167197341,0.129539233,-0.41768529
SDMT,92542,18.5,19,18.75,351,14.61779521,0.050136943,0.083515678,1.512449045,7,1,223.4262249,271.9971433,215.8623263,228.8572611,388.3885989,0.451704954,0.25499466,0.486145397,0.427687728,-0.101220159
SDMT,92542,19,19.5,19.25,329,11.2638517,0.014218725,0.079971952,1.456622722,7,1,195.4307615,237.9157097,182.6475323,199.993799,331.2623024,0.520851595,0.324141301,0.588499508,0.49777139,-0.006852765
SDMT,92542,19.5,20,19.75,255,11.34511033,0.032323354,0.078864008,1.578706308,7,1,211.5831995,257.5795472,195.4256269,215.8562242,371.0035115,0.186645246,-0.010065048,0.266083663,0.166650988,-0.374947982
SDMT,92542,20,20.5,20.25,293,22.47144491,0.25786794,0.079648761,1.705058129,7,1,298.1596564,362.9769731,295.8826739,284.958596,491.5483307,-0.017456494,-0.214166788,-0.009790395,0.027828716,-0.517387659
SDMT,92542,20.5,21,20.75,281,29.78810576,0.493093897,0.073045815,1.749374038,7,1,342.1673819,416.5515954,348.3729151,315.2980418,539.2019446,-0.196945369,-0.393655663,-0.214918832,-0.115163687,-0.651735497
SDMT,92542,21,21.5,21.25,315,22.82883928,0.352414666,0.068412753,1.79369014,7,1,316.0838932,384.797783,310.601117,297.0625997,518.261362,-0.003435024,-0.200145319,0.014063132,0.058629749,-0.497907036
SDMT,92542,21.5,22,21.75,273,25.551895,0.395112851,0.066115625,1.764973098,7,1,326.5726408,397.5666932,323.1125272,306.7790001,529.5698044,-0.179180612,-0.375890906,-0.168528849,-0.116655824,-0.662593192
SDMT,92542,22,22.5,22.25,275,25.15876143,0.547758185,0.062812688,1.887720899,7,1,346.0777906,421.3120929,340.423829,316.5010539,555.6657073,-0.22989248,-0.426602775,-0.2134203,-0.140555474,-0.70339577
SDMT,92542,22.5,23,22.75,254,21.94836897,0.398734773,0.062665233,1.861334995,7,1,324.628033,395.1993445,311.878486,304.1409737,535.6599212,-0.245345746,-0.44205604,-0.205279377,-0.180157056,-0.746165217
SDMT,92542,23,23.5,23.25,322,22.54706179,0.369846976,0.062623747,1.818561892,7,1,322.0791753,392.0963874,308.5589393,305.2613832,533.4802974,-0.000245856,-0.19695615,0.042638669,0.053383142,-0.504870594
SDMT,92542,23.5,24,23.75,282,23.52400728,0.378559842,0.061169039,1.800756633,7,1,325.4482111,396.1978222,311.6018441,309.5514741,538.1548987,-0.143296272,-0.340006567,-0.099819161,-0.093217321,-0.646239364
SDMT,92542,24,24.5,24.25,317,19.60276819,0.323679453,0.06057005,1.858429925,7,1,312.4826343,380.4136418,291.0150817,299.363477,529.3805722,0.014352876,-0.182357418,0.085526681,0.057243297,-0.512805817
SDMT,92542,24.5,25,24.75,390,22.58205362,0.48666689,0.057510478,1.910664241,7,1,339.7484789,413.6068439,319.7939269,317.8424163,561.681862,0.137941163,-0.058769131,0.198469929,0.204591025,-0.364788869
SDMT,92542,25,25.5,25.25,340,18.83953622,0.399836299,0.053271935,1.949454767,7,1,322.943041,393.1480499,296.1503161,306.3450391,549.5539082,0.051469654,-0.145240641,0.138078468,0.104233572,-0.480161256
SDMT,92542,25.5,26,25.75,335,19.92821985,0.353388254,0.052909316,1.87751521,7,1,319.8264029,389.3538817,292.9516431,307.3550762,543.7177529,0.046352174,-0.15035812,0.134122977,0.086126853,-0.484299744
SDMT,92542,26,26.5,26.25,282,20.91115811,0.339506601,0.051286397,1.834090576,7,1,319.8408488,389.3714681,293.2224708,310.1193,543.7244699,-0.125916454,-0.322626748,-0.039024536,-0.095049991,-0.656535558
SDMT,92542,26.5,27,26.75,282,9.243950403,0.309973901,0.046457193,2.30004945,7,1,285.546757,347.622139,237.1715213,275.0904805,536.6494511,-0.012498717,-0.209209011,0.173123473,0.024807007,-0.643438019
SDMT,92542,27,27.5,27.25,283,6.698783524,0.157426323,0.034571725,2.269624017,7,1,249.0130096,303.1462726,195.1070601,249.5449909,492.5364413,0.127941755,-0.068768539,0.371898464,0.125807674,-0.554121553
SDMT,92542,27.5,28,27.75,320,13.70645522,0.327105727,0.028468158,2.061644867,7,1,303.2375643,369.1587739,260.2357238,295.4470385,547.0493579,0.053804457,-0.142905837,0.206733146,0.079831402,-0.536218036
SDMT,92542,28,28.5,28.25,282,5.46,0.2406,0.0241,2.630698957,7,1,255.2080941,310.6881145,195.1806525,252.1854351,530.4281369,0.099827803,-0.096882491,0.367981518,0.1117424,-0.631777415
SDMT,92555,0,2,1,137,1.856502483,0.010639906,0.007855933,2.399489535,7,1,101.3540098,123.3874902,198.0460536,61.56904018,139.4725794,0.30136149,0.104651196,-0.368518672,0.799821776,-0.017887093
SDMT,92555,2,2.5,2.25,137,3.073081102,0.007652707,0.017435554,2.076360978,7,1,123.7145933,150.6090702,158.7818227,86.70475744,175.7678263,0.10200368,-0.094706615,-0.14755015,0.457472171,-0.24918303
SDMT,92555,2.5,3,2.75,122,3.862863974,0.008999781,0.021649576,1.971734941,7,1,132.4427386,161.2346382,161.1376062,96.05104034,189.2137667,-0.082129346,-0.278839639,-0.278237652,0.239141324,-0.438856372
SDMT,92555,3,3.5,3.25,136,0.961386073,0.011796358,0.049275389,2.773634639,7,1,105.8450585,128.8548538,155.0488126,84.23540634,202.3757831,0.250678573,0.053968279,-0.131085102,0.47903955,-0.397471396
SDMT,92555,3.5,4,3.75,145,6.449260811,0.01606066,0.02826076,1.754058528,7,1,151.4965995,184.4306428,174.2590616,118.2924152,221.5378369,-0.043829437,-0.240539731,-0.183809309,0.203574088,-0.423859654
SDMT,92555,4,4.5,4.25,162,10.471637,0.024782767,0.005953744,1.567763128,7,1,168.2607065,204.839121,187.2179633,136.156033,242.8099084,-0.037918266,-0.23462856,-0.144677182,0.173794806,-0.404682532
SDMT,92555,4.5,5,4.75,179,10.96073727,0.0283276,0.029668889,1.561532328,7,1,173.0341093,210.65022,191.2936329,142.9398387,254.2111738,0.033897067,-0.162813227,-0.066423787,0.224961972,-0.350779509
SDMT,92555,5,5.5,5.25,185,9.482655276,0.024124738,0.038824221,1.61495438,7,1,170.5903588,207.6752194,186.1716573,142.0361309,255.0750569,0.081090705,-0.115619589,-0.006313312,0.264274357,-0.321202018
SDMT,92555,5.5,6,5.75,195,10.46794707,0.028041155,0.041713892,1.587210956,7,1,176.5863305,214.9746632,191.173254,149.6217063,266.3677121,0.099189677,-0.097520617,0.019819453,0.264889408,-0.311878172
SDMT,92555,6,6.5,6.25,185,9.852530012,0.023527923,0.046256855,1.591682308,7,1,174.6399833,212.605197,186.399651,149.6072445,265.7946601,0.057629208,-0.139081085,-0.007537205,0.212342335,-0.362368231
SDMT,92555,6.5,7,6.75,207,13.50916428,0.034286103,0.049755963,1.477345157,7,1,186.6160029,227.1846991,200.5773212,165.0296613,285.2860442,0.103665748,-0.093044546,0.031518979,0.22659357,-0.320773548
SDMT,92555,7,7.5,7.25,185,10.18224399,0.030395513,0.053792638,1.615786758,7,1,182.6920919,222.407764,193.2409539,160.018628,285.3821444,0.012553647,-0.184156647,-0.043582051,0.145065592,-0.433473315
SDMT,92555,7.5,8,7.75,179,13.91906002,0.037830524,0.057213157,1.478883143,7,1,192.2724749,234.070839,204.6810251,173.6454976,299.3065872,-0.0715277,-0.268237994,-0.134066986,0.030369955,-0.514082617
SDMT,92555,8,8.5,8.25,186,17.46704508,0.048350892,0.06171366,1.396452138,7,1,201.1592589,244.8895325,216.9468227,186.3196844,314.4639162,-0.078350253,-0.275060547,-0.153905593,-0.001717258,-0.525122662
SDMT,92555,8.5,9,8.75,187,16.27425106,0.052707973,0.066237911,1.454698252,7,1,204.5231922,248.9847557,218.6310563,188.821541,322.6130215,-0.089572761,-0.286283056,-0.156277018,-0.009693725,-0.545344912
SDMT,92555,9,9.5,9.25,193,12.12074093,0.03909441,0.069753944,1.566359059,7,1,196.0736441,238.6983493,203.5465434,179.2933838,314.0315461,-0.015800135,-0.212510429,-0.053204504,0.073666709,-0.486803257
SDMT,92555,9.5,10,9.75,189,9.671736944,0.029555154,0.07210455,1.642532377,7,1,188.4876186,229.4631878,191.3497857,172.0771074,306.366272,0.002714694,-0.1939956,-0.012356077,0.09380434,-0.483034338
SDMT,92555,10,10.5,10.25,187,11.82156286,0.033114659,0.077205553,1.549884314,7,1,194.7359064,237.0697991,198.851894,181.3067502,315.3569794,-0.040535698,-0.237245992,-0.06145168,0.030918268,-0.522596648
SDMT,92555,10.5,11,10.75,186,12.71576372,0.030453049,0.081548124,1.492222286,7,1,194.7640531,237.1040646,198.7450789,184.3763343,315.8932473,-0.046042168,-0.242752462,-0.066276319,0.00876771,-0.529657658
SDMT,92555,11,11.5,11.25,203,4.339812573,0.029273562,0.097619292,2.056249989,7,1,171.1054535,208.3022913,167.7838727,159.4195556,315.3925442,0.170925925,-0.025784369,0.1905293,0.241666538,-0.440612056
SDMT,92555,11.5,12,11.75,124,0.737414621,0.019857911,0.307532968,3.078405103,7,1,119.4411847,145.4066596,105.5929663,121.0481708,299.2426473,0.037457494,-0.1592528,0.160689804,0.024092993,-0.880973208
SDMT,92555,12,12.5,12.25,136,2.047267206,0.022602608,0.26098071,2.474489109,7,1,149.7009666,182.244655,138.334795,143.3889154,309.8802332,-0.095984863,-0.292695157,-0.017021912,-0.052905741,-0.823530993
SDMT,92555,12.5,13,12.75,138,3.174380871,0.035215796,0.165521843,2.297142728,7,1,167.9773181,204.4941264,157.5641566,160.2359809,332.6863286,-0.196575274,-0.393285568,-0.132579034,-0.149393924,-0.879946405
SDMT,92555,13,13.5,13.25,163,2.800540486,0.036720178,0.163814468,2.389739371,7,1,166.270292,202.4160076,154.2934122,159.6160681,337.4590458,-0.019864528,-0.216574822,0.054894137,0.020978844,-0.727693956
SDMT,92555,13.5,14,13.75,143,6.733354761,0.03849626,0.10564881,1.911614688,7,1,195.6517934,238.184792,185.5250154,183.7022203,344.9670512,-0.313491885,-0.510202179,-0.260345097,-0.250471448,-0.880604278
SDMT,92555,14,14.5,14.25,186,11.99073299,0.038699071,0.115337696,1.562088058,7,1,205.4072095,250.0609508,202.4159499,201.6996299,349.8273954,-0.099247723,-0.295958018,-0.084578064,-0.081032936,-0.631693203
SDMT,92555,14.5,15,14.75,174,15.08453819,0.042474536,0.121337822,1.455413796,7,1,211.7891725,257.830297,212.3173697,212.1189756,357.7970409,-0.196536011,-0.393246306,-0.199026883,-0.198092024,-0.720910602
SDMT,92555,15,15.5,15.25,170,13.97143818,0.06148003,0.126634485,1.582979492,7,1,222.7365071,271.1574869,220.1690137,218.3439124,378.3836176,-0.270191053,-0.466901348,-0.258597058,-0.250272962,-0.800110105
SDMT,92555,15.5,16,15.75,160,3.945051556,0.034210567,0.131240952,2.144313202,7,1,178.2361926,216.983191,156.6639789,174.913627,350.2021076,-0.10793578,-0.304646074,0.021070565,-0.089118477,-0.783336623
SDMT,92555,16,16.5,16.25,164,0.357058245,0.014134749,0.222448265,3.436887581,7,1,101.4537528,123.5089165,7.783276852,116.0108587,309.1213859,0.480263371,0.283553076,3.047888989,0.346182632,-0.633867607
SDMT,92555,16.5,17,16.75,157,0.533517889,0.013539154,0.214800717,3.141112118,7,1,110.3284999,134.3129564,6.427310581,123.5153736,310.6842458,0.352783527,0.156073233,3.195689616,0.239880174,-0.682531304
SDMT,92555,17,17.5,17.25,177,7.580767824,0.053747109,0.138776293,1.917326552,7,1,211.4058486,257.3636418,193.6687923,204.6157912,381.8735683,-0.177630007,-0.374340301,-0.089999711,-0.144984299,-0.768939848
SDMT,92555,17.5,18,17.75,162,4.573450552,0.050730654,0.172210365,2.170268048,7,1,192.9614118,234.9095448,169.7996084,190.8550094,380.3419933,-0.174893895,-0.371604189,-0.047022632,-0.163917691,-0.853474495
SDMT,92555,18,18.5,18.25,164,9.130726112,0.050937309,0.03734211,1.791602311,7,1,215.6030923,262.4733298,197.8689589,212.5405909,385.1928785,-0.273572754,-0.470283048,-0.18773856,-0.259266558,-0.853877764
SDMT,92555,18.5,19,18.75,173,2.503427381,0.031537337,0.199299506,2.405523864,7,1,166.9747004,203.2735483,129.1881857,170.8048194,360.9293815,0.035449288,-0.161261006,0.292021449,0.012770097,-0.735390726
SDMT,92555,19,19.5,19.25,143,0.926781713,0.020944967,0.393032424,2.945221159,7,1,132.2290822,160.9745348,85.39970906,144.1386819,341.9901832,0.078308741,-0.118401553,0.515501936,-0.007931275,-0.871937402
SDMT,92555,19.5,20,19.75,190,6.94143239,0.039504477,0.159983247,1.901559242,7,1,205.9965678,250.7784303,180.4733908,204.4902341,379.4250906,-0.080835435,-0.277545729,0.051440725,-0.073496147,-0.691633115
SDMT,92555,20,20.5,20.25,147,4.271411575,0.065737947,0.220427008,2.287127512,7,1,199.2666427,242.585478,168.3703332,200.300458,406.5040033,-0.304211254,-0.500921548,-0.135733331,-0.309385942,-1.01716119
SDMT,92555,20.5,21,20.75,189,19.47530613,0.142404026,0.170216151,1.605167224,7,1,267.2227627,325.3146677,261.112507,267.530946,457.3648235,-0.346335613,-0.543045907,-0.323204361,-0.347488231,-0.883734358
SDMT,92555,21,21.5,21.25,222,20.68906409,0.157674598,0.134817935,1.594268574,7,1,272.8341227,332.1458885,267.5447117,273.9691936,466.4708854,-0.206186619,-0.402896914,-0.186609317,-0.210338286,-0.742518226
SDMT,92555,21.5,22,21.75,217,14.85653541,0.087163059,0.132280054,1.635763065,7,1,245.7091597,299.1241945,230.2222119,250.2836984,433.3611179,-0.124251205,-0.3209615,-0.059147628,-0.142697715,-0.691674017
SDMT,92555,22,22.5,22.25,178,10.71743218,0.095369614,0.175161116,1.853329743,7,1,242.571296,295.3041864,217.3783178,242.1013048,439.9242635,-0.309512121,-0.506222415,-0.199855685,-0.307572703,-0.904819033
SDMT,92555,22.5,23,22.75,208,10.25979591,0.068382066,0.188139706,1.793279856,7,1,231.9778533,282.4078214,205.3794156,235.4834589,423.5442174,-0.109103827,-0.305814122,0.012679003,-0.124102593,-0.711119838
SDMT,92555,23,23.5,23.25,200,11.81644479,0.066298763,0.193056277,1.700928402,7,1,234.4123021,285.3714982,210.1703926,241.1593674,424.6144381,-0.158764173,-0.355474467,-0.049601229,-0.187140624,-0.752864186
SDMT,92555,23.5,24,23.75,204,13.65115129,0.103977504,0.198496359,1.731484222,7,1,252.9246293,307.9082443,229.5220217,257.1108635,453.1093215,-0.214971543,-0.411681837,-0.117878986,-0.231387374,-0.79801343
SDMT,92555,24,24.5,24.25,238,14.51386104,0.136054256,0.19855389,1.770223896,7,1,265.1094272,322.7419114,240.9631291,266.7843843,471.921381,-0.107872,-0.304582294,-0.012373257,-0.114170109,-0.684541732
SDMT,92555,24.5,25,24.75,208,16.38402398,0.127667053,0.202420774,1.676778677,7,1,265.3900046,323.0834839,244.1930041,271.5881305,470.8790591,-0.24366238,-0.440372674,-0.160420833,-0.266748613,-0.817063207
SDMT,92555,25,25.5,25.25,218,17.05418689,0.145143796,0.205714064,1.689598682,7,1,272.1852893,331.3560044,250.2767482,277.6242882,481.3704696,-0.221987982,-0.418698277,-0.138072236,-0.241773656,-0.792142118
SDMT,92555,25.5,26,25.75,214,16.16367812,0.133255715,0.207161469,1.697169554,7,1,268.2018529,326.5066035,243.8233054,275.0367408,478.2302342,-0.225763864,-0.422474159,-0.13046779,-0.250928677,-0.804116263
SDMT,92555,26,26.5,26.25,208,15.98327447,0.138043617,0.217144945,1.715013308,7,1,270.2044709,328.9445733,243.8134521,276.874636,482.7330808,-0.261640892,-0.458351187,-0.158865313,-0.286026746,-0.841925793
SDMT,92555,26.5,27,26.75,210,8.846213235,0.122574064,0.27388378,1.995611799,7,1,244.6167646,297.7943222,203.3372357,253.0942214,475.5201198,-0.152585229,-0.349295524,0.03224167,-0.186654305,-0.817301663
SDMT,92555,27,27.5,27.25,232,2.240608603,0.029597845,0.819453882,2.485774302,7,1,168.1417397,204.6942918,106.342288,185.5304986,393.1537859,0.321930059,0.125219765,0.780074348,0.22351809,-0.527463476
SDMT,92555,27.5,28,27.75,234,8.348725551,0.090311311,0.377830058,1.971454343,7,1,238.0304997,289.7762605,194.1329955,247.2197754,461.0736205,-0.0170777,-0.213787994,0.186777647,-0.054956605,-0.678236612
SDMT,92555,28,28.5,28.25,201,19.3634,0.1829,0.2546,1.677459496,7,1,289.1389636,351.9952601,263.6566184,297.223729,510.1482908,-0.363602507,-0.560312802,-0.271342661,-0.391180243,-0.931396542
SDMT,92535,0,2,1,149,1.100721063,0.022030265,0,2.850857863,7,2,96.39342972,117.3485231,216.4441622,60.66057946,152.7212777,0.435508263,0.238797969,-0.373386297,0.898652251,-0.02466824
SDMT,92535,2,2.5,2.25,181,1.278004352,0.027738476,0.10712747,2.825711147,7,2,114.9986529,139.9983601,195.4702015,85.03390588,206.454546,0.453576617,0.256866322,-0.076910915,0.755446962,-0.131583241
SDMT,92535,2.5,3,2.75,351,0.278434726,0.004130837,0.056188603,3.330217127,7,2,74.3793897,90.54882225,116.7826697,61.65342292,167.7008825,1.55160734,1.354897046,1.10047154,1.739257474,0.738604292
SDMT,92535,3,3.5,3.25,225,0.434714871,0.00176058,0.062872992,2.979741534,7,2,81.98169023,99.8037968,114.1148821,64.28710385,157.388069,1.00960447,0.812894176,0.678894724,1.252741353,0.35738587
SDMT,92535,3.5,4,3.75,99,1.418612298,0.009889748,0.034255173,2.539566638,7,2,117.0768361,142.5283222,155.8251498,91.36457866,205.6866797,-0.167710588,-0.364420882,-0.453614694,0.080261989,-0.731234188
SDMT,92535,4,4.5,4.25,196,0.684699714,0.007410507,0.038434377,2.89542269,7,2,100.8548914,122.7798679,135.7986225,83.16675473,203.3956937,0.664431894,0.467721599,0.366941588,0.857266974,-0.037038653
SDMT,92535,4.5,5,4.75,27,0.203433838,0.001892229,0.020614765,3.392276462,7,2,73.29333543,89.22666922,88.1728365,64.31091849,173.6206878,-0.998632817,-1.195343111,-1.183462073,-0.867892556,-1.861036098
SDMT,92535,5,5.5,5.25,82,0.265258609,0.000583852,0.002168566,3.11482687,7,2,75.72970754,92.19268744,86.29786254,62.44099095,153.4177185,0.079548726,-0.117161568,-0.051085583,0.272497281,-0.62644514
SDMT,92535,5.5,6,5.75,79,0.368670988,0.00569821,0.011670999,3.238887204,7,2,90.01941847,109.5888573,114.1093276,80.96359573,211.2322701,-0.130577555,-0.32728785,-0.36770915,-0.024551766,-0.983510482
SDMT,92535,6,6.5,6.25,72,0.302091153,0.001485398,0.060611129,3.179286221,7,2,81.5151546,99.23584038,89.92439479,72.01834383,180.8759027,-0.12412283,-0.320833124,-0.22230314,-0.000254743,-0.921145057
SDMT,92535,6.5,7,6.75,206,0.521975788,0.003241703,0.132017843,2.958861884,7,2,95.27812665,115.9907629,108.5232156,84.98415103,205.0695562,0.771075905,0.574365611,0.64091205,0.885411388,0.004526949
SDMT,92535,7,7.5,7.25,216,0.838377797,0.00673211,0.336148266,2.78375795,7,2,108.2483344,131.780581,123.5411744,98.55525065,230.3014282,0.690850428,0.494140133,0.558703911,0.784661096,-0.064110601
SDMT,92535,7.5,8,7.75,231,0.917292164,0.008811203,0.448258432,2.780508358,7,2,112.1598868,136.5424709,125.9456343,104.0068184,242.7231423,0.722492297,0.525782002,0.60656737,0.797961252,-0.049503751
SDMT,92535,8,8.5,8.25,217,0.726343003,0.007487181,0.386789323,2.887533175,7,2,106.2474424,129.3447125,115.8625037,100.9593169,241.0125429,0.714126618,0.517416323,0.627493178,0.765179721,-0.104951624
SDMT,92535,8.5,9,8.75,196,0.893346082,0.008575033,0.511664369,2.790873636,7,2,112.2486571,136.6505391,119.6027193,106.9264315,249.3624562,0.557398096,0.360687802,0.493939081,0.605973617,-0.240792826
SDMT,92535,9,9.5,9.25,220,1.007447948,0.012351627,0.425950871,2.799926954,7,2,120.0168613,146.1074833,127.7904551,113.88531,265.416699,0.605995303,0.409285009,0.543235693,0.658435657,-0.187673494
SDMT,92535,9.5,10,9.75,215,0.95725884,0.017342569,0.391626795,2.900951436,7,2,122.7613346,149.4485813,131.8739494,117.9947111,281.0025517,0.560395927,0.363685632,0.488791491,0.599998226,-0.267725722
SDMT,92535,10,10.5,10.25,154,1.274347276,0.014122018,0.596966737,2.681702401,7,2,128.1500509,156.0087577,131.4121766,122.5716348,277.6692099,0.183750752,-0.012959542,0.158613832,0.228256969,-0.58947791
SDMT,92535,10.5,11,10.75,184,2.139655519,0.037678046,0.45133357,2.611163191,7,2,156.1588666,190.1064464,166.2799366,145.1855384,320.5031039,0.164061893,-0.032648402,0.101263025,0.236923258,-0.554956203
SDMT,92535,11,11.5,11.25,161,2.296269361,0.037908571,0.012538746,2.554278169,7,2,162.8253591,198.2221763,171.3709525,148.6109445,324.6382926,-0.011273845,-0.207984139,-0.062426155,0.080072585,-0.701307252
SDMT,92535,11.5,12,11.75,176,1.311179732,0.025426676,0.016701653,2.797262169,7,2,142.2430491,173.165451,144.8958768,134.2337277,310.3340328,0.212946787,0.016236493,0.194468602,0.270901478,-0.567165247
SDMT,92535,12,12.5,12.25,149,1.37706756,0.033611179,0.02263502,2.82933456,7,2,147.6941865,179.8016184,151.7607818,139.9648534,325.3282114,0.008802477,-0.187907817,-0.018359171,0.062554962,-0.780888248
SDMT,92535,12.5,13,12.75,128,1.453090776,0.022080913,0.067490525,2.698571447,7,2,144.3876443,175.7762626,140.1085139,137.7417191,311.2934502,-0.120471393,-0.317181687,-0.090386958,-0.073350067,-0.888705773
SDMT,92535,13,13.5,13.25,207,2.800198536,0.015813463,0.026066535,2.225252312,7,2,158.2089954,192.6022552,148.6823937,148.8336436,302.452074,0.268801879,0.072091585,0.330906348,0.329889597,-0.379204039
SDMT,92535,13.5,14,13.75,135,1.12795177,0.006836158,0.01188736,2.611495993,7,2,128.7265418,156.7105726,111.5420313,123.0491373,271.9298095,0.047584455,-0.149125839,0.190873296,0.092691013,-0.700269201
SDMT,92535,14,14.5,14.25,281,2.937373228,0.039302012,0.049547264,2.408878434,7,2,174.6797198,212.6535719,168.3738468,164.928122,346.9014445,0.475400545,0.278690251,0.512167884,0.532844915,-0.210686049
SDMT,92535,14.5,15,14.75,387,6.717149406,0.058243833,0.080175053,2.011482486,7,2,206.5663787,251.4721132,200.5583544,193.8057328,370.5634198,0.627802886,0.431092592,0.657319444,0.691568413,0.043400089
SDMT,92535,15,15.5,15.25,241,7.079863057,0.13564387,0.070878691,2.202019738,7,2,230.4602576,280.5603137,232.3587217,211.423975,417.276876,0.044718504,-0.15199179,0.036514542,0.130931456,-0.548953039
SDMT,92535,15.5,16,15.75,529,10.28619499,0.125484823,0.061949219,1.953761594,7,2,240.3689992,292.6231295,244.1120876,223.6683378,417.6136365,0.788813193,0.592102898,0.773360937,0.860824112,0.236431741
SDMT,92535,16,16.5,16.25,281,5.296135118,0.078990058,0.052268927,2.238043355,7,2,210.2026212,255.8988432,200.797245,197.3235496,394.4055725,0.290282741,0.093572447,0.336059002,0.353509904,-0.339025082
SDMT,92535,16.5,17,16.75,272,3.991994395,0.04868153,0.043971615,2.279247505,7,2,191.8814466,233.5948045,176.022134,183.5321043,372.4239342,0.348924351,0.152214057,0.435192318,0.393412459,-0.314230747
SDMT,92535,17,17.5,17.25,284,3.995021042,0.078387886,0.039636879,2.404474637,7,2,202.2531707,246.2212513,188.8493508,192.5228943,399.1785185,0.339454005,0.142743711,0.408024627,0.38875916,-0.340434493
SDMT,92535,17.5,18,17.75,291,2.471026616,0.027116119,0.035445194,2.430029905,7,2,169.5684458,206.4311514,146.1978136,165.8147709,349.0038238,0.540066612,0.343356318,0.688362675,0.56245194,-0.181759611
SDMT,92535,18,18.5,18.25,237,2.667288528,0.043116671,0.033799676,2.497440455,7,2,179.7792304,218.8616718,157.6075805,175.5798863,373.5189387,0.276330541,0.079620247,0.407951865,0.299966009,-0.454908568
SDMT,92535,18.5,19,18.75,245,2.204788957,0.030899685,0.032398431,2.535091021,7,2,169.6400929,206.5183739,143.5094311,167.4247439,359.6340222,0.367579118,0.170868824,0.534857456,0.38072425,-0.383828699
SDMT,92535,19,19.5,19.25,310,2.58226591,0.035422113,0.02940425,2.46699769,7,2,176.672813,215.0799463,149.5901256,174.503482,368.9539245,0.56227279,0.365562495,0.728673239,0.574627602,-0.174099473
SDMT,92535,19.5,20,19.75,233,4.727502672,0.120639169,0.024218728,2.417184587,7,2,220.7915651,268.7897314,201.9262359,212.2720266,437.4425866,0.053819341,-0.142890953,0.143135992,0.093169857,-0.629907013
SDMT,92535,20,20.5,20.25,251,13.41878353,0.188431061,0.021473546,1.895751309,7,2,267.8737296,326.1071491,260.6661367,257.7681583,470.1077405,-0.065062772,-0.261773066,-0.03778748,-0.026607631,-0.627508964
SDMT,92535,20.5,21,20.75,264,15.75248784,0.060559425,0.015660287,1.510999672,7,2,232.7420372,283.3381322,224.1446961,241.7048145,408.6078358,0.126018399,-0.070691895,0.163657295,0.088231896,-0.436806756
SDMT,92535,21,21.5,21.25,249,10.19049728,0.076810643,0.018312935,1.827458982,7,2,233.7678131,284.5869029,213.1296068,233.0724474,422.6145672,0.063124525,-0.133585769,0.155552433,0.066103558,-0.529007679
SDMT,92535,21.5,22,21.75,353,8.535992737,0.176024821,0.021206861,2.166604789,7,2,255.3263012,310.8320188,234.5252668,244.9695246,472.8794283,0.323925717,0.127215423,0.408904727,0.365334244,-0.292372391
SDMT,92535,22,22.5,22.25,293,7.75052336,0.402539547,0.021804261,2.4987783,7,2,280.7159318,341.7411344,264.2197239,260.3968996,529.2222594,0.04282937,-0.153880924,0.103391565,0.117965605,-0.591235885
SDMT,92535,22.5,23,22.75,215,12.14967511,0.088709053,0.021862978,1.755959066,7,2,243.6778201,296.6512592,224.0949065,246.5556036,438.6674935,-0.125208915,-0.321919209,-0.041431624,-0.136949512,-0.71310368
SDMT,92535,23,23.5,23.25,237,15.77446806,0.057109228,0.031711807,1.489835179,7,2,233.1790056,283.8700938,220.7319862,248.3094136,417.3489565,0.016253718,-0.180456576,0.071110908,-0.046615463,-0.565862557
SDMT,92535,23.5,24,23.75,281,15.03594631,0.06398533,0.042473589,1.545523138,7,2,237.2322313,288.8044555,222.0042135,250.4157186,425.6982305,0.169315129,-0.027395165,0.235658308,0.115232258,-0.415376047
SDMT,92535,24,24.5,24.25,259,11.75540662,0.141645934,0.049484747,1.906060068,7,2,261.3163744,318.1242819,236.1961012,259.6747464,473.6594174,-0.008903774,-0.205614068,0.092165664,-0.002601811,-0.603660473
SDMT,92535,24.5,25,24.75,302,15.52879261,0.18143057,0.046997702,1.816934718,7,2,279.9062446,340.7554282,258.774605,277.4766711,492.6961806,0.075972311,-0.120737983,0.154469586,0.084690156,-0.4894657
SDMT,92535,25,25.5,25.25,300,13.63989938,0.072116291,0.058983608,1.635141053,7,2,242.1756098,294.8224815,219.347349,253.6729132,438.8054722,0.214119351,0.017409057,0.313125933,0.167736781,-0.380273724
SDMT,92535,25.5,26,25.75,259,14.22063776,0.11908872,0.074793177,1.744938453,7,2,261.8859622,318.8176932,236.5452496,267.5035864,470.8466174,-0.011081089,-0.207791383,0.090688542,-0.032304912,-0.597704326
SDMT,92535,26,26.5,26.25,269,14.98309633,0.345432397,0.082041939,2.037260804,7,2,308.6480868,375.745497,281.6595905,296.0088591,543.606276,-0.137490371,-0.334200665,-0.045987836,-0.095678004,-0.703513848
SDMT,92535,26.5,27,26.75,490,11.68567568,0.129863201,0.080915937,1.888437943,7,2,261.7240935,318.6206355,228.69478,264.7119691,480.0924851,0.62711452,0.430404226,0.762017115,0.615763065,0.020426628
SDMT,92535,27,27.5,27.25,424,5.168702955,0.172335495,0.080675914,2.453744167,7,2,241.5265821,294.0323608,195.8516819,242.211116,497.4090493,0.562753917,0.366043623,0.772375807,0.559923729,-0.159679269
SDMT,92535,27.5,28,27.75,233,8.94094259,0.256008967,0.080219551,2.245426451,7,2,277.061495,337.2922547,235.7160194,272.2247945,528.2228897,-0.173201032,-0.369911326,-0.011589319,-0.155589722,-0.818479881
SDMT,122141,0,1.5,0.75,186,1.709776611,0.008456645,0.011542431,2.388947492,6,1,94.04050763,114.4840962,195.7658371,54.81881877,125.193124,0.682021052,0.485310758,-0.051172563,1.22171313,0.395889137
SDMT,122141,1.5,2,1.75,223,6.767685978,0.012765561,0.01655193,1.712810245,6,1,137.3444268,167.2019109,170.2866812,94.33175262,176.9984152,0.484679936,0.287969642,0.269688395,0.860353919,0.231030993
SDMT,122141,2,2.5,2.25,158,6.017853668,0.015247546,0.022040266,1.80133846,6,1,141.6640814,172.4606208,173.5783596,101.013816,192.9868732,0.109136402,-0.087573892,-0.094034105,0.447337733,-0.200027139
SDMT,122141,2.5,3,2.75,177,5.90926859,0.011433071,0.027327764,1.770734725,6,1,141.9728713,172.836539,166.8095578,104.0574528,195.6269055,0.22051374,0.023803446,0.059296943,0.531206555,-0.100059569
SDMT,122141,3,3.5,3.25,181,6.067455362,0.011708644,0.031129601,1.760647997,6,1,145.7155027,177.3927858,167.4237392,109.6651175,204.7946944,0.216840922,0.020130629,0.077969072,0.501065695,-0.123510955
SDMT,122141,3.5,4,3.75,166,9.093941914,0.020932561,0.036001437,1.619953145,6,1,161.3326487,196.4049636,181.7943087,126.9623083,229.7291676,0.028519414,-0.16819088,-0.090888088,0.268097531,-0.324913295
SDMT,122141,4,4.5,4.25,200,7.014522088,0.023592105,0.040411954,1.777520047,6,1,160.9283192,195.9127364,183.2162832,127.9142634,240.4029229,0.217358323,0.020648029,0.087650036,0.446957144,-0.183998995
SDMT,122141,4.5,5,4.75,140,0.561194005,0.002121773,0.159578158,2.88728792,6,1,90.91014197,110.6732163,111.168138,75.09595694,177.4577908,0.431770855,0.235060561,0.230598611,0.622875701,-0.23709036
SDMT,122141,5,5.5,5.25,146,0.81390164,0.016712696,0.030746997,2.98037114,6,1,112.367119,136.7947535,149.8271813,96.68995944,238.6949359,0.261835263,0.065124969,-0.025875884,0.412097057,-0.491579696
SDMT,122141,5.5,6,5.75,151,1.1674491,0.022118162,0.009242472,2.83193917,6,1,125.9053633,153.2760945,162.4712456,106.9186909,254.0064218,0.181749297,-0.014960998,-0.073221199,0.345211189,-0.520079713
SDMT,122141,6,6.5,6.25,151,2.849483513,0.030285145,0.071259663,2.365905164,6,1,153.8956578,187.3512356,179.9644578,127.7248092,272.0427894,-0.018994989,-0.215705284,-0.175479538,0.167401815,-0.588679531
SDMT,122141,6.5,7,6.75,186,1.301794964,0.017253526,0.391919409,2.709840429,6,1,124.6457797,151.7426883,144.7302752,111.2532269,256.3464337,0.400270722,0.203560427,0.250874835,0.513937747,-0.320783113
SDMT,122141,7,7.5,7.25,140,2.947796475,0.029659386,0.055283454,2.243332793,6,1,150.6782064,183.4343383,173.9040367,133.5359744,281.7780546,-0.073504057,-0.270214351,-0.216861211,0.04727151,-0.699477298
SDMT,122141,7.5,8,7.75,179,10.85445356,0.02941838,0.05536661,1.581271923,6,1,185.2817922,225.5604427,194.6302948,164.0173338,289.0520644,-0.034492061,-0.231202356,-0.083716029,0.08741369,-0.47922102
SDMT,122141,8,8.5,8.25,170,2.174329573,0.009780887,0.046501972,2.303243406,6,1,138.6966547,168.8481013,141.914899,120.8379471,251.4883585,0.203509229,0.006798935,0.180570862,0.341348069,-0.391598263
SDMT,122141,8.5,9,8.75,202,3.267246213,0.012470889,0.082888122,2.133509181,6,1,153.4439356,186.8013129,155.2747508,132.9055856,264.2523114,0.274932437,0.078222143,0.263071564,0.418628704,-0.268636674
SDMT,122141,9,9.5,9.25,199,1.415365035,0.039594978,0.490242711,2.857429884,6,1,140.9257377,171.5617676,155.8937541,131.701011,309.5073864,0.345071756,0.148361462,0.244130113,0.412770539,-0.441677133
SDMT,122141,9.5,10,9.75,150,1.586139861,0.058112292,0.167879852,2.886089562,6,1,152.099508,185.1646184,170.8433802,140.2514604,329.9821828,-0.01389967,-0.210609965,-0.130111937,0.067198337,-0.788403367
SDMT,122141,10,10.5,10.25,169,1.88048287,0.029775687,0.82335315,2.613474906,6,1,146.3062657,178.1119756,148.9902789,137.8778664,306.7512717,0.14419658,-0.052513714,0.126017653,0.203530448,-0.596138514
SDMT,122141,10.5,11,10.75,126,1.239628709,0.019518527,0.60157227,2.767262508,6,1,131.030645,159.5155679,127.8778752,127.0478221,292.9829882,-0.03914932,-0.235859615,-0.014793802,-0.008281661,-0.84383264
SDMT,122141,11,11.5,11.25,125,0.790561029,0.009680634,0.397331946,2.887541443,6,1,114.4936948,139.3836284,102.4950854,113.7767776,269.6539585,0.087793983,-0.108916311,0.198498887,0.0940753,-0.768825765
SDMT,122141,11.5,12,11.75,133,0.671038638,0.003843785,0.430618854,2.818904117,6,1,104.2707933,126.938357,84.16211995,104.1749008,241.4983191,0.243357831,0.046647538,0.45760419,0.244277903,-0.596513385
SDMT,122141,12,12.5,12.25,140,1.095082467,0.008300743,0.565933762,2.673971308,6,1,122.3759879,148.9794636,106.4443797,120.5534731,270.7309699,0.134544249,-0.062166046,0.27401983,0.149549008,-0.659483174
SDMT,122141,12.5,13,12.75,122,0.929462411,0.003784792,0.6191213,2.638600941,6,1,112.5177507,136.9781313,90.51332498,111.544987,246.6442276,0.080910052,-0.115800243,0.298523968,0.089593064,-0.703925879
SDMT,122141,13,13.5,13.25,166,0.7337095,0.002297955,0.562908962,2.701074122,6,1,104.246111,126.9083091,77.98051117,104.5495905,233.0076412,0.465233233,0.268522938,0.75552885,0.462326279,-0.33908346
SDMT,122141,13.5,14,13.75,161,1.712242235,0.015458812,0.751984508,2.521715237,6,1,140.7899001,171.3964001,123.3182015,139.7997804,303.2393949,0.134135656,-0.062574638,0.266636346,0.141193106,-0.633118211
SDMT,122141,14,14.5,14.25,172,2.553653727,0.007755851,0.213281373,2.176240435,6,1,149.1880082,181.6201839,130.1344244,141.240088,280.5801691,0.142287166,-0.054423128,0.278926527,0.197033283,-0.489365015
SDMT,122141,14.5,15,14.75,216,1.579789956,0.007335346,0.5760215,2.437735083,6,1,134.9131196,164.2420587,112.5920883,132.4593319,280.0004137,0.470647395,0.2739371,0.651506958,0.489002738,-0.259512673
SDMT,122141,15,15.5,15.25,215,2.280126574,0.026567895,0.360842023,2.479575602,6,1,161.2186386,196.2661687,144.535646,156.8375211,334.7074323,0.287876581,0.091166287,0.397111866,0.315427656,-0.442618786
SDMT,122141,15.5,16,15.75,189,4.958972821,0.036975664,0.041087955,2.07817418,6,1,190.4476865,231.8493575,176.5472952,181.9087143,354.3009488,-0.00763053,-0.204340825,0.068158213,0.038242024,-0.628399675
SDMT,122141,16,16.5,16.25,210,4.241555005,0.033586203,0.040947517,2.156152009,6,1,185.7925679,226.1822566,168.6521256,177.9880917,352.2721341,0.122476706,-0.074233589,0.219269366,0.165390883,-0.517296454
SDMT,122141,16.5,17,16.75,239,4.114573351,0.025989395,0.055357007,2.113171388,6,1,180.5469297,219.7962623,160.935872,174.9476901,343.2695753,0.28047281,0.083762515,0.395457577,0.311976536,-0.36205252
SDMT,122141,17,17.5,17.25,186,6.059919294,0.03013832,0.075468869,1.924563659,6,1,194.2037762,236.4219884,175.5694903,188.8048133,353.5701289,-0.043161327,-0.239871621,0.057711753,-0.014967074,-0.642335176
SDMT,122141,17.5,18,17.75,183,5.770083414,0.015467505,0.168426736,1.826654547,6,1,182.0690395,221.6492655,160.3740123,178.7948649,326.436544,0.0051002,-0.191610095,0.131977489,0.02324701,-0.578749425
SDMT,122141,18,18.5,18.25,250,4.81887899,0.017415703,0.179320318,1.95420661,6,1,180.8263434,220.136418,157.0671646,177.305123,333.4047146,0.323923776,0.127213482,0.464787404,0.343588811,-0.287896193
SDMT,122141,18.5,19,18.75,275,5.338243977,0.018034956,0.090370983,1.912970463,6,1,185.5266653,225.858549,161.5850028,181.8222873,337.4775721,0.393572478,0.196862184,0.53173976,0.413741331,-0.204727957
SDMT,122141,19,19.5,19.25,194,5.577812342,0.042881748,0.286394399,2.023888725,6,1,197.6591248,240.6284998,175.4896614,198.0582133,380.346834,-0.018685796,-0.21539609,0.100278027,-0.020702835,-0.673225398
SDMT,122141,19.5,20,19.75,222,4.588990573,0.092994544,0.699117301,2.368689703,6,1,210.550405,256.3222322,187.3258949,206.8189598,422.74242,0.052952304,-0.143757991,0.169827528,0.070833562,-0.644085676
SDMT,122141,20,20.5,20.25,237,3.74912461,0.093418218,0.522626278,2.499947781,6,1,204.6889193,249.1865104,179.0300416,202.363882,425.0415733,0.146568781,-0.050141513,0.280506519,0.157992668,-0.584126843
SDMT,122141,20.5,21,20.75,338,9.309337092,0.153412525,0.056546834,2.052742352,6,1,249.7054551,303.9892497,232.9634481,242.0128833,459.2420197,0.302763852,0.106053558,0.372164329,0.334054934,-0.306531452
SDMT,122141,21,21.5,21.25,435,12.92062469,0.097978424,0.051564536,1.726237916,6,1,243.3995761,296.3125275,232.1486833,246.0665878,436.9158202,0.580641592,0.383931298,0.627967988,0.56974385,-0.004394514
SDMT,122141,21.5,22,21.75,388,11.15955201,0.144710794,0.058843643,1.942297752,6,1,256.6146348,312.4004249,239.6521877,250.4701804,461.8508076,0.413429856,0.216719562,0.481816685,0.437665467,-0.174236572
SDMT,122141,22,22.5,22.25,223,8.70049753,0.185586543,0.039303049,2.170827057,6,1,258.4234691,314.6024841,235.5293134,248.2575474,478.9015184,-0.147427821,-0.344138115,-0.054663607,-0.107294933,-0.764323206
SDMT,122141,22.5,23,22.75,207,14.92440505,0.126161865,0.008927449,1.745588534,6,1,262.8231374,319.958602,246.838448,261.469687,459.8678231,-0.238762531,-0.435472825,-0.176015273,-0.233599564,-0.798220314
SDMT,141748,0,1,0.5,112,1.089818476,0.048076144,0,3.050832687,8,1,93.56694179,113.9075813,291.1636654,52.71060093,140.4010316,0.179821736,-0.016888558,-0.955386662,0.75368228,-0.226003968
SDMT,141748,1,1.5,1.25,85,0.137773651,0.007958539,0.040054346,3.87467645,8,1,60.96499988,74.21826072,136.546912,47.17962736,148.6195375,0.332351329,0.135641035,-0.474016977,0.588689081,-0.558738344
SDMT,141748,1.5,2,1.75,150,0.094345109,0.005143061,0.016294062,4.003693499,8,1,56.23470045,68.45963534,108.5999968,47.35445696,152.5965404,0.981101282,0.784390988,0.322963916,1.152974351,-0.017162153
SDMT,141748,2,2.5,2.25,54,0.061221677,0.003860938,0.004524649,4.200247342,8,1,49.75766505,60.57454875,69.70991142,46.61068392,156.2170897,0.081819523,-0.114890771,-0.255358462,0.147154263,-1.062262594
SDMT,141748,2.5,3,2.75,36,0.053165342,0.003488653,0.045189551,4.261533965,8,1,44.75693648,54.48670528,7.337499574,47.89795592,162.0595426,-0.217727499,-0.414437794,1.590520811,-0.285553891,-1.504444876
SDMT,141748,3,3.5,3.25,39,0.061309219,0.003888272,0.087927177,4.200859981,8,1,45.885095,55.86011565,1.276266007,51.68396476,171.6539958,-0.162578691,-0.359288985,3.419623013,-0.281585928,-1.481919152
SDMT,141748,3.5,4,3.75,62,0.067116889,0.003117933,0.103329446,4.101497114,8,1,46.65789534,56.80091607,1.700713784,53.5012385,173.0730877,0.284292226,0.087581931,3.596086349,0.147429582,-1.026579592
SDMT,141748,4,4.5,4.25,116,0.117601,0.002734156,0.138169547,3.749437949,8,1,56.75870041,69.09754832,44.01028263,59.40676179,176.3546432,0.714781235,0.518070941,0.969166888,0.669182136,-0.418906795
SDMT,141748,4.5,5,4.75,139,0.341716154,0.003555629,0.131811715,3.17635746,8,1,80.69348598,98.23554815,103.5292032,73.02252504,189.1824349,0.54381608,0.347105786,0.294620204,0.643705977,-0.30823788
SDMT,141748,5,5.5,5.25,142,0.399026676,0.004528669,0.135850328,3.134627074,8,1,86.55147227,105.3670097,111.8335192,78.33689552,200.4666617,0.495087765,0.298377471,0.238815728,0.594808358,-0.3448209
SDMT,141748,5.5,6,5.75,170,2.665927624,0.023958823,0.042049202,2.3431596,8,1,146.5575333,178.4178666,177.9106182,121.2789095,258.3467066,0.148380367,-0.048329927,-0.045482842,0.337705507,-0.41850407
SDMT,141748,6,6.5,6.25,174,2.775873242,0.024594587,0.053697667,2.319018527,8,1,148.9127369,181.285071,176.5005027,125.1208071,264.83686,0.155694823,-0.041015471,-0.014268425,0.329775572,-0.420058715
SDMT,141748,6.5,7,6.75,204,11.73103342,0.08189635,0.056202446,1.759692925,8,1,207.0003743,252.0004557,231.2988799,173.8289402,319.1434964,-0.014600608,-0.211310902,-0.125590733,0.16004828,-0.44752084
SDMT,141748,7,7.5,7.25,192,14.10387689,0.106006745,0.063601591,1.716223796,8,1,219.5460821,267.2734912,244.9873232,186.0267152,336.5131058,-0.13406678,-0.330777074,-0.243711095,0.031605079,-0.561141724
SDMT,141748,7.5,8,7.75,188,9.256456269,0.077157889,0.064394639,1.886326973,8,1,204.2737057,248.681033,225.0422942,173.7174304,327.3747573,-0.083018826,-0.27972912,-0.179846396,0.079011947,-0.554663599
SDMT,141748,8,8.5,8.25,200,6.996441094,0.051721924,0.07041829,1.956095764,8,1,190.479965,231.888653,204.4545684,164.236953,315.0907173,0.048770348,-0.147939946,-0.022028425,0.197007146,-0.454543222
SDMT,141748,8.5,9,8.75,186,6.671301931,0.051474729,0.075157286,1.983226597,8,1,190.6631101,232.1116123,202.5820382,165.7403651,319.5061714,-0.024761376,-0.22147167,-0.085398258,0.115324175,-0.541029916
SDMT,141748,9,9.5,9.25,200,6.397266817,0.049917897,0.079375842,1.999438822,8,1,190.2120465,231.5624914,199.9235767,166.8818175,322.6397939,0.050177882,-0.146532412,0.00038219,0.181031484,-0.478219145
SDMT,141748,9.5,10,9.75,184,6.026723296,0.046284747,0.076124371,2.019201797,8,1,188.6854896,229.7040743,195.3667852,166.8441335,323.6275071,-0.025145795,-0.221856089,-0.059942984,0.097875713,-0.564657427
SDMT,141748,10,10.5,10.25,213,8.835146777,0.066616582,0.089675908,1.877086744,8,1,206.6491588,251.572889,214.5559559,184.2464893,344.6114487,0.030269695,-0.166440599,-0.007278405,0.145017689,-0.481125381
SDMT,141748,10.5,11,10.75,204,10.10878574,0.075634103,0.0954381,1.827984696,8,1,214.0067296,260.5299316,221.5479294,192.3750428,354.9476256,-0.047887467,-0.244597761,-0.082518958,0.058673179,-0.553850251
SDMT,141748,11,11.5,11.25,208,11.25601372,0.093669546,0.100286257,1.819967836,8,1,223.6633105,272.2857693,231.9690929,201.4050495,369.470998,-0.072603763,-0.269314058,-0.109066063,0.032220028,-0.574534168
SDMT,141748,11.5,12,11.75,194,10.97810117,0.085150306,0.103204725,1.809684677,8,1,221.5072806,269.6610373,226.934848,201.521149,368.888543,-0.132597299,-0.329307594,-0.156804804,-0.038036175,-0.642636388
SDMT,141748,12,12.5,12.25,170,4.097391833,0.066426116,0.148696386,2.296834382,8,1,185.9835341,226.4147372,186.7055695,173.2872032,358.333307,-0.089859706,-0.286570001,-0.093734444,-0.019151915,-0.745665141
SDMT,141748,12.5,13,12.75,166,1.008490797,0.025406682,0.319116588,2.952863387,8,1,132.7202976,161.5725362,122.2383264,132.2151947,316.1674875,0.2237439,0.027033606,0.306015154,0.22755693,-0.644284309
SDMT,141748,13,13.5,13.25,172,1.043037656,0.029102622,0.344959961,2.963941464,8,1,135.5286853,164.991443,123.8517465,135.8089051,325.027762,0.238311159,0.041600865,0.328409219,0.236245689,-0.636416123
SDMT,141748,13.5,14,13.75,166,1.109263095,0.024894262,0.439115247,2.8897921,8,1,135.5008946,164.9576109,119.994481,136.6534329,321.6402951,0.203009546,0.006299251,0.324542038,0.194539754,-0.661446037
SDMT,141748,14,14.5,14.25,162,0.985441161,0.018903927,0.449830138,2.896781478,8,1,129.5578981,157.7226586,109.1268175,132.6199349,312.8772019,0.223468464,0.02675817,0.395085666,0.20010893,-0.658214452
SDMT,141748,14.5,15,14.75,187,1.08684658,0.021561599,0.497936622,2.868124352,8,1,133.9466766,163.0655193,112.7937292,137.2903397,321.2958039,0.333666832,0.136956538,0.505547872,0.309010666,-0.541253589
SDMT,141748,15,15.5,15.25,202,1.323806641,0.016250436,0.648655633,2.683131358,8,1,136.3672705,166.0123293,112.2510952,139.2534531,312.7779055,0.392915933,0.196205639,0.587529414,0.371972021,-0.437225674
SDMT,141748,15.5,16,15.75,256,6.044983537,0.059150601,0.056305313,2.072071033,8,1,204.3810933,248.8117657,191.363686,194.6481428,377.2281944,0.225191089,0.028480795,0.291001712,0.273983912,-0.38767285
SDMT,141748,16,16.5,16.25,265,5.326996694,0.081596927,0.040865551,2.226086741,8,1,209.2542736,254.7443331,198.209403,198.0216606,396.0909259,0.236179693,0.039469399,0.290405763,0.291353404,-0.40191397
SDMT,141748,16.5,17,16.75,294,6.784452443,0.062230883,0.027476022,2.009717726,8,1,210.647346,256.4402473,197.056379,202.1762289,386.0160962,0.333394378,0.136684084,0.400089892,0.37444003,-0.272299301
SDMT,141748,17,17.5,17.25,254,3.362783246,0.103496914,0.081509909,2.584197986,8,1,200.8284009,244.4867489,185.4839269,192.1872555,413.334533,0.23488345,0.038173156,0.314366036,0.278864081,-0.486923005
SDMT,141748,17.5,18,17.75,296,6.107243553,0.102387216,0.01115305,2.209925248,8,1,222.073357,270.3501737,207.0721413,210.9128748,417.5904066,0.28735169,0.090641396,0.357292213,0.338914322,-0.344141609
SDMT,92540,0,2.5,1.25,126,1.908164479,0.024438668,0,2.508254929,7,1,109.3116606,133.0750651,196.4150304,70.31854525,164.1352963,0.142078833,-0.054631461,-0.443948016,0.583246341,-0.264409158
SDMT,92540,2.5,3,2.75,60,0.841587004,0.011819208,0.023392247,2.886475915,7,1,102.441665,124.7115922,159.9507197,78.89054564,193.8392275,-0.534948952,-0.731659247,-0.980521204,-0.273716831,-1.172684529
SDMT,92540,3,3.5,3.25,84,0.273266269,0.008368921,0.067942595,3.469174845,7,1,77.36213801,94.1799941,113.7563605,68.30496333,191.750115,0.082319311,-0.114390983,-0.303242174,0.206834365,-0.825376241
SDMT,92540,3.5,4,3.75,78,0.949135704,0.003867424,0.027250886,2.641764971,7,1,102.8633419,125.2249379,134.5402719,79.58839434,181.1507779,-0.276692503,-0.473402797,-0.545154747,-0.020159456,-0.842620885
SDMT,92540,4,4.5,4.25,97,1.07581469,0.001006109,0.015619179,2.507805633,7,1,104.8199068,127.606843,127.0687156,74.95874495,156.9554298,-0.077532726,-0.274243019,-0.270017029,0.257773084,-0.4812509
SDMT,92540,4.5,5,4.75,81,0.792217119,0.001072022,0.052464392,2.599407424,7,1,97.12589462,118.2402195,114.0102595,74.71119607,163.080552,-0.181558865,-0.378269159,-0.341839285,0.080819193,-0.699795108
SDMT,92540,5,5.5,5.25,92,0.746308821,0.001339692,0.019968922,2.686192478,7,1,99.12869174,120.6784073,117.5741,77.44470758,171.8235597,-0.074630345,-0.271340639,-0.245280196,0.172224346,-0.624679558
SDMT,92540,5.5,6,5.75,90,1.079663886,0.009591145,0.010641338,2.728934003,7,1,117.9073119,143.5393363,147.6324456,98.68616867,227.8298555,-0.270089153,-0.466799448,-0.494916039,-0.092135131,-0.928789432
SDMT,92540,6,6.5,6.25,117,2.975731622,0.002775058,0.008460329,2.053546221,7,1,137.3701661,167.2332457,145.4477091,105.5358206,199.6895215,-0.16050529,-0.357215584,-0.2176427,0.103123508,-0.534589833
SDMT,92540,6.5,7,6.75,117,1.85455724,0.002137189,0.032257172,2.293409219,7,1,127.0203478,154.6334669,136.7247161,98.43229269,195.8973871,-0.082173358,-0.278883652,-0.155795598,0.172805007,-0.515417052
SDMT,92540,7,7.5,7.25,145,2.974263527,0.009246375,0.043958616,2.117814978,7,1,143.6659124,174.8976324,152.9196782,121.4255746,242.2606214,0.009243191,-0.187467103,-0.053179062,0.177432222,-0.513280352
SDMT,92540,7.5,8,7.75,161,4.303072456,0.00811921,0.046822174,1.927421291,7,1,154.1590771,187.67192,158.167297,129.055511,242.9186216,0.043419328,-0.153290967,0.01775105,0.221161735,-0.411322132
SDMT,92540,8,8.5,8.25,184,6.635343885,0.014019422,0.02936751,1.767547722,7,1,170.2869598,207.3058641,173.9710163,146.251558,265.8046134,0.077450745,-0.119259549,0.056047045,0.229607619,-0.367825745
SDMT,92540,8.5,9,8.75,164,13.11233624,0.095770236,0.04882031,1.732648082,7,1,220.3976671,268.3102034,238.7505997,192.3391645,348.0997161,-0.295567065,-0.492277359,-0.375553063,-0.159393868,-0.752622551
SDMT,92540,9,9.5,9.25,196,17.35424273,0.149854399,0.04065236,1.687103309,7,1,241.9270016,294.5198281,266.4175861,211.0792443,374.9634115,-0.210521375,-0.40723167,-0.306950291,-0.074118969,-0.648713793
SDMT,92540,9.5,10,9.75,186,14.89991221,0.157360582,0.028234261,1.796828925,7,1,242.8308259,295.6201358,265.6304914,210.3917536,381.9829106,-0.266618337,-0.463328631,-0.356359539,-0.123224612,-0.719629197
SDMT,92540,10,10.5,10.25,174,12.51028054,0.113234637,0.010636206,1.810367611,7,1,229.5807581,279.4896185,244.8124675,202.4295177,370.1681932,-0.277199556,-0.47390985,-0.341437179,-0.151336466,-0.754902179
SDMT,92540,10.5,11,10.75,155,10.69359974,0.07531792,0.016001511,1.794031335,7,1,215.2390744,262.0301776,222.9587237,193.8719215,354.9020482,-0.328324267,-0.525034562,-0.363561542,-0.223772626,-0.828416714
SDMT,92540,11,11.5,11.25,176,11.38443216,0.088697201,0.00835587,1.797746669,7,1,222.3275497,270.6596258,230.4017185,200.823098,366.8912097,-0.233667749,-0.430378043,-0.269340393,-0.131940416,-0.734581378
SDMT,92540,11.5,12,11.75,183,13.91771145,0.112758028,0.031586137,1.739317122,7,1,234.7588639,285.7933995,244.9978262,213.4426782,383.2768877,-0.249072723,-0.445783018,-0.291763185,-0.153882158,-0.73927152
SDMT,92540,12,12.5,12.25,195,7.603466643,0.064533073,0.028884462,1.963936803,7,1,207.5852919,252.7125293,208.0419075,188.9682751,358.6259908,-0.062542742,-0.259253036,-0.064739979,0.031420414,-0.609280479
SDMT,92540,12.5,13,12.75,170,7.421537308,0.050060108,0.015319177,1.910269476,7,1,201.5049057,245.31032,197.7958025,186.4450533,350.4470336,-0.17001529,-0.366725584,-0.151436761,-0.092338138,-0.723411141
SDMT,92540,13,13.5,13.25,186,14.08240733,0.107012324,0.072871617,1.719419398,7,1,236.841141,288.3283456,241.9068483,220.1096906,392.4645782,-0.241642952,-0.438353246,-0.262806054,-0.168379342,-0.746699613
SDMT,92540,13.5,14,13.75,190,11.20882261,0.121991659,0.099922082,1.889695996,7,1,236.8802484,288.3759546,239.8055918,217.5511443,402.2851073,-0.22053066,-0.417240955,-0.232804489,-0.135409897,-0.750136987
SDMT,92540,14,14.5,14.25,216,4.773766382,0.072156199,0.20375135,2.265840193,7,1,199.2737791,242.5941658,191.8275236,186.0222493,376.7631636,0.080598754,-0.11611154,0.118681754,0.149412121,-0.556338369
SDMT,92540,14.5,15,14.75,180,12.81162269,0.095452631,0.105829161,1.738424313,7,1,233.0310747,283.690004,232.3101384,221.5917691,397.0338925,-0.258214962,-0.454925256,-0.255116431,-0.20787996,-0.791064798
SDMT,92540,15,15.5,15.25,257,3.816261559,0.068607718,0.38773664,2.377203777,7,1,189.5881353,230.8029473,176.8592262,182.783205,380.1497602,0.304222075,0.10751178,0.373722001,0.340775306,-0.391489196
SDMT,92540,15.5,16,15.75,182,2.000310952,0.016506075,1.158473716,2.451030752,7,1,147.3681739,179.4047334,122.0741469,149.3066788,316.9486807,0.211072647,0.014362353,0.399378065,0.198004249,-0.554733183
SDMT,92540,16,16.5,16.25,151,2.375262145,0.042210878,0.940626091,2.559743374,7,1,167.104092,203.4310685,145.7565932,166.8948709,361.3988486,-0.101337087,-0.298047381,0.035341776,-0.100084262,-0.872702355
SDMT,92540,16.5,17,16.75,216,2.414101513,0.035846432,1.136528626,2.511072647,7,1,165.0651624,200.9488934,140.6646297,166.4275706,356.5675297,0.268938088,0.072227794,0.428899863,0.260718204,-0.501245238
SDMT,92540,17,17.5,17.25,151,2.5218,0.0237,1.2053,2.410841883,7,1,158.9546551,193.5100149,131.8614425,161.1834185,338.3625398,-0.051339137,-0.248049431,0.135528144,-0.065263125,-0.806838087
SDMT,183366,0,1,0.5,80,2.450003595,0.132019954,0.00430357,2.84313695,6,2,124.3152881,151.3403507,364.493786,69.03129324,171.5440295,-0.44079435,-0.637504644,-1.516482869,0.147466708,-0.762813331
SDMT,183366,1,1.5,1.25,90,1.19848374,0.096667133,0.00288483,3.199694864,6,2,117.6279868,143.1992883,272.9848147,79.25863367,208.9324346,-0.26771732,-0.464427614,-1.109606499,0.127093321,-0.84220125
SDMT,183366,1.5,2,1.75,72,0.985593113,0.080386787,0.011355093,3.267602202,6,2,115.8660033,141.0542648,244.254533,83.40511076,221.9730868,-0.47576826,-0.672478554,-1.221544731,-0.147043469,-1.125890025
SDMT,183366,2,2.5,2.25,224,0.993627555,0.036270256,0.005756448,3.022202437,6,2,111.6960712,135.9778259,197.0265002,83.85298369,213.3813258,0.695864519,0.499154224,0.128307813,0.982580981,0.048565225
SDMT,183366,2.5,3,2.75,151,2.020821517,0.028836134,0.002086035,2.543297019,6,2,129.360148,157.4819193,189.5172427,96.3732857,219.0847612,0.154679477,-0.042030817,-0.227200174,0.449050793,-0.372178856
SDMT,183366,3,3.5,3.25,219,1.58537582,0.035637608,0.004059093,2.758128598,6,2,129.2138597,157.3038293,194.412148,99.22697709,234.5238191,0.527602871,0.330892576,0.11909135,0.791661806,-0.068485427
SDMT,183366,3.5,4,3.75,359,1.041167405,0.019308603,0.01849457,2.862989653,6,2,115.0570772,140.0694853,164.212823,92.37392329,223.8646711,1.13789406,0.941183765,0.782159101,1.357477665,0.472280666
SDMT,183366,4,4.5,4.25,270,1.49012295,0.030781144,0.087328647,2.761127261,6,2,129.8862416,158.1223811,179.1396279,104.6916332,246.1714511,0.731762956,0.535052662,0.410256413,0.947402756,0.09239371
SDMT,183366,4.5,5,4.75,232,2.064660499,0.043208353,0.177879072,2.649329077,6,2,143.9427983,175.234711,190.41646,116.4054395,265.2566209,0.477321385,0.280611091,0.197523803,0.689658106,-0.133960366
SDMT,183366,5,5.5,5.25,186,1.355914755,0.02580282,0.334175182,2.779155508,6,2,127.2354176,154.895291,162.3569004,107.9409811,253.6377101,0.379707621,0.182997327,0.135949673,0.544162067,-0.310160237
SDMT,183366,5.5,6,5.75,169,0.778005735,0.022868997,0.087057392,3.076821586,6,2,113.8404686,138.5883965,144.8135696,101.1780996,254.4582497,0.395100645,0.198390351,0.154451527,0.513016389,-0.409238059
SDMT,183366,6,6.5,6.25,167,0.706386882,0.026693456,0.019527116,3.177076346,6,2,115.6089095,140.7412811,145.7433071,103.4413178,264.97425,0.367780787,0.171070493,0.136146909,0.478989338,-0.461638839
SDMT,183366,6.5,7,6.75,163,0.323852472,0.010881374,0.008355411,3.440395653,6,2,92.2029634,112.2470859,99.43781901,87.6741272,239.0528767,0.56975793,0.373047635,0.494217687,0.62012336,-0.382934568
SDMT,183366,7,7.5,7.25,206,0.692847375,0.019492684,0.013286414,3.11094474,6,2,114.6411167,139.5630986,131.6180556,104.731916,264.0630008,0.586069644,0.38935935,0.447971959,0.676472265,-0.248311545
SDMT,183366,7.5,8,7.75,158,0.89033442,0.022099243,0.02535229,2.979636616,6,2,122.6707325,149.3382831,135.0962638,111.7742499,273.4826692,0.253091239,0.056380944,0.156607444,0.346113822,-0.54864322
SDMT,183366,8,8.5,8.25,173,0.832222764,0.021119198,0.088116689,3.02239376,6,2,120.9338966,147.2238741,131.0497216,112.2112226,276.0728176,0.358047507,0.161337213,0.277714789,0.432908583,-0.467373068
SDMT,183366,8.5,9,8.75,159,0.542135906,0.007130742,0.148479487,3.047260158,6,2,102.4516587,124.7237585,99.04814465,97.99443524,242.5564206,0.439513137,0.242802842,0.473298161,0.483993508,-0.422330143
SDMT,183366,9,9.5,9.25,151,0.492957802,0.006967871,0.189601097,3.098230342,6,2,99.90378095,121.6219942,91.75385491,97.97887659,245.0812332,0.413072305,0.21636201,0.498170335,0.432527926,-0.484309883
SDMT,183366,9.5,10,9.75,151,0.478377766,0.007278677,0.228729469,3.123278372,6,2,99.32206067,120.913813,87.87300357,99.35398036,249.7255764,0.418912129,0.222201834,0.541387206,0.418590805,-0.503082784
SDMT,183366,10,10.5,10.25,155,0.436789077,0.004838247,0.259301905,3.100533902,6,2,94.78256782,115.3874739,76.60654178,96.12035063,239.6676797,0.491839608,0.295129314,0.704742642,0.477824058,-0.435828179
SDMT,183366,10.5,11,10.75,170,0.728598916,0.006740846,0.325036189,2.877950841,6,2,109.8914961,133.7809518,93.92436694,107.7755266,254.2210441,0.436304957,0.239594663,0.593308586,0.45574783,-0.402405704
SDMT,183366,11,11.5,11.25,222,0.79780179,0.012734889,0.173094767,2.949769325,6,2,119.2552035,145.1802478,107.4943872,116.5777804,279.521816,0.621411618,0.424701323,0.725238748,0.644118689,-0.230402961
SDMT,183366,11.5,12,11.75,201,0.598130617,0.004485751,0.368826251,2.907606808,6,2,102.7397853,125.0745212,82.14560598,103.8102411,246.2396113,0.671105473,0.474395179,0.894811553,0.66074028,-0.203000183
SDMT,183366,12,12.5,12.25,236,0.721513175,0.006234989,0.423337733,2.855534495,6,2,109.6818518,133.5257326,90.38959765,110.8842403,260.0939318,0.766247886,0.569537592,0.959702614,0.755345028,-0.097211037
SDMT,183366,12.5,13,12.75,179,0.903471719,0.007245606,0.599421647,2.753202749,6,2,115.6924125,140.842937,96.41693352,117.2680834,268.3677232,0.436450753,0.239740458,0.618703961,0.422923181,-0.404972336
SDMT,183366,13,13.5,13.25,484,1.868840489,0.018592868,0.166079973,2.524327893,6,2,145.6459883,177.3081597,128.4526728,142.3143967,307.9629901,1.200905967,1.004195673,1.326524375,1.224046235,0.452105293
SDMT,183366,13.5,14,13.75,199,2.678092718,0.077577624,0.324506867,2.649452805,6,2,180.1549823,219.3191089,178.9843558,170.4960595,375.297736,0.099487332,-0.097222963,0.10600642,0.15459264,-0.634414849
SDMT,183366,14,14.5,14.25,239,1.434824959,0.01915938,0.630446694,2.679490624,6,2,139.5688074,169.9098525,121.7550265,140.1486367,314.2962434,0.537905829,0.341195535,0.674452505,0.533760002,-0.27387244
SDMT,183366,14.5,15,14.75,309,1.336046852,0.014985149,0.867042898,2.670814104,6,2,133.846609,162.943698,112.0352549,137.2253742,306.9205035,0.836646842,0.639936547,1.014527679,0.811716636,0.006752509
SDMT,183366,15,15.5,15.25,248,1.791001683,0.022945413,0.974460387,2.584525216,6,2,147.8900596,180.0400725,128.1364676,149.6735369,327.8577748,0.516959589,0.320249295,0.660332897,0.504972245,-0.279151155
SDMT,183366,15.5,16,15.75,220,1.531697743,0.014620613,0.979965581,2.582148913,6,2,138.294445,168.3584548,113.7973098,142.2374058,311.3744244,0.464242475,0.26753218,0.659208665,0.436130013,-0.347368579
SDMT,183366,16,16.5,16.25,220,1.604081243,0.013815888,1.002924525,2.542563562,6,2,139.5692757,169.9104226,113.309614,143.7587673,311.6515197,0.455066468,0.258356174,0.663503528,0.425490879,-0.348258093
SDMT,183366,16.5,17,16.75,291,1.215037634,0.007687754,0.883526927,2.595313323,6,2,126.7644234,154.3219067,95.62729582,132.6758091,290.4098411,0.830992837,0.634282543,1.112864967,0.78541464,0.002030097
SDMT,183366,17,17.5,17.25,229,1.717368684,0.051079658,0.689864738,2.810578774,6,2,161.1821455,196.2217424,140.5825284,164.5303059,375.209465,0.35118694,0.154476645,0.487927296,0.33062722,-0.49376244
SDMT,183366,17.5,18,17.75,281,2.097887447,0.038933003,1.002582248,2.612983942,6,2,162.852022,198.2546354,137.5081391,166.887574,365.3640635,0.545512721,0.348802428,0.714671561,0.521034293,-0.262539621
SDMT,183366,18,18.5,18.25,240,3.052300754,0.080932352,1.246314248,2.582402779,6,2,188.7503867,229.7830795,167.6053203,188.6277586,405.786835,0.240213486,0.043503192,0.359026992,0.240863382,-0.525189061
SDMT,183366,18.5,19,18.75,293,2.307502724,0.040257508,1.110836193,2.564537818,6,2,167.4355997,203.8346432,139.5020393,172.2675102,372.3429839,0.559573811,0.362863516,0.742093389,0.531124049,-0.23964282
SDMT,183366,19,19.5,19.25,307,1.520441029,0.015737726,0.912403899,2.606175061,6,2,143.0988113,174.2072486,107.5373661,151.1596861,330.7247358,0.763312368,0.566602073,1.049009369,0.708510946,-0.074438668
SDMT,183366,19.5,20,19.75,261,1.193855494,0.007177388,0.695755444,2.592945933,6,2,130.0860913,158.3656763,89.9080873,137.7553661,300.0408461,0.696323935,0.499613641,1.065732511,0.639041005,-0.139398212
SDMT,183366,20,20.5,20.25,235,1.253863251,0.007210831,0.789741767,2.56636395,6,2,131.2289357,159.7569651,90.31660424,139.7531882,302.2370086,0.582642115,0.385931822,0.956264192,0.519707589,-0.251625992
SDMT,183366,20.5,21,20.75,262,1.213173078,0.046830501,0.461595314,2.990272654,6,2,151.5316975,184.4733709,111.666083,163.5628643,387.7505776,0.547549676,0.350839382,0.852831487,0.471147096,-0.392017788
SDMT,183366,21,21.5,21.25,194,1.399897582,0.02616623,0.306167782,2.770577098,6,2,152.7325359,185.935261,111.8009657,160.151571,362.0482866,0.239169899,0.042459605,0.551137961,0.191737474,-0.623919432
SDMT,183366,21.5,22,21.75,280,1.35275741,0.014658722,0.421205804,2.663006463,6,2,144.4920864,175.9034095,102.2180011,152.8658548,337.6743359,0.661564863,0.464854568,1.007681805,0.605228832,-0.187292325
SDMT,183366,22,22.5,22.25,345,1.413368471,0.009595732,0.904802032,2.547143808,6,2,138.1176627,168.1432416,93.36769731,149.4590755,321.5244361,0.915438467,0.718728172,1.306998985,0.836521804,0.07047087
SDMT,183366,22.5,23,22.75,292,1.41725625,0.008877104,0.925181133,2.531808564,6,2,137.7464607,167.6913434,91.82308666,149.4759469,320.0883239,0.751339048,0.554628754,1.156890048,0.669618313,-0.091843168
SDMT,183366,23,23.5,23.25,163,1.929704725,0.044049486,0.796004461,2.711340796,6,2,169.338878,206.1516776,127.3574041,179.5720979,397.2716664,-0.038151702,-0.234861996,0.246752861,-0.096826586,-0.890870144
SDMT,183366,23.5,24,23.75,315,4.285907356,0.157730003,0.356817071,2.56050975,6,2,226.3602325,275.5689786,193.1298788,225.2636566,474.2491933,0.330444959,0.133734666,0.489209729,0.335301116,-0.409160269
