matched_depth,A07-P,A07-H,R09,Mc15,Mc18
29,-0.01352971,0.183167086,0.353200114,0.248479803,-0.392342154
29,0.055678207,0.252392418,0.362615259,0.347724535,-0.330286958
