matched_depth,A07-P,A07-H,R09,Mc15,Mc18
19,-0.160089995,0.03665435,-0.114035051,0.249402006,-0.388520236
19,-0.107710693,0.089007161,-0.012509184,0.300954627,-0.360256033
17,-0.200129266,-0.003431032,-0.196715481,0.25927098,-0.410711592
19,-0.135337228,0.061406613,-0.081315127,0.272913482,-0.353685544
